"transaction_id","project_id","transaction_isodate","transaction_year","transaction_value_code","transaction_currency","transaction_value"
"udWTBvuS5oTLoReRzfeBYm","906001218518","","2015","C","USD","1324310.0"
"k5jibsVFfgSE5wRgDcksKL","906001218518","","2015","D","USD","1324310.0"
"SmtJ8L6d9ucbsKL5tKssZj","906001218608","","2013","C","USD","2654771.0"
"be5M8oBKXEWL6YFYV3fcag","906001218608","","2013","D","USD","2654771.0"
"84SW9msw9rJBASq8ZvT3Lg","906001218488","","2015","C","USD","2639726.0"
"EEWGgzCLQzPakHbFQRGgu2","906001218488","","2015","D","USD","2639726.0"
"myZ3agU7omvKp3Cb8fCHWR","906001218576","","2014","C","USD","1908676.0"
"W4AfJCTF7Mx3ZNViifaUoS","906001218584","","2014","C","USD","3371630.0"
"Vc99arsWYXRNzgujMMm7KX","906001218594","","2014","C","USD","4100000.0"
"ADBp9YqVyjYFvsb6PKjQJW","906001218576","","2014","D","USD","1908676.0"
"RAbc6ZnvY4AvqRpBm8xHTT","906001218584","","2014","D","USD","3371630.0"
"tMDvicM5NCyovMiDaSiwMF","906001218594","","2014","D","USD","4100000.0"
"nh2wvLwaLWoye7DEReQEJS","906001192073","","1994","C","USD","4300000.0"
"kdsfn74foN384HwK4jm8HG","906001192377","","2014","C","USD","6319635.0"
"W79EhvTT2GKfNAfTfyjBDU","906001192389","","2014","C","USD","7339450.0"
"9EwxTdvZvqXHEnK2QbSjrn","906001192377","","2014","D","USD","6319635.0"
"CPGcfYYmkszHhL2ZYEmmRE","906001192389","","2014","D","USD","7339450.0"
"9Nf26N4iKz4K7zHtpFbkz5","906001192197","","2008","C","USD","30000000.0"
"HtsYEQH9KoJJVyNXNDHJVT","906001192197","","2008","D","USD","30000000.0"
"Tx3j7NFjxqUrRhhFaqQ2V3","906001192319","","2014","C","USD","1300000.0"
"AejCpmkdAzCTBSSdzyPje9","906001192097","","1997","C","USD","5000000.0"
"YboBz68Ht4jML4ti2rXJxY","906001192101","","1997","C","USD","15500000.0"
"P5e6dTXFCQTHJnALSYjnVo","906001192101","","1997","D","USD","16500000.0"
"QcA3QHiDd8C2Yzkunutbb8","906001218642","","2014","C","USD","5354545.0"
"MBd7a8Xr4adSEzry6y673Z","906001218642","","2014","D","USD","5354545.0"
"PG8Gtv4Ty4Xub4b6xxhvhd","906001192295","","2014","C","USD","1438000.0"
"9SaCHR7M38wDNVy73L72Lm","906001192295","","2014","D","USD","1438000.0"
"H63MuFcGBiAoTAaxLSCyjC","906001192077","","2014","C","USD","7315597.0"
"fUFSiMgercVgEh4h78LY9P","906001192077","","2014","D","USD","7315597.0"
"NCKp4HEboFDczReqiMzXtP","906001224022","","2013","C","USD","4629630.0"
"anfxNFk4UF3nNmZVBtEtDF","906001224022","","2013","D","USD","4629630.0"
"LBKKsgELWKZZvKCSYD9Y2X","906001218568","","2014","C","USD","6027397.0"
"3JorBHF5D77msG49RBxiMf","906001218574","","2014","C","USD","1626484.0"
"WfH3DQnuVZuhXDqUzcovm7","906001218574","","2014","D","USD","1626484.0"
"gAxQYxJAzk4XBDVC3SaZ9H","906001218568","","2014","D","USD","6027397.0"
"ZSho2fPZPzydkXThrJQMkk","906001192297","","2013","C","USD","1000000.0"
"gzkfgS6C5qwCPXEf5Aug7B","906001192297","","2013","D","USD","1000000.0"
"eA6E8ynWcpceHsyGqUpura","906001192345","","2014","C","USD","611364.0"
"u9oeuBK5LigT9kYTtL95Zf","906001192345","","2014","D","USD","611364.0"
"3WFfiGxipz56WRahowsuQP","906001192189","","2014","C","USD","996000.0"
"SMT6H8Cg3TuDi5PRhstbMd","906001192189","","2014","D","USD","996000.0"
"Z7DhPTVgxnziF2er4XRdn9","906001224000","","2013","C","USD","6440000.0"
"M9PqWNTVFfds6dXG4nVqEj","906001224000","","2013","D","USD","6440000.0"
"Xa3REBo68R9H38qRD4Atfd","906001192285","","2014","C","USD","975000.0"
"JLJNjmah8GwMVgVY6SVey3","906001192285","","2014","D","USD","975000.0"
"BrmuQY6YAUUe4nxAdJAkJV","906001218632","","2014","C","USD","3990909.0"
"unym4iE8UgxnB5afmbdQ6V","906001218632","","2014","D","USD","3990909.0"
"mGArbjvNbynoantAtXsgVn","906001218582","","2015","C","USD","2838792.0"
"ZSxzmieKJtHDyu74VCjm9H","906001218582","","2015","D","USD","2838792.0"
"7ZhkUDXyaH6gfp3NcCHJRo","906001192361","","2014","C","USD","960046.0"
"ZTWEK7w7RHavJDeuSfnSug","906001192361","","2014","D","USD","960046.0"
"CPzNJBTFXYJvd3U9vEJh37","906001224050","","2015","C","USD","4810000.0"
"BzwF69azM4wwJQqLJrcLjT","906001224050","","2015","D","USD","4810000.0"
"vkVyGKbmBKCFLVbUsPDb2A","906001218496","","2016","C","USD","1762557.0"
"RoxNJABdNtEazm8sUVBfrf","906001218496","","2016","D","USD","1762557.0"
"ri4MaVGRmMQ7v9ZkGWKLcG","906001192061","","1999","C","USD","714830.0"
"myG2RkA2wAKMUBW7ETSTA7","906001218534","","2014","C","USD","1000000.0"
"27h44rKApnSeQakgBZvrNf","906001218534","","2014","D","USD","1000000.0"
"kdp3ixkdKokYgLihRBVfkg","906001218554","","2015","C","USD","6052114.0"
"eoMD2ssyE85R7HX7Rief5H","906001218554","","2015","D","USD","6052114.0"
"pbjbLHkJo2GBcg4uTcXu3f","906001223964","","2013","C","USD","5100000.0"
"W6TWiCfvWZ3katKMHJStoi","906001223964","","2013","D","USD","5100000.0"
"d9NN9KjiseEDD7zcxK6UNX","906001192241","","2013","C","USD","970000.0"
"TrP2mRHPWS7ocTeVLnkvDF","906001192241","","2013","D","USD","970000.0"
"siPfPrLaKM93NnSSWYrFE9","906001218434","","2016","C","USD","1397260.0"
"FhqufChCHwWFq9zojUMtYF","906001218434","","2016","D","USD","1397260.0"
"v9xc67cXwaEwoTWSLcgdX3","906001218472","","2016","C","USD","12000000.0"
"3NHK27EwomRZXyJx6xorcF","906001218472","","2016","D","USD","12000000.0"
"LgpNQgXbhkecrTuTM3EWFH","906001218630","","2013","C","USD","1283636.0"
"kEkoxDauLnJQ3MSedLWHvV","906001224024","","2013","C","USD","7731481.0"
"wEUJUs3FbbgnRjnSzzZzyG","906001218630","","2013","D","USD","1283636.0"
"NKRbWiiyaPv8oXL9rzNsYV","906001224024","","2013","D","USD","7731481.0"
"s9mv4RxqkD76SeFBgJNVT2","906001218532","","2014","C","USD","1762557.0"
"3z45gFmcqpX2XLizVmq3J4","906001218532","","2014","D","USD","1762557.0"
"wCt7AA2zKDrRjWtbAtvxpn","906001218428","","2016","C","USD","1420000.0"
"LPEnHnBaHCmCn35M37yjUY","906001218438","","2016","C","USD","863242.0"
"Zk5AysYz5D9oLxQrFZD4ah","906001218428","","2016","D","USD","1420000.0"
"ganj4CnD2R2UKWUvV9wW6D","906001218438","","2016","D","USD","863200.0"
"mRVCN2kwzBMJmVfwK39iX3","906001218620","","2014","C","USD","7481944.0"
"zyHJKh94p5ZSVc2VHkWvdL","906001218620","","2014","D","USD","7481944.0"
"QgM6giqMJd3rcyzA3FkPdH","906001218094","","2005","C","USD","1000000.0"
"wwm8Z9uNFPGtf3NeJ3Lmo3","906001218474","","2016","C","USD","5000000.0"
"KaQARQXNCB5MPf4nSh9VkY","906001218474","","2016","D","USD","5000000.0"
"Md8QzzfVTFvHv6iXmvxwHe","906001192139","","2010","C","USD","650000.0"
"vaNxmAKZbNBKiXg9PeKwwT","906001192139","","2010","D","USD","650000.0"
"CnmC6ur3FSrjyigmxoJzWe","906001218440","","2015","C","USD","913240.0"
"caR4eKryZggAiMKTxHEWjg","906001218440","","2015","D","USD","913240.0"
"8UkCARvzXMFHUf7c8DwsY2","906001192079","","2014","C","USD","9174311.0"
"jZuYWNQLuNHiFCYQFDdoUM","906001192079","","2014","D","USD","9174311.0"
"528eo2uDMW8GkDsrz6UtfH","906001192099","","2011","C","USD","6289030.0"
"suZxEbiU9nrTptLnEQFnSg","906001192099","","2011","D","USD","6289030.0"
"fHmcnooMYXGoxyKE4uSYqg","906001192087","","2014","C","USD","917431.0"
"s7mSETA6Uqf8uCLpPNPSLH","906001192087","","2014","D","USD","917431.0"
"eB9wyGiwS6S4zKM4GWX9BU","906001218578","","2014","C","USD","5479452.0"
"GUrkcQHPQa555huMMgNyUJ","906001218578","","2014","D","USD","5479452.0"
"CcuVfbQ2N4hVzFBwSV2in6","906001218590","","2014","C","USD","4246000.0"
"grrm3h4Qj4aKg4K67bu8Zm","906001218590","","2014","D","USD","4246000.0"
"env5kEmJJ9MnPpUzsF2TKZ","906001218516","","2016","C","USD","4436210.0"
"YooxSnJFvU5jsE59CVzLYg","906001218516","","2016","D","USD","4436210.0"
"YEyKdGjoZSXkuxjMfyjZTi","906001218418","","2013","C","USD","3080000.0"
"sMBKC2HXGRkTKCJdGkiJZk","906001218418","","2013","D","USD","3080000.0"
"cFBBi6AaCzA34ogxMv5zjk","906001218538","","2014","C","USD","979566.0"
"WEPTjPpNML6dhu6rWh4SHD","906001218538","","2014","D","USD","979566.0"
"An7kQGaTwFzKUR4iVTYh6D","906001192129","","2014","C","USD","700200.0"
"utmx6maE6zKyRL6XepVrSD","906001192129","","2014","D","USD","700200.0"
"WwNpUGhAkkZkNvd4LVSos5","906001192357","","2014","C","USD","660000.0"
"w44xAajgztdoK7oH6XdzZA","906001192357","","2014","D","USD","660000.0"
"BKmeJoyEScGWJUWQCWm5Ao","906001218464","","2015","C","USD","2191781.0"
"4DsU6CpXjw4jLimbqLENHC","906001218464","","2015","D","USD","2191781.0"
"3Nvi5rSGkn7Z63UAX8TeZa","906001218482","","2016","C","USD","963994.0"
"qcVjV327fi4xtW4AAqg9BN","906001218482","","2016","D","USD","963994.0"
"SbDCoFNAaVcjrvH7j3heu7","906001192343","","2014","C","USD","500000.0"
"4D8DtiQ5cMnDj9Qs3kHvod","906001192343","","2014","D","USD","500000.0"
"aj76irdh59qmhGNxrWKLeF","906001192351","","2014","C","USD","500000.0"
"BPhdgBgUGA7gw7C32u38mX","906001192351","","2014","D","USD","500000.0"
"UiaV2mg5jLUG4Zt8QEyUtY","906001218430","","2016","C","USD","7000000.0"
"rf4yEc7qNAAtbrK6TPfV6i","906001218430","","2016","D","USD","7000000.0"
"qT7aMasbMvpfxUhKWZd5b9","906001218502","","2015","C","USD","812785.0"
"zbhrfkzrkccF3jTZ4SYya6","906001223982","","2015","C","USD","1368550.0"
"NHnpWTW7yXsp6phwoHF9CJ","906001218502","","2015","D","USD","812785.0"
"KAdbTj4neauToANhbGff99","906001223982","","2015","D","USD","1368550.0"
"sUsccqDZMESGhFiLVppwUQ","906001218656","","2013","C","USD","4450472.0"
"23T7ZBdQfuyYYPJiXKxinZ","906001224028","","2013","C","USD","4500000.0"
"arKXm7iihqib4afgdooqiA","906001218656","","2013","D","USD","4450472.0"
"X3EZzKPztcWPz7SponJad9","906001224028","","2013","D","USD","4500000.0"
"WP6J9MxkaiyNWxY5j5breh","906001192379","","2003","C","USD","1000000.0"
"7DVY4bF6WR6XgjWvHauk9Y","906001192273","","2013","C","USD","980000.0"
"Dbn7GZvXJ3gJ4KAwSyaWFL","906001218564","","2013","C","USD","970000.0"
"sPY8AvD2EvjGTPTgYnsgLj","906001192273","","2013","D","USD","980000.0"
"XpkTJiYmVbBr7e6YK2v8D8","906001218564","","2013","D","USD","970000.0"
"ZDNjM4LXhJQpe5srz4DBWH","906001218636","","2014","C","USD","8000000.0"
"GL9Naf7T4JgT57NM46MMQm","906001218636","","2014","D","USD","8000000.0"
"PsyUyqFsxLkezh9Z97LCfL","906001218640","","2013","C","USD","5354545.0"
"k8BVDrSGmGgCNhzLhQvQK2","906001218640","","2013","D","USD","5354545.0"
"eFeFXM8XbxzdhciQUt9792","906001224018","","2014","C","USD","2647272.0"
"HboEKUAMhZXFZB4um2gRJP","906001224018","","2014","D","USD","2647272.0"
"rUq9KxrBmtmGqRUif67phg","906001218542","","2015","C","USD","1230365.0"
"BDTKCQioBeh2GKoCafYg3U","906001218542","","2015","D","USD","1230365.0"
"ot3Fz42TFE2L8YVNrGraY2","906001218562","","2013","C","USD","8000000.0"
"26pztPc3mJq67Fn4V5zh55","906001218562","","2013","D","USD","8000000.0"
"2Ycb3su7z8smQFc2mGJAu4","906001192349","","2014","C","USD","1000000.0"
"tRsSdozgEwmsXUWcy4yELX","906001192349","","2014","D","USD","1000000.0"
"RHeEzEf4C7ZFqCiqvLKASn","906001192223","","2014","C","USD","500000.0"
"LdNfAadjrpoiubQLhJEcbc","906001192369","","2014","C","USD","800000.0"
"y6JtkJrykGFNYHpJwyHff7","906001218588","","2014","C","USD","5390000.0"
"eRZZw6LwebVuAeKZNxjqS5","906001192223","","2014","D","USD","500000.0"
"xvjcU5U9L7kKMfkCGMxWbB","906001192369","","2014","D","USD","800000.0"
"fXxyEtuLJXBSYsh8KfLgXW","906001218588","","2014","D","USD","5390000.0"
"qtKuTW6AoX6CGZBWeeL2vb","906001192069","","2001","C","USD","804900.0"
"CXynTmS6J6Nvzo862GKEEH","906001192287","","2014","C","USD","910000.0"
"2ovsngCf6NoASvj7AT9TXn","906001192287","","2014","D","USD","910000.0"
"qHJBc9C7Kk3uGF3CWxLRrR","906001218420","","2016","C","USD","1017750.0"
"LXHkDLVuxDJK5ur8BCREE4","906001218420","","2016","D","USD","1017750.0"
"7ZiERYYVDAK7ik4hKu6eP9","906001218492","","2015","C","USD","2000000.0"
"8NpMyKqeFufTFyQt3Ri7jn","906001218492","","2015","D","USD","2000000.0"
"BPm4uk5LM2FBcJnyZvryeX","906001218570","","2016","C","USD","3046347.0"
"Jckyo5m2kviGBTHxNSW9GV","906001218570","","2016","D","USD","3046347.0"
"BEdzhfRCoqgsCUP2LnhXea","906001192091","","2013","C","USD","9696621.0"
"Be4B2dBFtgyGqNcFFrGnF6","906001218514","","2015","C","USD","2726908.0"
"J4sgGNQChWKc6tJdnGDrvM","906001218514","","2015","D","USD","2726908.0"
"X9Z4iUC6dRNpctAbm3xMDX","906001218446","","2016","C","USD","908904.0"
"8VTPncR3Qy4BHNdjQ6QyRW","906001218446","","2016","D","USD","908904.0"
"VV5taoY27ZV2AmXWRTcMMC","906001192391","","2009","C","USD","2932000.0"
"uYvqiJAtx2gA7JCpyRTBHR","906001218480","","2016","C","USD","2365964.0"
"YaPT6jXA2qSWyWMLg3RQsh","906001218480","","2016","D","USD","2365964.0"
"ff8cdVeDAcepBSUrFKA8tT","906001224048","","2011","C","USD","8181818.0"
"HR9gXBZ4VtBFuBgM5e6r5R","906001224048","","2011","D","USD","8181818.0"
"h4oxWoJcaVWNhsEEGRmiHL","906001192311","","2013","C","USD","770000.0"
"tptEi6ptVD9JaFDeHpjdHk","906001192311","","2013","D","USD","770000.0"
"bV5vFBr2nER29uyBBhg7X4","906001218566","","2013","C","USD","980000.0"
"esnE5UsqzF7dpvk4JEYstX","906001218566","","2013","D","USD","980000.0"
"eZxUtkLeGqSyrYY58wVCSL","906001223968","","2014","C","USD","8750000.0"
"LRqg4v3KHBwffhJpKNhhj3","906001223968","","2014","D","USD","8750000.0"
"RvGDCXKjcKHHzS5Ett5ADU","906001218616","","2013","C","USD","5980554.0"
"EFgB5xkE45xLwNvXaYf5VQ","906001218616","","2013","D","USD","5980544.0"
"WkyhZYcXsmVDJzijy49pwQ","906001218340","","2013","C","USD","3636400.0"
"z595TLtbbSKHNSSVy2bFD9","906001218340","","2013","D","USD","3516400.0"
"t85dLvDGxia4rwhnffA9L3","906001218550","","2015","C","USD","4620000.0"
"PXjQFpx6dE6pXuSxs3fYzH","906001218552","","2015","C","USD","2626690.0"
"TXFQoJkAKiqddBUefDXcfW","906001218550","","2015","D","USD","4620000.0"
"qTT4ZNzbukt3EiyYrFCyb2","906001218552","","2015","D","USD","2626690.0"
"4gJcDgNdgSUAxpr2vrvo82","906001218558","","2015","C","USD","1922813.0"
"arnJ7KNvqAVCuX5J2nhjML","906001218558","","2015","D","USD","1922813.0"
"qD9naJASohFRvgPnQbWiie","906001218436","","2016","C","USD","1000000.0"
"CXcTKV6NojWs9TScKJfMk8","906001218486","","2016","C","USD","4699684.0"
"pCHd7UtRnEUvPD42CmMDe7","906001218512","","2016","C","USD","2889434.0"
"5enuxVCHfGQQ2fm9fwtqcg","906001218436","","2016","D","USD","1000000.0"
"dvb2ZRrwHKTo9Z8iuY9KKV","906001218486","","2016","D","USD","4699684.0"
"sYjHEMdWu5ne4kYXPLUoUh","906001218512","","2016","D","USD","2889434.0"
"Ti79tEbFHXDdobT5icXUDF","906001218634","","2013","C","USD","2634771.0"
"k99JqURT7vty6wJYotFLon","906001218634","","2013","D","USD","2634771.0"
"ZKd435Et9yZvjkCNiptkX6","906001218520","","2016","C","USD","3360731.0"
"x2vm4D3SH4fTPzPjGMyUMX","906001218520","","2016","D","USD","3360731.0"
"N24W3tvPYk6djJ28TzPrZk","906001192289","","2013","C","USD","900000.0"
"Yv4TqP3LrPQQVESobwR5tE","906001218506","","2013","C","USD","1970000.0"
"rJemegcYKLWSETJwhxaeqG","906001192289","","2013","D","USD","900000.0"
"fjkpRZQXtStyFeHVvfwbFk","906001218506","","2013","D","USD","1970000.0"
"pYtjPmQYbYczVdmnAbPBtg","906001223974","","2013","C","USD","4518518.0"
"XjjdUPHmQ2VWtPnMCePSmE","906001223974","","2013","D","USD","4518518.0"
"FzuPkRXa5FS6wHyBLs8KKZ","906001218602","","2013","C","USD","2654771.0"
"3JZPmsG9PJ7RDjE2Sk2Xzb","906001218602","","2013","D","USD","2654771.0"
"wCodgRcgGiRF5HMVWsCjVU","906001192233","","2013","C","USD","10000000.0"
"RHrbHWkgW6EdL7MJ6saJgH","906001218626","","2013","C","USD","1621000.0"
"RrTN34HbfCAp8hpzY2gS6j","906001192233","","2013","D","USD","10000000.0"
"uPKQcyLVuckh4mjS47dJoe","906001218626","","2013","D","USD","1621000.0"
"4wPkabWJ2Y9b88Up6TS23R","906001192125","","2014","C","USD","2727273.0"
"4xkynNqaFoJwcHLnL85igJ","906001218580","","2014","C","USD","5525114.0"
"UiDqkCyzTbkHc5prrRUr6m","906001192125","","2014","D","USD","2739726.0"
"m8VpPMCuxjFxeAa4gGArN2","906001218580","","2014","D","USD","5525114.0"
"cjN8TBwvymsjVgW4BrvwEh","906001218466","","2016","C","USD","1900000.0"
"8kiPLwBRt6kxPKQmVrPnJJ","906001218466","","2016","D","USD","1900000.0"
"G8ZnrchmzdWDuB2iAUqnAD","906001218612","","2014","C","USD","6265000.0"
"JT6DYDXh2uLyzTzBRrcMnB","906001218612","","2014","D","USD","6265000.0"
"aMWSsvpiZiASa9onhp5iZ2","906001218460","","2015","C","USD","1826000.0"
"7QdripXcwFjgRVwXqarLY7","906001218460","","2015","D","USD","1826000.0"
"v46ETMkxm4QhDPnChQWtMf","906001218522","","2015","C","USD","3664640.0"
"kGMAhg5aR9rrKik5UQ45sX","906001218522","","2015","D","USD","3664640.0"
"AJtQGVqQ95dGHQ7hpde4JZ","906001192199","","2007","C","USD","1600000.0"
"66yYYJW2q4aDsfjjN687t2","906001192199","","2007","D","USD","1600000.0"
"3k5567daKH2cDwUTcK35MK","906001218670","","2013","C","USD","11636363.0"
"2rs7yuLgJdMYgjUUSspjZe","906001218670","","2013","D","USD","11636363.0"
"tgqreErWw7xRUfjnsFWVFW","906001218544","","2015","C","USD","1315525.0"
"hCzWwcJE3brKQFMaJGPkDh","906001218544","","2015","D","USD","1315525.0"
"sGfR7ARiPSawyhCWbrFDXE","906001192313","","2014","C","USD","990000.0"
"Nn9kCJYAA9cHzJUkrp9Yzf","906001192313","","2014","D","USD","990000.0"
"fBeVcRTiFtEJroXPpZU6i2","906001223994","","2013","C","USD","1000000.0"
"bogcSNsSwmikz3MY7pVigF","906001223994","","2013","D","USD","1000000.0"
"hRdKtdXXWCNF6VCiYZQ9MC","906001192375","","2014","C","USD","3224400.0"
"LddK2imXwxHPJ5cQzxaLsd","906001192375","","2014","D","USD","3224400.0"
"pKDZx8YpnfUKfc3f8GGh6E","906001218614","","2015","C","USD","2657534.0"
"dcawpxG4FrrJeL5eoEeGPR","906001218614","","2015","D","USD","2657534.0"
"gf39owvUyVBWwkPuVRzDbd","906001218402","","2013","C","USD","5800000.0"
"2x7MpkzXu4Y7XXFxEqv9rm","906001218402","","2013","D","USD","5800000.0"
"i8cDrChdFrPvqFFWnHRA2Y","906001218546","","2015","C","USD","2304429.0"
"vmGuwa9PF6qHyxzszzSeLb","906001218546","","2015","D","USD","2304429.0"
"vtgBrupXuaQ9wHTA5JC4J2","906001192153","","2014","C","USD","6301370.0"
"25TuKYZBe8DAymmKvDBwG6","906001192153","","2014","D","USD","6301370.0"
"Pc4LaFJH9PMFhHZd7WhSr5","906001192367","","2014","C","USD","525000.0"
"8zM2u6U5VpBTCjfFMdkT9i","906001192367","","2014","D","USD","525000.0"
"VxTPuEXxtBvpJ4e6DW2nTj","906001218666","","2013","C","USD","3544679.0"
"xumCGKrpXumUXPcUf6TvqX","906001218666","","2013","D","USD","3544679.0"
"8P4m9uF3MgzjuwHAvcxTeC","906001218628","","2014","C","USD","3705873.0"
"nuxRVYQXijJ3MgGJVJA593","906001218628","","2014","D","USD","3705873.0"
"WpiT9W3ACQEYRo27P47hAX","906001218500","","2015","C","USD","930137.0"
"eXuJ64X6brNdd9m4VaRqz9","906001218548","","2015","C","USD","958904.0"
"JRaK8xZ48dgALynrW4EMLj","906001218500","","2015","D","USD","930137.0"
"wXVDpsJ2GrMwSTfykK3cK7","906001218548","","2015","D","USD","958904.0"
"vz5duGyxGqodprbZydZSjm","906001218458","","2015","C","USD","1900000.0"
"J5C8oRAbuV3HmVo4yDrYWD","906001218458","","2015","D","USD","1900000.0"
"xCVKGrHqSPQEC7jvg9PKSn","906001192271","","2013","C","USD","550000.0"
"yYpHesvtAfBT94HJjyHLn2","906001192271","","2013","D","USD","550000.0"
"zfX6hzbsrAxa6P4yLGw2aR","906001218660","","2013","C","USD","4000000.0"
"qUuCNnmkBwAQVGYuEaPJ8V","906001218660","","2013","D","USD","4000000.0"
"fzbi9sz6XmYSaPgkESyY5d","906001192065","","2013","C","USD","16000000.0"
"9EhmspztpsRa7mjCbFRkjZ","906001192065","","2013","D","USD","16000000.0"
"cA7ELHoT4Qp6XpkAf8Vg2L","906001218444","","2015","C","USD","1751484.0"
"nVVpRoXuVES6bjsstJVSbS","906001218484","","2015","C","USD","1404000.0"
"PqfL58QRGDpZH3RkLStofN","906001218540","","2015","C","USD","1235845.0"
"5RECKQ8RJD3iwDjR9vDjnP","906001218444","","2015","D","USD","1751484.0"
"oBhKhZuPHfPunMPb5ELh54","906001218484","","2015","D","USD","1404000.0"
"nNF8rKEDrprkmgsQMBg8iD","906001218540","","2015","D","USD","1235845.0"
"oGFXsFukfqedzdnBQzhhcQ","906001218644","","2014","C","USD","3058788.0"
"49mukgxDPBG35ECxzRyLcB","906001218644","","2014","D","USD","4258788.0"
"PWSAnE23GXXhtLXijk4aQP","906001218508","","2015","C","USD","2182631.0"
"tUUjUvuyj3yerHrmHeSemj","906001218508","","2015","D","USD","2182631.0"
"sTBYq4vsFEhhFaj8sMEJNE","906001218650","","2013","C","USD","10172727.0"
"uY49bGRqx2yt9EdnxoFXQ3","906001218650","","2013","D","USD","10172727.0"
"RcqerJkJt634pTYHTad6Ce","906001218490","","2016","C","USD","2328767.0"
"ZwJtBwDGCP9igyUMyG3Zgk","906001218490","","2016","D","USD","2328767.0"
"E79qQ2n2eCCJa7bhdERQdD","906001192247","","2014","C","USD","759000.0"
"WTn2wKiebyjTXP4UVu5aoc","906001192247","","2014","D","USD","759000.0"
"5oUePJUaTG4AEvSbkq36Gc","906001192283","","2012","C","USD","7120000.0"
"CpagPmNXjvDbioUKpNRCj8","906001192283","","2012","D","USD","7120000.0"
"RAu3TN8wLRsr5sMNCcR3LJ","906001218454","","2015","C","USD","1909000.0"
"4onSgnZchrSdQUNfpuUY4N","906001218454","","2015","D","USD","1909000.0"
"GN2NP2UPK68Ncsb8BFsQZ8","906001218404","","2013","C","USD","2700000.0"
"FeiCLtUFfRXU2mCDaoTgcA","906001218404","","2013","D","USD","2700000.0"
"xH4ijKSjD6ctZSNstFGLph","906001218536","","2015","C","USD","3316455.0"
"t7JDX7u2XfYefPj85xyjFU","906001218536","","2015","D","USD","3316455.0"
"AwZR9QZRkqFVsz3zUMU5JB","906001218572","","2016","C","USD","4196575.0"
"vzaoDxJFZqWwVApWgYSTmX","906001218572","","2016","D","USD","4196575.0"
"Jk7zAnFJBpm7VqqMcXTFMF","906001224030","","2013","C","USD","8425926.0"
"C5KPsQ8xd6ewrY7SqhvQwS","906001224036","","2013","C","USD","12962963.0"
"3ktTJNDvkFJUbDndnNmtma","906001224030","","2013","D","USD","8425926.0"
"pBRqCiMxvydR9GHDEDriqG","906001224036","","2013","D","USD","12962963.0"
"ZPuD4bPPwiYfTaG4caP68G","906001192165","","2014","C","USD","5000000.0"
"DeCgDzcomSBXfN4KBYoFrN","906001218606","","2014","C","USD","4900000.0"
"zCUpNEqcuSzFWVhWgbyEjJ","906001192165","","2014","D","USD","5000000.0"
"XELKXZXKMGjT2FNH75Umff","906001218606","","2014","D","USD","4900000.0"
"en4Wtqbnx6iADZT8ovskDk","906001218652","","2013","C","USD","3180287.0"
"4A2xkcKDXB27uyFYfaqonF","906001218654","","2013","C","USD","6275000.0"
"JSZWX8YJR5KNmxUCrGKq93","906001218652","","2013","D","USD","3180287.0"
"cCcX2cbXCaqjZ9jkNbWxGc","906001218654","","2013","D","USD","6275000.0"
"L5JmPkEXvbDyYYADb2Cutc","906001218424","","2015","C","USD","968000.0"
"SVEkaD8uFTia5BRYoi8tmn","906001218448","","2015","C","USD","1804862.0"
"gZ7zQbk9o3PsoUqHJchjpW","906001218528","","2015","C","USD","2776900.0"
"cvbdgTsfLEuWWWMbeefU6Z","906001218424","","2015","D","USD","968000.0"
"jLQ7JYPaaa9sCSMYVmNn9E","906001218448","","2015","D","USD","1804862.0"
"9t6Gf8quG8EZp2Mqzhfdo7","906001218528","","2015","D","USD","2776900.0"
"3pEVzAgbkpuFTRnWWZipAc","906001218396","","2013","C","USD","2654771.0"
"LU3zzqqTy8g47V5vzqN4fK","906001218658","","2013","C","USD","1291500.0"
"3gaA7ioot7Kejr8pqgFH9Q","906001218396","","2013","D","USD","2654771.0"
"ceaWokstwMft2fE4nQZDtB","906001218658","","2013","D","USD","1291500.0"
"4NNf6hzDqi5p2emVfLT27f","906001218452","","2016","C","USD","900000.0"
"Aaspxrti9UcAsduwefrx4f","906001218452","","2016","D","USD","900000.0"
"qB9nGXveWh85n35cn2ZsAY","906001218422","","2016","C","USD","1376147.0"
"sEcxmv3zSYyGq6tdKHJo62","906001218470","","2016","C","USD","9800000.0"
"zSDGvsVG7kETRuvNTFoMi8","906001218556","","2016","C","USD","1716895.0"
"9SQ3nQkmoRsRmesWToTmh2","906001218422","","2016","D","USD","1376147.0"
"gegExQSE9MwNevHJue39zZ","906001218556","","2016","D","USD","1716895.0"
"7936F3FdUCSNXrWtxSh2iS","906001218470","","2016","D","USD","9800000.0"
"4GqetHaXHGPm4RZ3qaqPKH","906001224034","","2010","C","USD","1000000.0"
"pM92XxE7CnRPqncY9GTDrR","906001224034","","2010","D","USD","1000000.0"
"2oqAjpPwWd4BzKBk5WogC4","906001218524","","2014","C","USD","1758904.0"
"A85TzJJe7rr8i2TTCDRoN4","906001218524","","2014","D","USD","1758904.0"
"rJhARczw8nYcibdDVUsC6H","906001218624","","2013","C","USD","4953000.0"
"xscKiDxeJE6QMELTV3bZj3","906001218624","","2013","D","USD","4953000.0"
"5kQjq6dmQo4RX7EPvvNETK","906001192169","","2003","C","USD","4820000.0"
"Wsuskh7uxoPSeo7BEcZtER","906001192169","","2003","D","USD","5170000.0"
"9KtaSmnEEbmqu8C2jpvzNH","906001223988","","2013","C","USD","5555556.0"
"gHQ8wHNKTTEReKQSpkkTwT","906001223988","","2013","D","USD","5555556.0"
"CeP4M2kd3WtKHmFu9otViQ","906001218610","","2013","C","USD","3544679.0"
"yDnJjHq4F5wBdSiVDMMg8d","906001218610","","2013","D","USD","3544679.0"
"GQNnZPZPUJGARTTLWGdfd2","906001192371","","2001","C","USD","975000.0"
"W2wGfT6diPawkymCGCnRY4","906001218468","","2016","C","USD","2283105.0"
"CXhbqBLT5kcg58w6ZXynHo","906001218468","","2016","D","USD","2283105.0"
"LYjgUsBSBxKUwuWvMdnaDM","906001218494","","2015","C","USD","878000.0"
"FAbXhNZL3FeLMbdXeURrRH","906001218494","","2015","D","USD","878000.0"
"gbgpcBrYUrKLtnX7PNxRqD","906001218604","","2015","C","USD","9000000.0"
"spXBSiNw8NDZgsF6LQmQJD","906001218604","","2015","D","USD","9000000.0"
"o3xSTgcZrV6r4FUNghJKrk","906001218618","","2014","C","USD","8550000.0"
"eaChpxrdThk2FuWfR5NSyD","906001218618","","2014","D","USD","8550000.0"
"qq5bwmHthj4SXqHVZHZUgW","906001192331","","2006","C","USD","5000000.0"
"8Fwfi3jp9H7YLEt2ZYDVoU","906001192331","","2006","D","USD","5000000.0"
"R6oUCKfRSSNQBEzXaGKGQ2","906001192339","","2002","C","USD","4500000.0"
"wM2XV5Mv73mn2HnA5NUxBg","906001192339","","2002","D","USD","4500000.0"
"etZCb4THTnF5mTYFKYperU","906001218498","","2013","C","USD","913265.0"
"MzfTYaTVNG8FYAJU7jiDKD","906001218596","","2013","C","USD","2690455.0"
"HYnwNaTQPves7CUcTPFhoM","906001218498","","2013","D","USD","913265.0"
"bQgMTMbtgXgJQzaarvKtNd","906001218596","","2013","D","USD","2690455.0"
"goB34qZbVFrypZNSbnvf2F","906001218648","","2014","C","USD","3870000.0"
"wVtCXzX46CnBgfPXXsC75f","906001218648","","2014","D","USD","3870000.0"
"LBR5vcTT5Jtyx8b932PvVK","906001218442","","2014","C","USD","803653.0"
"dfL2dmrFAWsurRGxEexGVZ","906001192117","","2014","C","USD","26670000.0"
"4aJMPmCG76DCWp4XuB59Vm","906001218442","","2014","D","USD","803653.0"
"4njhqLUFy5qUtJS8HYPBW6","906001192117","","2014","D","USD","31505960.0"
"6rXcpATJCew3FoYHH9U95d","906001218476","","2015","C","USD","1758904.0"
"h2idBYxVjyUEXJ7WEWptbH","906001218476","","2015","D","USD","1758904.0"
"SnVhuR3vn4jv4MjeQBW5dg","906001218510","","2014","C","USD","9589000.0"
"esJweuPMdpNqFYshAFXp2Z","906001218510","","2014","D","USD","9589000.0"
"KWF5HMB7FMx5GFCeFHUdV4","906001218664","","2014","C","USD","5289000.0"
"e22LYo7SBVgokjx8XVGbL8","906001218664","","2014","D","USD","5289000.0"
"fRgobMfkJmBT59vmcSDdg5","906001218432","","2015","C","USD","995000.0"
"VgHQTDHRwUucfgLpZtyLUD","906001218432","","2015","D","USD","995000.0"
"RJCXTCj6DvXnyFBRkyoM7C","906001192269","","2014","C","USD","6085600.0"
"3MFAsCLXwtVrZ5RkaCCLY3","906001192269","","2014","D","USD","6085600.0"
"mvMEwfAw88SK2AAFNz7G6k","906001218406","","2013","C","USD","1309091.0"
"sKqa3Wb6ngciVV4zP6psZM","906001218406","","2013","D","USD","1309091.0"
"s63bGkozUuzqCnXf9iKhtN","906001218526","","2016","C","USD","5329452.0"
"jpCqDYWdGgW4W3VPa4FcPB","906001218526","","2016","D","USD","5329452.0"
"QGtn6hWENBLHqS8nmig9m5","906001192373","","2014","C","USD","10400000.0"
"DzeJUeZozaU8BzPDyHvzfP","906001192373","","2014","D","USD","10400000.0"
"g5mc9WAkjitfUwWp5htSJC","906001218668","","2015","C","USD","3000000.0"
"jgng3CsrHtCuzk4fPm92NW","906001218668","","2015","D","USD","3000000.0"
"WjJGqENHu9ubd9vUmCrtMK","906001218592","","2014","C","USD","8177730.0"
"5yKerviVuGYRcsjjE666c3","906001218592","","2014","D","USD","8177730.0"
"6HyEbAxB6RgKA6e3xa48AK","906001218450","","2015","C","USD","1940000.0"
"4PDrPtgFjJkAJd5AHesYRf","906001218450","","2015","D","USD","1940000.0"
"GZ64w4pDZ8eHJgsqftnCjX","906001218190","","2008","C","USD","1000000.0"
"zDRXxF7X5uWL9YupCbUvdQ","906001218600","","2014","C","USD","5850000.0"
"p2dQNDSNjvvnuTsLHN6woF","906001218600","","2014","D","USD","5850000.0"
"an4DZzRg3t6V26vjDRv489","906001192347","","2014","C","USD","500000.0"
"yjCGCm22xBGfW2HQ2YZvin","906001192355","","2014","C","USD","980000.0"
"wApJgbuDysdgbJBBJtUWra","906001192365","","2014","C","USD","850000.0"
"pk4vRc2bzTxCz6q6tLuHzk","906001218598","","2014","C","USD","4902272.0"
"yWRGoZwz4FJfMjPFdqPE8M","906001192347","","2014","D","USD","500000.0"
"jQmJzDSHzENYPHBa7ns8wN","906001192355","","2014","D","USD","980000.0"
"gpfFGuRsKwC52XQah8KWfM","906001192365","","2014","D","USD","850000.0"
"yEssCZGFQibA4pnD88TAyW","906001218598","","2014","D","USD","5884018.0"
"LH3FgXy79Tv6EcPB8ygPnP","906001218530","","2015","C","USD","883242.0"
"pGqsGRdY7xhnzTL8MvGTfg","906001218530","","2015","D","USD","883242.0"
"9tGEoRkNz44DHyyUAtmcsc","906001192251","","2010","C","USD","6340000.0"
"5xkXgc3Zb8StMq8d7eXxJa","906001224026","","2013","C","USD","6018519.0"
"qcXqFGhfUsqWwUGQKASL49","906001224026","","2013","D","USD","6018519.0"
"H8pKYe8MjnVG9BLiLjgC7m","906001218462","","2015","C","USD","1707306.0"
"h9md79vRHGSBMXCvE4VpYo","906001218462","","2015","D","USD","1707306.0"
"mVprYzSt9REeSSYHt64ruU","906001218646","","2014","C","USD","2790000.0"
"VkvuroN459WzdPZ6PnTeAK","906001218646","","2014","D","USD","2790000.0"
"5qwCudj7jeysUhB5YExR8k","906001218586","","2015","C","USD","2574338.0"
"9RVFjn8Pe8KyyZnhhhWDZZ","906001218586","","2015","D","USD","2574338.0"
"oeD6944a5rN4gtbkZKqUFd","906001192259","","2014","C","USD","7000000.0"
"zycKWo8yBmK6FK3oGSy5AE","906001192259","","2014","D","USD","7000000.0"
"MUiKZMf7EtpRugWzJyUJRV","906001224008","","2015","C","USD","1099050.0"
"8UekNLQANsvp26tyhKrcsJ","906001224008","","2015","D","USD","1099050.0"
"YLehKocq4qmGEk6w24nCLF","906001218638","","2014","C","USD","1250000.0"
"EMT25RfxswyYrdMxkop2ff","906001218638","","2014","D","USD","1250000.0"
"5autZcgXPKJh6jWaLTYtu5","906001218662","","2013","C","USD","5354545.0"
"mroD9FqUyqcZfJRkXym7dV","906001218662","","2013","D","USD","5354545.0"
"ssmJwu5ut7ZnrWFSqTsEhA","906001218478","","2015","C","USD","1721500.0"
"2JBpCPFJCF8tSHVNimSTJk","906001218478","","2015","D","USD","1721500.0"
"cKrmewbbdrQ6R47pCe9zmK","906001152857","","2007","C","USD","6391697.13917"
"K8RqPH2FNswGnhLnaJuzyU","906001152859","","2010","C","USD","7124895.22213"
"jKZFBeVLFuRPsdQ6VXL934","906001152861","","2012","C","USD","5047445.99233"
"WBRbRNLsiDYy2sLV5LNywe","906001152869","","2009","C","USD","3032066.88538"
"cRzrwcw8vT8eSGkuSX9DCb","906001152871","","2011","C","USD","12826837.6912"
"9XfDSmCH6382Sk4atiHj7d","906001152879","","2011","C","USD","2990364.08485"
"md7chj4fM3hXETwdchfgwa","906001152881","","2005","C","USD","8347547.97441"
"2xSpGRVF2TzRV8LgCEMHBW","906001152887","","2011","C","USD","2936359.15146"
"ZoQyA3kzr9zrRFAnb33jEg","906001152889","","2007","C","USD","10755001.0755"
"QS3KGJihAyMTjYc7qcBrdJ","906001152891","","2006","C","USD","3503996.29329"
"XorcR545EdY7AqhGi4QiNj","906001152893","","2007","C","USD","5575355.99054"
"eAZrFchujsRpYcn65awcxE","906001152895","","2011","C","USD","4144055.25407"
"Xeu5nHHicjivUWMMjUqDTG","906001152897","","2010","C","USD","7491617.77033"
"kTuNa75y4ymSZrZ2qMwSu4","906001152901","","2005","C","USD","3553660.27008"
"tKuTzVUxCdggM8KgGPiYak","906001152905","","2011","C","USD","4134188.45585"
"Yjq7aE4C8oCJ8wQQKXnLhJ","906001152907","","2006","C","USD","202294.683192"
"7WRTUVgK7beAQfNL4cnKfJ","906001152909","","2010","C","USD","7191571.66806"
"An3uHmSsjH93RtGEBJmDr3","906001152911","","2008","C","USD","2048340.84392"
"ukNCCTsFd3sp9GhHwRhVNM","906001152913","","2010","C","USD","5029337.80386"
"3THbjehe8MM88cj4orouyC","906001152917","","2008","C","USD","3584596.47685"
"vvBcv5r8hGu9cybNXzyf9Q","906001152919","","2006","C","USD","6950075.29248"
"FRpL6gepu2N6UvBLSr8c3b","906001152921","","2008","C","USD","2560426.0549"
"RyaXy8zEdEV7UkvdhQV9fn","906001152923","","2010","C","USD","6752933.78039"
"dUxPnRTenUYXYp9de5gTvh","906001152927","","2010","C","USD","10190695.7251"
"95tAtrXUcA66RciQQsKStX","906001152931","","2011","C","USD","2632757.7701"
"SsHFaYgBBHJ95gXKZRTntf","906001152935","","2008","C","USD","3072511.26587"
"w8TaMrd68m6Z7LrYrWCjVS","906001152939","","2010","C","USD","4728776.19447"
"zkeKKyhHor56WgKeyS62s7","906001152945","","2011","C","USD","4341391.21855"
"PtMv94uDVHb5by5EX9Gpob","906001152951","","2007","C","USD","6668100.66681"
"hbU97G8MwTS8uExwLvKpLj","906001152953","","2011","C","USD","3034712.38283"
"kaWVwNF655GTev5JPCJRPb","906001152955","","2009","C","USD","6864602.60345"
"TKBYSbYLFN4UCNLybjZhwn","906001152977","","2007","C","USD","3226500.32265"
"L5SRyMGcWKeS2gKsMVXapU","906001152989","","2009","C","USD","3704095.6715"
"FMDxYjmpMMbYrfMJxqGGB5","906001152993","","2006","C","USD","8871771.11085"
"FNUQHVfG9wPte5imwWbqxV","906001152995","","2010","C","USD","4191114.83655"
"Su7tyxPWzX5LntGZyGhRec","906001152999","","2009","C","USD","3636748.86231"
"XYFUoZ4kfAMSpydospC5k4","906001153001","","2007","C","USD","7528500.75285"
"MjoJmHpxJVAMdPiEU73uWa","906001153007","","2009","C","USD","1926129.74918"
"qhoWg2GoePexyNtgEKhoSU","906001153011","","2010","C","USD","4557837.38474"
"W2e8RSpf3UqWs47xDJ8khf","906001153013","","2008","C","USD","9217533.79762"
"4b5RT6Heewz2K5ur6tFroi","906001153015","","2011","C","USD","4341391.21855"
"FJR3Zan94YyEouQQ8bb7og","906001153019","","2010","C","USD","10477787.0914"
"ZdV8a2EnLniUyMtKZdaExK","906001153021","","2009","C","USD","1893322.04466"
"3nHG2wY6eNhQpaq5TXqoRR","906001153025","","2011","C","USD","5821410.95215"
"Rfia6gCp4mFK2CyXyudXje","906001153027","","2010","C","USD","2171982.39732"
"UiiRqWzwwndVccGnGiZmMe","906001153029","","2009","C","USD","5926553.0744"
"tVqNtnj2NQRptkr5hqMUaR","906001153031","","2010","C","USD","8487007.54401"
"5eRm3HqDJVNCgDpCSdh7aA","906001153033","","2007","C","USD","6453000.6453"
"cLKyiREgM7rky3SijumQWk","906001153035","","2008","C","USD","4608766.89881"
"q6NHZZRSed9s5B4KYHbE7j","906001153037","","2010","C","USD","2116512.99246"
"Ek9DWiLMG4vpajVvKn6TgE","906001153039","","2006","C","USD","4633383.52832"
"khQeSxVZarEtQEHFVQCKjZ","906001153041","","2006","C","USD","11606625.7384"
"civsn6j3CYsJcx9MZgewgS","906001153043","","2007","C","USD","3931735.85717"
"8BHz7ZTpSg5Q3k3dSQJiMF","906001153045","","2007","C","USD","3914820.39148"
"f9sPzF9XgNJUHK8MdQ72n6","906001153047","","2011","C","USD","1946541.68722"
"oYfp2xaGLSAYAyEWdyLf7Z","906001153049","","2010","C","USD","2776853.52054"
"F5SckcnNuXwgLELx6Bj25R","906001153053","","2010","C","USD","1918199.91618"
"FtufBchR6vq2CtD3RVPG8d","906001153055","","2011","C","USD","2146028.61371"
"Cd69fm3NcD7dsmeiVYzbCJ","906001153057","","2011","C","USD","1840157.86877"
"WRQqGTQgvnsrLZ28AwDvFm","906001153059","","2009","C","USD","7196528.7332"
"wRk3UK9BsJB6eicZ3gTPPd","906001153061","","2009","C","USD","9207323.5263"
"pRPvojLHk3qhAec2AuPjfT","906001153063","","2010","C","USD","3951173.51215"
"AyGRWxwUbxHgMeyvaZBrgG","906001153067","","2011","C","USD","2332150.96201"
"ohV9zu3FKW9mTS3NVWwzmX","906001153069","","2004","C","USD","6103515.625"
"Pg6LQQmHXY4nLKGp8UuzNC","906001153077","","2010","C","USD","4526404.02347"
"48MdM7tyRckwNAPuC56EFQ","906001153079","","2006","C","USD","5136910.69153"
"bSK3YcrPbfNhB3GiHcJCm5","906001153083","","2010","C","USD","6038348.70075"
"2Y8sF8JhtWpTtM57jmYekY","906001153085","","2009","C","USD","7408191.343"
"d9sy5aCw9YtsYWhxg3iq6S","906001153087","","2009","C","USD","10583130.49"
"aFcCUsjUxSiaDiebdn53xR","906001153089","","2009","C","USD","3809926.9764"
"WBh2CuAx7riqj9vYzBSr8Z","906001153099","","2010","C","USD","4468776.19447"
"tNuPAempNdVTL5ZBVZFsad","906001153101","","2010","C","USD","2858340.31852"
"FM5wiTpeMmbzpzj9GJz8ab","906001153111","","2007","C","USD","7528500.75285"
"NN65eJSbq5mt4yuJFYyypN","906001153155","","2010","C","USD","7334450.96396"
"KNMcjFEfeufuCmDvoRGRAT","906001153159","","2008","C","USD","3584596.47685"
"mxSztcQsXomC27cnqMTJBb","906001153161","","2011","C","USD","5051800.69068"
"CDH3jSrEjzVm8cJqi8rAE3","906001153163","","2011","C","USD","4484459.7928"
"vP5XCAkoYy5pq94DywUCTZ","906001153173","","2011","C","USD","4933399.11199"
"7EVvo4fAqr8QTQMbJU5F9b","906001153175","","2011","C","USD","2664035.52047"
"aeNwnfsncJztJsxNYz8fWH","906001153177","","2009","C","USD","4233252.196"
"x8fCxmxoaCgtEbGQB6haq2","906001153183","","2009","C","USD","3259604.19092"
"bUudMNCAmR499SfFnsigJ4","906001153185","","2010","C","USD","6286672.25482"
"nk5tQPRwMSVnWXJfgVCc6H","906001153187","","2010","C","USD","6667749.37133"
"UGfXNeG8DK7zGxRNACQSRL","906001153189","","2009","C","USD","2133805.69372"
"MvswAj6hChiCbADNKHvZBV","906001153195","","2010","C","USD","2667072.50629"
"uVkw6jnBc5UNnTWf3Gv76m","906001153199","","2012","C","USD","4439882.89925"
"P6uHrxbPN2ZXzhWnF85nJ4","906001153201","","2014","C","USD","2884848.0"
"XMbwbFFS7JEtEvBjYQrNjA","906001153205","","2010","C","USD","6286672.25482"
"BKBhFdVqnTKcMBVMzdhTQB","906001153213","","2010","C","USD","7250539.60604"
"F42uFiZnncTAZcZEtYLBmD","906001153215","","2012","C","USD","2771047.84979"
"3if2uC6xzYLhy5oKF4KgNC","906001153217","","2009","C","USD","5287612.44576"
"HERtY9ACYnxw7hGAswg9uR","906001153219","","2007","C","USD","5377500.53775"
"7oQ9Mzk2XKRK6HJ5PkkYAN","906001153223","","2011","C","USD","6906758.75678"
"4QajbcdQZX4bcMrRRMPSWC","906001153227","","2007","C","USD","7528500.75285"
"yfDoHTF7duxTUCuEsmkjL3","906001153237","","2009","C","USD","11641443.539"
"UUxGL48rwbbVQytoUWB4TQ","906001153243","","2004","C","USD","35400390.625"
"aVnwuWT8GQdwCyg2cLrXiG","906001153247","","2009","C","USD","7408191.343"
"JDTp7bjipYgWTmkV8huxmS","906001153251","","2006","C","USD","8108421.17456"
"mUfqZHTUMj3PHkoQB7begj","906001152857","","2007","D","USD","6391697.13917"
"opsa74DwSFA7SUJmEUSh8X","906001152859","","2010","D","USD","7124895.22213"
"yetwkVJVEhwoq5WDaML7dX","906001152861","","2012","D","USD","5047445.99233"
"Fsvft6gmfyaruxWC25v2v8","906001152869","","2009","D","USD","3032066.88538"
"ZNatm4iqcpawCZtGnnFpKG","906001152871","","2011","D","USD","12826837.6912"
"wPmBDQVYGY6s7RpYRWGSMG","906001152879","","2011","D","USD","2990364.08485"
"u4nYHJFs5qui2co7eFDute","906001152881","","2005","D","USD","9180289.03104"
"kE2zrQsZGp5gwyWZnPFegZ","906001152887","","2011","D","USD","2936359.15146"
"RvDxm9yUcoCphhSX7HGHMB","906001152889","","2007","D","USD","10755001.0755"
"8fcL3Z8pQx7KAhgZEmovAj","906001152891","","2006","D","USD","3503996.29329"
"n8wzqWW5MxzWcLCK52KKJ8","906001152893","","2007","D","USD","5575355.99054"
"vM2qyodp99GL6hLPyaJwiL","906001152895","","2011","D","USD","4144055.25407"
"3wAESPL5ce8fHL8PDuLgtb","906001152897","","2010","D","USD","7491617.77033"
"ohukvTJs2WR6V9hEwfNcVK","906001152901","","2005","D","USD","3553660.27008"
"xvf4ooFrtakbtbXzvbfdZN","906001152905","","2011","D","USD","4134188.45585"
"djTbjJxTJ8EwXJN9jyvZf7","906001152907","","2006","D","USD","202294.683192"
"uF3HRJfiM9gTua47mrsXwa","906001152909","","2010","D","USD","7239198.44929"
"pRcKw5eCUyQUjmPPMqUzWL","906001152911","","2008","D","USD","2048340.84392"
"gV47C8EVEu2y78PJxqEuuX","906001152913","","2010","D","USD","5029337.80386"
"RuNVn7UhS98UvK2Jid4qjW","906001152917","","2008","D","USD","3584596.47685"
"n8apGwU48Rm9CFB5tkWgSJ","906001152919","","2006","D","USD","6950075.29248"
"o7hNzSAv564BehsbmrfNuj","906001152921","","2008","D","USD","2560426.0549"
"eNNnuBi7bRkPMZqTBXocvJ","906001152923","","2010","D","USD","6752933.78039"
"hxfPmmSgLaSd3d3HDDNLpV","906001152927","","2010","D","USD","10190695.7251"
"Z4mWKhVgbz4SPPiMjDhAZG","906001152931","","2011","D","USD","2632757.7701"
"5yNKUbxzLHZQUdiUnVKHFK","906001152935","","2008","D","USD","3072511.26587"
"FCFWmrqPntkusNSN7kJNiU","906001152939","","2010","D","USD","4504572.50629"
"RQn8JUHZN3ojijPNDYzQwB","906001152945","","2011","D","USD","4341391.21855"
"9q3yxw7chynHpESSQuGEp9","906001152951","","2007","D","USD","6668100.66681"
"QWAUvovSnufc5jyMjA7fNE","906001152953","","2011","D","USD","3034712.38283"
"VsF2B4pSUjTdn3QBcUcFCU","906001152955","","2009","D","USD","6721346.1742"
"9G2KaHxkjm4VTYJ3zXSNJg","906001152977","","2007","D","USD","3226500.32265"
"noPDymj3JGn2xRPb3yKpQK","906001152989","","2009","D","USD","3704095.6715"
"Mran6WbjN734AUQMdsx93P","906001152993","","2006","D","USD","8877562.84026"
"b54f4xAy5BXNdj3tgqEGoD","906001152995","","2010","D","USD","4191114.83655"
"kGnH6G44RcdN83kmq5uZ9K","906001152999","","2009","D","USD","3636748.86231"
"yQU4u4L2vhrEKWnEc52X44","906001153001","","2007","D","USD","7528500.75285"
"4YdmYuZ8xwxGUSKisb2N7m","906001153007","","2009","D","USD","1926129.74918"
"Dq8RaLm5duJgaLCuX9AR9H","906001153011","","2010","D","USD","4557837.38474"
"yThoGQxNFWC8RWaAdVx9J4","906001153013","","2008","D","USD","9217533.79762"
"Aj3ABrjLYwEjjCJyzb8g5f","906001153015","","2011","D","USD","4341391.21855"
"yA8J6f7g76ke9SZp8EviTN","906001153019","","2010","D","USD","10477787.0914"
"E4HchhJtw6pYQyrMRUTGf8","906001153021","","2009","D","USD","1825060.853"
"WeGCqvQDC8aLQSgKkHKbGS","906001153025","","2011","D","USD","5821410.95215"
"dUSAwaEKdN3s7eXaaFMzik","906001153027","","2010","D","USD","2171982.39732"
"oDXdwd7vdWVGui72dEvCdn","906001153029","","2009","D","USD","6138215.6842"
"uSi6jsNdJVq59gfJxsP3bg","906001153031","","2010","D","USD","8487007.54401"
"gduFYVgeXNBBrniKJEpyKH","906001153033","","2007","D","USD","6453000.6453"
"efuZyHDu6hZPt4oNvCF63g","906001153035","","2008","D","USD","4782875.87054"
"eE3Tq6dQAXgcoRCuLzzZyC","906001153037","","2010","D","USD","2116512.99246"
"DuytfjSVGhWo8ooY7XdxjX","906001153039","","2006","D","USD","4633383.52832"
"prUeL8JfJJ28suXUZsgyGP","906001153041","","2006","D","USD","11618209.1973"
"iBkkB9Rn5LREWwUxFGGj7W","906001153043","","2007","D","USD","3931735.85717"
"WYhE5BGCaNWqLQmhXopwt9","906001153045","","2007","D","USD","3914820.39148"
"3oZN28D77z7GSNGQmc2NW7","906001153047","","2011","D","USD","1946541.68722"
"xyApG3w2c2cRoReeoAnCBG","906001153049","","2010","D","USD","2755658.00503"
"WNX2JEWgsQxHwNCs75hg8A","906001153053","","2010","D","USD","1918199.91618"
"PsqHM7KcoYh62nUh7z8QCX","906001153055","","2011","D","USD","2146028.61371"
"hJgekE4Lx4UdevjrjCeyzb","906001153057","","2011","D","USD","1840157.86877"
"KzNLjaSg75g2GdcyjpCCNV","906001153059","","2009","D","USD","7408191.343"
"hAUu3gbsWw8mJ4pAE7PeW5","906001153061","","2009","D","USD","9207323.5263"
"FcsQ5irDwrrnw2vihrCteR","906001153063","","2010","D","USD","3914301.1316"
"uLZFNMpW4xCBuhbFaWT7RR","906001153067","","2011","D","USD","2332150.96201"
"o9QXKSnk7WdFhVqpKsGKNN","906001153069","","2004","D","USD","6103515.625"
"JgMgPP3RtchwMhSshkNcxD","906001153077","","2010","D","USD","4526404.02347"
"KwLq4Q9knnbGeFtZQ7Nqyj","906001153079","","2006","D","USD","5136910.69153"
"6DfsjQ8BXPq7RBYAL2tJf3","906001153083","","2010","D","USD","6038348.70075"
"NyFCSP9cMbzwxYXXUyEhDW","906001153085","","2009","D","USD","7926764.73701"
"DSXh5dWpDXGVpzhNtVygfN","906001153087","","2009","D","USD","7768017.77966"
"pHG4pKSP6UCeGXYR7enDJN","906001153089","","2009","D","USD","3809926.9764"
"d4RZzn7epzjFhNVh9Fe8YM","906001153099","","2010","D","USD","4468776.19447"
"M8JSYTRMaWiLdC3xG5Uu8o","906001153101","","2010","D","USD","2857769.27913"
"FB4TG4c8yqfvQ7qwxVffJB","906001153111","","2007","D","USD","7528500.75285"
"JpnB7w3vuQXmxqjsGLJa92","906001153155","","2010","D","USD","7334450.96396"
"pNHf83wP9NpxutQ5HWa6hX","906001153159","","2008","D","USD","3584596.47685"
"quaHxNWqgXfAqGVD4mqwoH","906001153161","","2011","D","USD","5051352.73804"
"yis7GJmR27J9LSAo9y3kAH","906001153163","","2011","D","USD","4484459.7928"
"dKBYfGBRXrGCtLPYFgdcD7","906001153173","","2011","D","USD","4933399.11199"
"mgkuzABGaCkYGmNAHvJnCT","906001153175","","2011","D","USD","2664035.52047"
"HrqMveR5B3aULc3D8DtGkY","906001153177","","2009","D","USD","4233252.196"
"umJuaR2Sfs4QVgeeu4SUKT","906001153183","","2009","D","USD","3259604.19092"
"qLFfPqHEV4sTEfDDiEZxPL","906001153185","","2010","D","USD","6286672.25482"
"xaT6HzVHA7UJLE22V8gSmU","906001153187","","2010","D","USD","6667749.37133"
"quebe6wXeoF7CkvorPZiQY","906001153189","","2009","D","USD","2133805.69372"
"JEi2YCQZGmECUKAmxNh5kg","906001153195","","2010","D","USD","2667072.50629"
"mdbzjQsVCfiGn3P7tXzVDJ","906001153199","","2012","D","USD","4439882.89925"
"PErxdKDs6wTecvyCR2grS4","906001153201","","2014","D","USD","2884848.0"
"Q2HCRQkkTBEVjQ2EjqVHRf","906001153205","","2010","D","USD","6285018.86002"
"c5GWxtBhCxqHt8HpAuYUqi","906001153213","","2010","D","USD","7250539.60604"
"tFroKZSdvmTNNCbg8HWhoD","906001153215","","2012","D","USD","2771047.84979"
"dT9Qv223Mz5XLDPNAxXzEa","906001153217","","2009","D","USD","5848518.36173"
"LsYrRo4iAx6z3nV2gR9DAA","906001153219","","2007","D","USD","5377500.53775"
"d43xGg6VueGYy8JSvy3FCV","906001153223","","2011","D","USD","7104094.72126"
"gMsLEgexkvoeCojFVZRDNR","906001153227","","2007","D","USD","7528500.75285"
"9eKsNTQ8QG3VFWSac9VNoh","906001153237","","2009","D","USD","11641443.539"
"3Xw97VgAkrMXGVYbMtFZq2","906001153243","","2004","D","USD","35400390.625"
"NejTHzKQXBCc949mxQJF6G","906001153247","","2009","D","USD","7408191.343"
"bcYTAV34HsG3XnuoiaRKzN","906001153251","","2006","D","USD","8108421.17456"
"zvuv656oakYtWZzPnvUfL6","906001152851","","2016","C","USD","2229405.86334"
"bDBuRQR22xQ7rGGg9M6dum","906001152853","","2015","C","USD","2037918.84963"
"Uk9N585ioodMWaLYD7pgt5","906001152855","","2015","C","USD","1924516.77628"
"LiEPi9wqswtKf6PURyJAhh","906001152865","","2011","C","USD","804144.055254"
"8rYyeku9RiTjN2PsPCmDri","906001152867","","2010","C","USD","958717.51886"
"jYogVxayCkPLkpZ4yrycXA","906001152873","","2014","C","USD","1045000.0"
"8pqCDQn3d6FrgkLDJLUB7b","906001152875","","2010","C","USD","953478.625314"
"BbDHyvLGdcuXo57ZnesvmW","906001152877","","2015","C","USD","2117935.57017"
"LSrVwHKExejRBtJjXcnmt3","906001152903","","2014","C","USD","1826484.0"
"MGLDqN9Kq5DRoTkjYXdoz9","906001152925","","2015","C","USD","860459.257608"
"fVjfYxL4Pa2ZkLjUQkZxF8","906001152929","","2005","C","USD","1158614.07249"
"pFytBQZJBtaeGbMQFG993L","906001152933","","2005","C","USD","855858.801232"
"mJdXQr74YDPdCo7ftexx9A","906001152937","","2007","C","USD","1021725.10217"
"KEGeecyRsojLeXgLSkPzHX","906001152941","","2015","C","USD","1498893.09999"
"Gk6UhRkPYQ4VyzTuNRzoZQ","906001152943","","2015","C","USD","970794.78319"
"5oJEaofQYEoV6ae7MQJzhD","906001152947","","2007","C","USD","1048612.60486"
"cBLqUXxFzHzokAuTyupm4P","906001152949","","2014","C","USD","2000000.0"
"GHxNDQwiicrw8PjBqadCKN","906001152957","","2016","C","USD","1447976.81418"
"unWPcuRJgfHKmfyXJr3EuV","906001152959","","2008","C","USD","1003687.01352"
"xRehDyE9PESiRYMgJSwPPQ","906001152961","","2015","C","USD","2117935.57017"
"kQtftMCbwkNiGiQmbsM3K9","906001152963","","2014","C","USD","1999601.0"
"XoWPbnVPWWn6Bh3b4i5cke","906001152979","","2005","C","USD","1154939.58778"
"nR8yhkeWbgGBGfHFhg3g5K","906001152981","","2007","C","USD","1022111.20671"
"MoFtZ2bSz6FGcejC2us4nj","906001152983","","2005","C","USD","1184553.42336"
"kNtmhpgpKLZDRVAeRsaRjE","906001152985","","2007","C","USD","1048612.60486"
"yUBoyKLCzm4H4Y8YcTDSx7","906001152987","","2008","C","USD","972961.90086"
"B2Jkb68drUuCDTxgw87YxY","906001152991","","2007","C","USD","26887.5026888"
"EJpVrUQLykd5yhp7kd3axn","906001152997","","2016","C","USD","814395.27366"
"dZHGRNvubTrDgZGfsuhb6W","906001153003","","2007","C","USD","1075500.10755"
"ajxYzTAbdDLMpg5vjijFoC","906001153017","","2005","C","USD","1119402.98507"
"5gikV7WsQHSHA8NdMuQDrD","906001153023","","2010","C","USD","953478.625314"
"qRetk3MXUPrMFssPqyFxoj","906001153051","","2015","C","USD","1806175.45424"
"mBX67dR8FruxL9mcHWhB8F","906001153073","","2015","C","USD","2095641.51154"
"sRg8Q5VoZCA4294C6UXEc8","906001153075","","2015","C","USD","2011815.85108"
"AbviUw97Eb6PyCd789f3JL","906001153091","","2009","C","USD","1047729.91851"
"6Qu7cHKuH4vdVitKULruxK","906001153095","","2009","C","USD","1058313.049"
"HnY38MmbVHtF3z4FqLKNXG","906001153151","","2011","C","USD","947212.629502"
"gmkCDaUR8Sr8LWRN6NexeX","906001153153","","2009","C","USD","1058313.049"
"wNqzfADQreVUTTZbYuyfrV","906001153157","","2008","C","USD","819336.337567"
"gWVQJUA8G9PHBwkNkK4zWP","906001153165","","2010","C","USD","685818.315172"
"keb3rAvPyLoHrh7qZtnNiR","906001153167","","2010","C","USD","699151.299246"
"mpyBsnhbkxhSzRZ7hL9ec6","906001153171","","2014","C","USD","2000000.0"
"zqAgk2eAzt7dnm6xRzhP53","906001153179","","2009","C","USD","965595.30109"
"YwJdy6dFvBSfDfLe9xUntj","906001153181","","2012","C","USD","1009489.19847"
"CsY2bAcwt3beRKNySm6Xzb","906001153191","","2005","C","USD","1154732.29093"
"Af3fHnLhnzrHVhtZWFEbi9","906001153193","","2011","C","USD","937345.831278"
"LaNz3Phn9ujVGFGZujJeAT","906001153197","","2004","C","USD","1127929.6875"
"gJ7XSiC2e8eGi8Zo2asPJV","906001153203","","2009","C","USD","1058313.049"
"gNeecwWJG2nLVyfwoaf2iT","906001153207","","2009","C","USD","317493.9147"
"AdZNAyjmhNmWpBoo3pzT8F","906001153209","","2014","C","USD","917431.0"
"zNuqTTwCumswYJYpihgkUM","906001153211","","2014","C","USD","1756880.0"
"6ivuC9HgziZeQEwn4aLMyN","906001153221","","2015","C","USD","1437814.06755"
"CU6H9rYWgYxbLCrbueGmiQ","906001153225","","2006","C","USD","738097.996062"
"ZQfN4oNN6RH6T9jLxSJ3sQ","906001153229","","2006","C","USD","594231.437507"
"wH8hNgb2D2VBfsxZRFMgBh","906001153231","","2015","C","USD","1934187.93891"
"qu56c5gR2DszkJfgxbfzJE","906001153233","","2014","C","USD","792832.0"
"ZmbYaWkAqpJ4LddeBH8THe","906001153235","","2007","C","USD","1024467.62745"
"9WGf7mJvYZpyivgBRpvfcf","906001153239","","2015","C","USD","737536.506521"
"GcHGA7ym3pYCyNBYbepsYe","906001153245","","2016","C","USD","1029410.32215"
"SxbUqFqhe4Mf7nCyWCdxzg","906001153249","","2009","C","USD","1005397.39655"
"FkKqN5BV7tw6WCCEZBv7tX","906001153253","","2002","C","USD","1360544.21769"
"YRg2jjgTJtEvyyficWyKUe","906001152851","","2016","D","USD","2229405.86334"
"eY4SNoLCnVPiwsB3H5V5uk","906001152853","","2015","D","USD","2037918.84963"
"vbPXAkegV6ec7CVdgSTj53","906001152855","","2015","D","USD","1924516.77628"
"cJBiPsSdgVi3EUK8R3HFRG","906001152865","","2011","D","USD","804144.055254"
"hnCmyE5yELsBWUeAgTEmoL","906001152867","","2010","D","USD","958717.51886"
"gPy6XxstAsAtaT4cUEr5gn","906001152873","","2014","D","USD","1045000.0"
"N2kwPd7m2FfkQf3BTengPo","906001152875","","2010","D","USD","961264.668902"
"SuWLrbA5UoXyBdGWCfg2sK","906001152877","","2015","D","USD","2117935.57017"
"Y4gSZmG7RREb3VpqREhTGn","906001152903","","2014","D","USD","1826484.0"
"guSdf5XL5Zpqos4eaCEffi","906001152925","","2015","D","USD","860459.257608"
"7YTTz2Co4khhJVmcvneZdn","906001152937","","2007","D","USD","1021725.10217"
"LqPNRzSL4ULnxMciJpJ8Yf","906001152941","","2015","D","USD","1498893.09999"
"XkqdhqpHtom2HkHNjHBq4B","906001152943","","2015","D","USD","970794.78319"
"36rusujfgir8SKaqChokUY","906001152947","","2007","D","USD","1048612.60486"
"Ehp8wAB5HN9DeXfv7xuvCk","906001152949","","2014","D","USD","2000000.0"
"Xdzx5cGkJKY2XJtsa9ojF3","906001152957","","2016","D","USD","1447976.81418"
"pt4aq4MX9rMBnpFroDVDej","906001152961","","2015","D","USD","2117935.57017"
"kV3wYXDuyXewubZ2xvRgFf","906001152963","","2014","D","USD","1999601.0"
"QBfqTRLLZFv9Q3QAhjXrcD","906001152981","","2007","D","USD","1022111.20671"
"Uo7Wa9X6CoPADMxsMB2CvS","906001152985","","2007","D","USD","1048612.60486"
"AKapMKxuFoAg6bpQgxMKsY","906001152987","","2008","D","USD","972961.90086"
"inCXKwWYLZmbiafmAnwwuH","906001152997","","2016","D","USD","814395.27366"
"d6TJ6QPJ25i3Yc5JcsJSrm","906001153003","","2007","D","USD","1075500.10755"
"kD4RRv5CmUKs83GkSheHYV","906001153023","","2010","D","USD","951121.123219"
"CSyEoH4h8nx9CeeLxeRkFR","906001153051","","2015","D","USD","1806175.45424"
"avokEdPjbNmRaZy6SC7rP7","906001153073","","2015","D","USD","2095641.51154"
"HdZ3LmdnUTh3P6KLseV5G6","906001153075","","2015","D","USD","2011815.85108"
"soaRAMUYsrmh2qKpVSYeRL","906001153091","","2009","D","USD","1038640.06773"
"VrfD5DpkCaNFUeUa6rPuAK","906001153095","","2009","D","USD","1058313.049"
"jnnzryVqm3XZA6VhUhvbi2","906001153151","","2011","D","USD","946719.289591"
"me2skJsyUU4ysKaMyLMgr7","906001153153","","2009","D","USD","1058313.049"
"dpE8vjogKTBcBqHbkuL49A","906001153157","","2008","D","USD","819336.337567"
"2FJMHNgMWnCzQCG47fgbLF","906001153165","","2010","D","USD","685818.315172"
"qeEHYtBQ4FX8hPhG7Z6co4","906001153167","","2010","D","USD","699151.299246"
"fWJP2KnDh8jjjVzqE82QFN","906001153171","","2014","D","USD","2000000.0"
"heinXwxhiNnUkrWEC6f4vi","906001153179","","2009","D","USD","965595.30109"
"VXAaB4tv6TGPNSCgmDMEaf","906001153181","","2012","D","USD","1009489.19847"
"AodgRKMrwhxjxnezMvLCpb","906001153193","","2011","D","USD","937345.831278"
"r5hg8B9rBXyacqipFkRcTo","906001153203","","2009","D","USD","1058313.049"
"yYJo2Q78UTjcZwYemubHBm","906001153209","","2014","D","USD","917431.0"
"E8wdJG4LerDgRUMQRCPrgP","906001153211","","2014","D","USD","1756880.0"
"UuhvrQCPJHxvMDmQbg5Won","906001153221","","2015","D","USD","1437814.06755"
"J9FecgvLcn7MLmd6DqQ49X","906001153231","","2015","D","USD","1934187.93891"
"hWvvhG82ChAeKRHbAgN6kj","906001153233","","2014","D","USD","792832.0"
"mcz3bcoLaqCDN3QVgS9Jc7","906001153239","","2015","D","USD","737536.506521"
"GLSzCKxmvnTFEY83Dx2T95","906001153245","","2016","D","USD","1029410.32215"
"Gf7ehF5nH7ukv8vEg6w9MD","906001192057","","2011","C","USD","10310000.0"
"dX3unaFQxyBpuKE668jtoS","906001192059","","2012","C","USD","4040900.0"
"oKuzpgkGkG4svdvfsi4AjW","906001192063","","2007","C","USD","6000000.0"
"8pooee6pfdp3pLy8ZuZvBY","906001192067","","2008","C","USD","475000.0"
"FcCvUUFkM7gNgcEn4BEZM6","906001192071","","2007","C","USD","12000000.0"
"QHE8TPbDgkjmnjruqZckSg","906001192075","","2014","C","USD","1000000.0"
"u3SxAbV68u82iitUJPVnna","906001192081","","2006","C","USD","5000000.0"
"BiaUAMZFKswmcqbSzdcive","906001192083","","2002","C","USD","800000.0"
"wKDLJDGd9X85mjEq8qBM5N","906001192085","","2011","C","USD","1000000.0"
"o6GsEZebQPvrh3nF3u4JDi","906001192089","","2012","C","USD","999900.0"
"YjCctMBYPW4KmwygAaZ36K","906001192093","","2011","C","USD","3898000.0"
"zZTqC4bLNEdeYN2uSh3pCG","906001192095","","2014","C","USD","26922936.0"
"dNJ5sRe5X8BgcuGn8vwjjb","906001192105","","2009","C","USD","475000.0"
"HCM64fz5oV5hSwM4MGaBX8","906001192109","","2000","C","USD","3510000.0"
"yQsaMaRLSdrXg5DrPr8A6X","906001192111","","2002","C","USD","1000000.0"
"UGdVPDki9gka2VpwzzF54B","906001192113","","2006","C","USD","4135000.0"
"3dyqYd7amKw9bmZjgSdeSo","906001192115","","2009","C","USD","475000.0"
"9pLw6WdLnfjQQLJgtpgFJ2","906001192119","","2005","C","USD","964350.0"
"hWEZU2gjDoPwMzSghAEngD","906001192121","","2005","C","USD","975000.0"
"cFDoZzvYAsuURhUYr9CGWZ","906001192127","","2010","C","USD","740000.0"
"CXiSrBURJncZ9aGDDtsszn","906001192131","","2004","C","USD","4870000.0"
"22Er8ni6icyVfAASsBVZHW","906001192133","","2006","C","USD","6000000.0"
"QxKM6vpZZpnsHEsMhcYXYT","906001192135","","2004","C","USD","7700000.0"
"VvbExNAAJ5UvG4bzEb83qU","906001192137","","2006","C","USD","499000.0"
"VR5zdpmPs9MnMP7sdwTNDj","906001192141","","2009","C","USD","487500.0"
"7gybZssErBD7jKrcM8drV5","906001192143","","2005","C","USD","4100000.0"
"yNYAGcnodak4TSTxc58Ngi","906001192145","","2005","C","USD","10000000.0"
"TG3mZgBZgJkxdjRXkKoHG8","906001192147","","2011","C","USD","460000.0"
"ajLL7M87poZEhwssoXYtdW","906001192149","","2011","C","USD","18000000.0"
"t3KpMFRpEBwQWkL6Uis5H8","906001192151","","2010","C","USD","10730000.0"
"xbYJvhxkCWXgqBoTnzcGGa","906001192155","","2009","C","USD","475000.0"
"hULmWBaodyXUw9TDUGSiq7","906001192159","","2005","C","USD","6731900.0"
"vD2uY8vjZHyvqL6DrjvRUY","906001192161","","2011","C","USD","2905000.0"
"kAMcL967wuUGp6bEusXoAW","906001192163","","2009","C","USD","1900000.0"
"uNj26tBbwfqw8rveHzYYEA","906001192167","","2009","C","USD","477000.0"
"xEPQQ7uTdvy2pARaf8DZpG","906001192171","","2009","C","USD","475000.0"
"xhZGD24UVCJctk5goZQn6a","906001192173","","2010","C","USD","500000.0"
"9ZAL26kY34FN7PSgkRWrvd","906001192175","","2008","C","USD","425000.0"
"95wCZ8oTxAgGArbFMLHo4J","906001192177","","2007","C","USD","2500000.0"
"frinDoCBhppkKxVnFtTxVo","906001192179","","2007","C","USD","4700000.0"
"dQSjQ2HJBCuaqCPEHSTHfU","906001192181","","2004","C","USD","7100000.0"
"4mmNo2wyQp785vKEFmr3iB","906001192183","","2009","C","USD","493000.0"
"tRDXqgZXQkyYxHeYceGzCK","906001192185","","2008","C","USD","470000.0"
"Dtou2LeQBxbP5S67kSHqwX","906001192191","","2010","C","USD","7000000.0"
"wLKbZAZSvCsk7CpxhxWuK5","906001192193","","2008","C","USD","470000.0"
"HW2WDGTFgrVLaDocmZwhrU","906001192195","","2008","C","USD","465000.0"
"5XWfv4zJJFyEX6BybBPK6J","906001192205","","2011","C","USD","500000.0"
"862fMgEsaj4BKzrj4s5vfR","906001192207","","2011","C","USD","8850000.0"
"HFxBh5SbKNv6jdNm33f8iF","906001192209","","2007","C","USD","870000.0"
"5hDAm9t6TVTJw4Dhx8P43F","906001192211","","2009","C","USD","8000000.0"
"eJsRZneTpcbUWtv5FdEghk","906001192213","","2009","C","USD","4105330.0"
"MF6pnaJU6BPYZphuYhaCqB","906001192215","","2004","C","USD","20000000.0"
"j6ZwzCT9eedbAWhjVmnt7P","906001192217","","2006","C","USD","11864902.0"
"P8iqxSqqyGoC7dkkNHEFfJ","906001192225","","2006","C","USD","3650000.0"
"ocZqhzsTN3gwkRzpUmsvrn","906001192227","","2005","C","USD","5000000.0"
"B6WVdJpsyXbWrk3PxgstxJ","906001192229","","2009","C","USD","12891000.0"
"ENB28rBgstg4MRmA5B8hhb","906001192231","","2002","C","USD","4000000.0"
"CrNr5fSEvdom3JEPxfdBmQ","906001192235","","2003","C","USD","2977000.0"
"n47xemctw6km8RkaUURNP9","906001192243","","2005","C","USD","3000000.0"
"SqUbXdfSt4eZgsHdq7GkMh","906001192249","","2008","C","USD","475000.0"
"bEHgQqDfuGqmz2WjfPhevk","906001192253","","2007","C","USD","2995930.0"
"pMPXqN6ZSk5Sg9BxaHP5k8","906001192255","","2010","C","USD","6925000.0"
"aeeJg5zEABFpUYht2GYf4V","906001192261","","2009","C","USD","470250.0"
"M2wWHmLC5ZWXP5Vi6Qgux5","906001192263","","2011","C","USD","475000.0"
"rJbAohEqFHsHDtQatCzLjT","906001192265","","2011","C","USD","3530000.0"
"fE6DooiLgJ3zAJQfvKVX5T","906001192267","","2009","C","USD","475000.0"
"QFPbhMnmCyddzG3JbmFm9j","906001192275","","2002","C","USD","652800.0"
"gYdSzjXnbYcGLgE2mu58tM","906001192277","","2004","C","USD","10500000.0"
"CPsGHBe9QZsgQgxbHBNZ9W","906001192279","","2006","C","USD","965345.0"
"zbMWDtwknoW2ZB3Dh8tYpi","906001192281","","2009","C","USD","400000.0"
"KbxQ8U3RcQB5HGk8CyUYE5","906001192291","","2004","C","USD","5010000.0"
"uPKQbyetccidyBXzZyuXBZ","906001192301","","2002","C","USD","1000000.0"
"teGKwrKQKFPmhFJT3ueuNk","906001192303","","2007","C","USD","970000.0"
"hfiaxq65mpSst2TJ4xGQBS","906001192305","","2004","C","USD","1000000.0"
"XxhguQap247qaRwbqSwhKQ","906001192307","","2008","C","USD","475000.0"
"L7KFWUsi9rbbDuzEiymdKi","906001192309","","2004","C","USD","4500000.0"
"Nmh3cNarqWM8ZAb2GYwtYY","906001192321","","2001","C","USD","15300000.0"
"cPb5KzXsyWEWi94qZ9dJcb","906001192323","","2006","C","USD","4300000.0"
"iYbiKqfkNExFnY9bSbXisR","906001192325","","2011","C","USD","2880000.0"
"znXwpepP5fyrNwHiqy3sSV","906001192329","","2002","C","USD","500000.0"
"jnyhR2iN3idkDNY3ugMozC","906001192333","","2003","C","USD","5774900.0"
"qEG6qQAMmdAfH5YPKtJwYS","906001192335","","2004","C","USD","4000000.0"
"ZnMXzgp2mDKGRAfaFAnZpJ","906001192337","","2012","C","USD","1758182.0"
"dDZKGttUAwaAD9SgyJnbFR","906001192341","","2004","C","USD","4500000.0"
"3HykpPDcxr8dNbYNLyAqAB","906001192353","","2014","C","USD","3524000.0"
"nS9hfey5QbJZJKXyyoc852","906001192359","","2013","C","USD","6500000.0"
"pVqcZVC68hdUfcZG4ENcGk","906001192363","","2008","C","USD","472500.0"
"poH9QMsemKttWpEHat3xZc","906001192381","","2010","C","USD","13118183.0"
"zmaopqUiLdR5Y9gSjak9iZ","906001192383","","2005","C","USD","975854.0"
"cPCNFv46WiCLgAC9YNFnFg","906001192385","","2005","C","USD","1883852.0"
"StJbyuDFBMkPWPc2DHc8Gb","906001192387","","2004","C","USD","4206536.0"
"aUBQxsR9ofRkXJEmSA5sCP","906001218062","","2000","C","USD","4482000.0"
"6dxAuiir2vGquT3xMhiyTR","906001218064","","1994","C","USD","246700.0"
"BSJzgo47R62J47KQgVTuCF","906001218066","","2006","C","USD","10000000.0"
"xqSzNGzLNMe4REbvZJHrRL","906001218068","","2005","C","USD","7000000.0"
"5NdWDMmGHT9s5Ri88KEpen","906001218070","","2004","C","USD","962408.0"
"h6YU9zrMRR9s27J4cudqqY","906001218072","","2008","C","USD","6000000.0"
"xkmEMuN3oS22nxU4zDUxdQ","906001218074","","2005","C","USD","2770000.0"
"5rT9BzmyK3v7YLRKuEhScc","906001218076","","2003","C","USD","1000000.0"
"rogDxHMmbrJprfL5yhu9Y2","906001218078","","2004","C","USD","5827025.0"
"9cvP2EMSmABMQHGUydGMN8","906001218080","","2007","C","USD","3411148.0"
"YGCPYd8j6gzKF68aPWNRa9","906001218082","","2006","C","USD","4007124.0"
"VJ2mFrbjB9Q7pwtd7zn84M","906001218084","","2003","C","USD","5000000.0"
"NKT9bAFUKABMasxeSw4GdU","906001218086","","2008","C","USD","22000000.0"
"sx53r2aD6TNcYRpEELbUD6","906001218088","","2006","C","USD","669000.0"
"i3HuYijmz9dqKHM4TmVopX","906001218090","","2001","C","USD","530000.0"
"5nvhehvC4cZxKeeF3qRgWC","906001218092","","2007","C","USD","10000000.0"
"kjcAKDMJPGvy2r4u9stJ3U","906001218096","","2006","C","USD","875000.0"
"UUyVuzrdZnfZrz2pLPo2yL","906001218098","","2003","C","USD","3000000.0"
"jYQmGb7Tw2w5yweWwfsMQP","906001218100","","2005","C","USD","1000000.0"
"idUCBgSKuG9zF5w8pFEDyn","906001218102","","2010","C","USD","13000000.0"
"9b6mFV7FZoypnQVR6uXMhm","906001218104","","2009","C","USD","685000.0"
"CwTftADrKcATQk9wKUrJN6","906001218106","","2006","C","USD","5718070.0"
"RQZCgkZofDEDXwrBb4HVTc","906001218108","","2007","C","USD","6000000.0"
"3PHxmYCAYgG4NignqMBcxj","906001218110","","2006","C","USD","12000000.0"
"eHEQtMnBzgC9AawjrP3xUW","906001218112","","2010","C","USD","3550000.0"
"fqev4EUCpHUzateCpcdRj6","906001218114","","2010","C","USD","950000.0"
"yXsK55rRryYE9CBgjqQE4f","906001218116","","2002","C","USD","4987134.0"
"uJRL59veGDqiX3fdJcj9x8","906001218118","","2007","C","USD","3639000.0"
"mN3YCpszJpStfFvgRSkYVR","906001218120","","2008","C","USD","1000000.0"
"tKZk2K9cWJG7kX5x27xEWh","906001218122","","2012","C","USD","3610000.0"
"PwNbzidjSHcbzvMdKKiPRf","906001218124","","2010","C","USD","3750000.0"
"Xh2epaGkMJkYjEiJVKniha","906001218126","","2011","C","USD","3900000.0"
"HN8zE2UfPyyQsPpwtM4nPV","906001218128","","2007","C","USD","2000000.0"
"zrEHkZntxi2dV5jBBpx6Mj","906001218130","","2009","C","USD","6000000.0"
"bW5BejJy2ErgHLtcwb7Jvk","906001218132","","2009","C","USD","5000000.0"
"RSXfeTf9KiFFex2sKbRLpb","906001218134","","2007","C","USD","7000000.0"
"ATAHb3HCEk6RUrKugZuRxP","906001218136","","2008","C","USD","4500000.0"
"3ytjHwHeCTqLTLsj27T5Z5","906001218138","","2005","C","USD","913844.0"
"sRBpk9szFpdiH5f8y6AimC","906001218140","","2010","C","USD","4270000.0"
"Nw4gV923mvezwxGauuoSWU","906001218142","","2005","C","USD","938200.0"
"jB4ZuGbgs47KHxkqQ63Bxe","906001218144","","2006","C","USD","5000000.0"
"GRradaozeVjy5rN2ogdz6F","906001218146","","2007","C","USD","7181900.0"
"t2xwGoxHvE8DXGr52FvsG2","906001218148","","2005","C","USD","4000000.0"
"4QGeDgj8K8vdYxmaLhJvPB","906001218150","","2009","C","USD","4060000.0"
"xHBdhUnD9Wzjnatm6AFP4D","906001218152","","2007","C","USD","897485.0"
"vsB8gGXcAcacXp5v3CDLXL","906001218154","","2009","C","USD","3400000.0"
"XdxgxccN5etF9AiZZR2ghn","906001218156","","2011","C","USD","884000.0"
"iVsGGxxNdk4iLmVNsdduXj","906001218158","","2013","C","USD","950000.0"
"qssEEdaVUmdcsLAMfSTqBd","906001218160","","2007","C","USD","7850000.0"
"KKmxbBuicnWtWtZsHy2pzP","906001218162","","2012","C","USD","770000.0"
"YcWxe363GP8unYJySmYrDY","906001218164","","2010","C","USD","2770585.0"
"U2Guh7Q3BV5oq6WSkg22eT","906001218166","","2010","C","USD","1768000.0"
"dtBdAZVh783nq9ZbrKZ2z5","906001218168","","2009","C","USD","950000.0"
"RAVohKpEY4rvyUwRcTp4j8","906001218170","","2007","C","USD","6150000.0"
"pBmnx5dyzby3vNWGSaCZCk","906001218172","","2011","C","USD","5000000.0"
"QS7Avcetx8aFb2HLtjNiT7","906001218174","","2010","C","USD","4540000.0"
"bP7mwYhpfeuqbe9VoEQuFg","906001218176","","2009","C","USD","3649994.0"
"RXkT3jbrFrCUFQv6E5JxTB","906001218178","","2008","C","USD","3500000.0"
"4WbugTR5ar8ByGepnQseZD","906001218180","","2008","C","USD","7810682.0"
"ZNKzD5Nyy9xU38kpgjVswP","906001218182","","2012","C","USD","859091.0"
"LNFp67zxBreK4fesogpN2a","906001218184","","2010","C","USD","1768182.0"
"y2z636ixBMyXmsNosPNpDX","906001218186","","2010","C","USD","3287000.0"
"3KuzZTP6BytyjsLddhTBKg","906001218188","","2012","C","USD","2172726.0"
"867emBuYzfryLuxE6hJLVK","906001218192","","2009","C","USD","1982770.0"
"Bz9N6wuokxViw7KLiY5sue","906001218194","","2010","C","USD","5304545.0"
"3c9eiTZaAUuGShLit2bSFg","906001218196","","2008","C","USD","3863600.0"
"HHUzZR2X8Z3g2BY4jESVuM","906001218198","","2012","C","USD","8172727.0"
"JfjWino43boZzikn8zJDc3","906001218200","","2009","C","USD","950000.0"
"XfeuZxDFyBUuDekNFkyfKK","906001218202","","2010","C","USD","4500000.0"
"ayLP3jWGNyovbPssSM9eC8","906001218204","","2009","C","USD","950000.0"
"VFaiPM8vHBrVjYbQg4EvZY","906001218206","","2009","C","USD","950000.0"
"pmgF8yTt3XFWTHexXTtWdK","906001218208","","2010","C","USD","870000.0"
"uLjevuQqfpMCeczNt8GWP9","906001218210","","2009","C","USD","950000.0"
"zQptCRXpvL4Q5vX5JZYdpL","906001218212","","2010","C","USD","950000.0"
"rQ35CniEbFBRKi38h9Gfu9","906001218214","","2011","C","USD","835000.0"
"zxHCZSPcfzCC7ygwYqFNFT","906001218216","","2012","C","USD","4000000.0"
"wAF6RsV8kn4pJ5xM8et4xZ","906001218218","","2010","C","USD","6900000.0"
"rrFCWWLKCFJFAK5wYcy7jd","906001218220","","2011","C","USD","829091.0"
"Auz9oGezqBR6sRVdTmHtTK","906001218222","","2011","C","USD","5454545.0"
"nCtdFkTeS3fBe8ogh5Bk4k","906001218224","","2009","C","USD","2627273.0"
"qAyD45yPzDW6pC73G9p7FE","906001218226","","2009","C","USD","7179327.0"
"bscBM5FGArjzs4rF63vrt2","906001218228","","2009","C","USD","5710000.0"
"eRLqGw8MEUGqggQo46NDkQ","906001218230","","2010","C","USD","3500000.0"
"xMN6uaYfhQodCdCNHs3rpD","906001218232","","2010","C","USD","2500000.0"
"KCWMVqHULJesTKndvqwfBA","906001218234","","2012","C","USD","5500000.0"
"Ex7ZHipfgyb493MyuxqdqE","906001218236","","2010","C","USD","3536360.0"
"RJeaeyUEJcFKERUP4wWw8c","906001218238","","2010","C","USD","2000000.0"
"GEHpcwdz7jZCPsebraE2XE","906001218240","","2008","C","USD","975000.0"
"Cs74ZHQjUEGyJLHdVBUDTi","906001218242","","2009","C","USD","2300000.0"
"4NTDfSpQckor9aHphdsJzM","906001218244","","2011","C","USD","5018182.0"
"iwXL64GDMDrk68s5FLkRbN","906001218246","","2010","C","USD","4000000.0"
"3iufggVbzcTQrnk2g9QUrj","906001218248","","2009","C","USD","3000000.0"
"YdyiPvE73VeyvYzRgxWgkm","906001218250","","2010","C","USD","4000000.0"
"SGsssiWCZ5dgTQTnWAyX5m","906001218252","","2011","C","USD","1695000.0"
"JcvxfjjxsmU2x9x5BpWUA4","906001218254","","2011","C","USD","5972493.0"
"VPHXxLagpQukUaCU45ny85","906001218256","","2010","C","USD","9000000.0"
"NRjNHsbc9bi9z2HCKUd7vj","906001218258","","2010","C","USD","950000.0"
"aXTHenHjXe9syc5w569ikJ","906001218260","","2011","C","USD","1825000.0"
"GuVRX73qxjCjgEKMn59G9n","906001218262","","2010","C","USD","1000000.0"
"VBpWEYy6pwAsJBbh9e85Aa","906001218264","","2010","C","USD","950000.0"
"pycdQBWzpnSB5Wg9hiWGo9","906001218266","","2010","C","USD","990000.0"
"iRPNHUFrSssLm9q9T4tVzc","906001218268","","2011","C","USD","3438294.0"
"yKsnfuDN457qRV3dvGaSnW","906001218270","","2011","C","USD","6023636.0"
"kFKVyCHMJKFykm2mKbQaTJ","906001218272","","2012","C","USD","1000000.0"
"gRM4NfZBEx9n3CeEhwUjZG","906001218274","","2010","C","USD","6414021.0"
"R4NvvDHNRJFftEfDqvqTDG","906001218276","","2011","C","USD","1720000.0"
"UAbo3x9SjcQ9Hx7e3wCDZg","906001218278","","2012","C","USD","1000000.0"
"YQg97s6MXBxpKBKET3asnX","906001218280","","2009","C","USD","1000000.0"
"FjNbfpeAVCFEkkgX5ADdNW","906001218282","","2011","C","USD","950000.0"
"qLkwEc387MfxayDBHW3aLZ","906001218284","","2010","C","USD","971000.0"
"o4iAkdt6mmNbYDM6KWXjmk","906001218286","","2011","C","USD","890000.0"
"9DR7F9bXmBEcp8ZQzrJVqi","906001218288","","2011","C","USD","558000.0"
"DPcdnJJ5CbsaErnnTmMMyP","906001218290","","2012","C","USD","4000000.0"
"yNa4cqYVUfYujoFW4Letqf","906001218292","","2011","C","USD","1738000.0"
"rSNVRxixcgKRqWaQJex7pF","906001218294","","2011","C","USD","2354545.0"
"R3ZGY6XsAGUmLJGVCzUwkE","906001218296","","2011","C","USD","850000.0"
"Ew4ghaWog4ModcmcV4bVmS","906001218298","","2011","C","USD","750000.0"
"KANqX2Q6Bz2d7EDzuNWhpf","906001218300","","2010","C","USD","869000.0"
"J7V9Wvsq7kTejFiKLAbLQ4","906001218302","","2011","C","USD","5000000.0"
"RriG3M9EMEti5M98sKruLW","906001218304","","2009","C","USD","950000.0"
"LnuKdWeKNgP27jyfSevTie","906001218306","","2011","C","USD","2400000.0"
"KvNi9hAp6hiint78NM4bw8","906001218308","","2010","C","USD","6400000.0"
"cHx46vu4V843U7cx3cqKke","906001218310","","2013","C","USD","11688182.0"
"GaPWgnKb9z9nRL73LGXBwm","906001218312","","2012","C","USD","1793182.0"
"vLeemmFxU6jvE3HhTWNjUZ","906001218314","","2012","C","USD","1733182.0"
"4RdPmk96xfpUKTP8tai2mB","906001218316","","2011","C","USD","6286000.0"
"SU3KuVxDv2FDvUQ4YMnqBB","906001218318","","2010","C","USD","1485000.0"
"xGTYgeebStcoiobzoJJ7rc","906001218320","","2010","C","USD","5900000.0"
"t7rdy3wEWqB6tNyAo44ZU5","906001218322","","2011","C","USD","6296637.0"
"BUB3Lnyv96iKrgSZLZvXUX","906001218324","","2010","C","USD","560000.0"
"kw6VFB8qEPCuGZgqUxiynS","906001218326","","2011","C","USD","3561000.0"
"jK3yXo4k8TMn4m4mod337U","906001218328","","2010","C","USD","1775000.0"
"DT5bTnMgbHziEpCdEVEaTT","906001218330","","2010","C","USD","3636364.0"
"LoEkg5Qk8KYdza477uy4v8","906001218332","","2012","C","USD","4245452.0"
"hLxDLF33xjs8732GcNDhLA","906001218334","","2011","C","USD","950000.0"
"nKuGdvKRdzQNTSLj4ZHB6N","906001218336","","2012","C","USD","4400000.0"
"sUfG5DeJvoFr5yRR65Q7p2","906001218338","","2012","C","USD","2727273.0"
"i3C28N68J2dtghER5wpbFe","906001218342","","2010","C","USD","2200000.0"
"T93oHswtMtFw3Gxbth5kH4","906001218344","","2010","C","USD","900000.0"
"MXokEGfvGKYN7g33GyBgva","906001218346","","2012","C","USD","3031815.0"
"PZLHMpAEGQBs5KRQ7UiKiH","906001218348","","2011","C","USD","900000.0"
"sssyGiEx3bm4SpoeRDpjsh","906001218350","","2013","C","USD","1368182.0"
"Mq6VbrnkTcojZYAhR8PAof","906001218352","","2013","C","USD","1450455.0"
"nGJgRSeHGR5iwYyqb558vJ","906001218354","","2012","C","USD","4250000.0"
"26wak4GrLXFJZNWDByDJtQ","906001218356","","2011","C","USD","975000.0"
"oyFMtnsTAhZyDiE7Jx3cCU","906001218358","","2010","C","USD","3000000.0"
"YNeSBvEYPE8c4Us9DssDV6","906001218360","","2010","C","USD","1177300.0"
"ajiXRkotv6TUipf6mBxaf4","906001218362","","2009","C","USD","964676.0"
"GxW75ozxN9CUjrZAYnpwd3","906001218364","","2011","C","USD","2265000.0"
"c4aUWMiz3P7gayTW334vK2","906001218366","","2011","C","USD","407000.0"
"gfym6PTUSGsPraCsTwPbJ4","906001218368","","2012","C","USD","2047000.0"
"zjsXsgZDCVKodRy6LomAXf","906001218370","","2011","C","USD","5000000.0"
"wDXXZYWUe3e2j8BAMxmEGZ","906001218372","","2013","C","USD","542650.0"
"YiECDVkfyPiJQxUgnCEszi","906001218374","","2012","C","USD","1740600.0"
"hVKHiTrQbammu82eyrLXgA","906001218376","","2012","C","USD","884090.0"
"DZACMZ8dRNyTAmqdZnFQs3","906001218378","","2011","C","USD","381800.0"
"SrP3G7HJQDYx6243TuHY3K","906001218380","","2012","C","USD","3081045.0"
"u8JRwvgUJwN432Xd97eHJk","906001218382","","2011","C","USD","2880000.0"
"3CAP3MmscpNZdFr8YUeWHC","906001218384","","2011","C","USD","1940000.0"
"m8MSwfwdRqAGTFwxYwgKN9","906001218386","","2011","C","USD","7200000.0"
"osT2TgBXs6A6VD2DWH2rTA","906001218388","","2013","C","USD","879000.0"
"pn63XvwizqXhHrP9FTC2mb","906001218390","","2012","C","USD","5517618.0"
"65r4tPiT2UiBW7khkdFH8a","906001218392","","2012","C","USD","2500000.0"
"YJeEgFKQ8iZydFAtDy6Yte","906001218394","","2013","C","USD","1000000.0"
"NtTHPvnGryL8U69YK6qDaX","906001218398","","2012","C","USD","6118200.0"
"UgBW6gaRnEY3fpt6dsNuZ7","906001218400","","2014","C","USD","874500.0"
"mGBqVZuoefjDDZYMrx9EVh","906001218408","","2011","C","USD","909071.0"
"9KBAnU2PZjxKR7t4iYc5c7","906001218410","","2012","C","USD","6798000.0"
"38xgwUt9QkhwEJTMvUJuzb","906001218412","","2012","C","USD","2418182.0"
"xeir3pXTXAmGuyqZ9VNmuC","906001218414","","2013","C","USD","1900000.0"
"BiRToqtmyKNeAQ7rwyYLfh","906001218416","","2013","C","USD","2300000.0"
"d2vLuPMP4vZFoBxgMkMmEo","906001218426","","2011","C","USD","944750.0"
"V7pb76Wtt2gWcmKtLr9fAo","906001218456","","2013","C","USD","4583333.0"
"SWjY6oGbRJjZEVkAEokAxK","906001218504","","2014","C","USD","1700000.0"
"ZzpBmKuxDFhj3WoyopJgik","906001218560","","2013","C","USD","1000000.0"
"RgKwPfBqa4wPKyz6GnhFmZ","906001218622","","2013","C","USD","950000.0"
"cwR4SNt5SfqnY76GNmREbL","906001223966","","2010","C","USD","4000000.0"
"93NKwUSw7B8wZVvX9HoeWR","906001223970","","2011","C","USD","950000.0"
"X6L5ivU6gTZqkS7iVGVMVA","906001223972","","2010","C","USD","950000.0"
"ut4YE2g7Roa9jox6TXN6Fh","906001223976","","2012","C","USD","5354545.0"
"TgY6uj6Ppoe84LAStynTaV","906001223978","","2008","C","USD","909000.0"
"8bbk5ZbE26Tqs58zS96X8e","906001223980","","2013","C","USD","1000000.0"
"UY8deGM9bK7Q425UVMBDmD","906001223984","","2011","C","USD","950000.0"
"YxHfeYm9rUMriLAEaiAeKa","906001223986","","2013","C","USD","3500000.0"
"qDa2zAgK2ixiqZWNWJipDA","906001223990","","2013","C","USD","4272300.0"
"6rGqns8Qz8bVSmfjEyVeaN","906001223992","","2012","C","USD","9157407.0"
"perJ5pHTHCf3yuhv7qfWVf","906001223996","","2011","C","USD","945000.0"
"nJyZnCrNzUbuFNyub9sDjf","906001223998","","2010","C","USD","859091.0"
"XtitVSYLSDfbGzk7gXYtEe","906001224002","","2012","C","USD","6900000.0"
"zJrJqCDoVGUDYYEFMZ8baW","906001224004","","2012","C","USD","5387142.0"
"ZY77Z9UTDpvYqkgxpLMwHU","906001224006","","2010","C","USD","4500000.0"
"vm8atcaU4PwGJoFxDY9ysh","906001224010","","2011","C","USD","1800000.0"
"xwYosNegJuWQbjKSnjPGG5","906001224012","","2010","C","USD","2975000.0"
"8VsJWFFRnaDySc3FMMdYwN","906001224014","","2013","C","USD","7407408.0"
"ZfexHKTQjji3UwqsDDK4oS","906001224016","","2009","C","USD","2727200.0"
"fzTaKFZj6LoZGUCkAbpBGE","906001224020","","2013","C","USD","3330555.0"
"HLtqE43hJtqJxzHNBNkszJ","906001224032","","2011","C","USD","1768182.0"
"rHyMSszwAGqoumNFH65PvR","906001224038","","2011","C","USD","1900500.0"
"7SuFzMhbvbqr2RsLR8MQmd","906001224040","","2013","C","USD","860000.0"
"opznPCYw5DnGHv7FF968P5","906001224042","","2013","C","USD","9259259.0"
"op8N4XXhoDVBpKW5Sf5ty5","906001224044","","2013","C","USD","8592593.0"
"2AKY9M5qYZ3h3dWWZgefwQ","906001224046","","2011","C","USD","1222200.0"
"hNaXeVnjuyc43Q79BFeNf5","906001224052","","2013","C","USD","859090.0"
"SogeRMRqP2KLVJbk3Nj6uN","906001224054","","2009","C","USD","9025186.0"
"Cx4mmwjBdDEvJB6FRcBmMa","906001224056","","2009","C","USD","960000.0"
"wV9Rz3UNhkcs52LeWimSfR","906001192107","","2001","C","USD","1275000.0"
"vDuG4wNeVvxi4oUDAPzsih","906001192123","","2003","C","USD","4000000.0"
"ABhSxU37BrS8TF8FhDm2bQ","906001192157","","1998","C","USD","750000.0"
"uB2nDg4uigsZoxLsWV38Wa","906001192187","","2004","C","USD","848000.0"
"cZ7DUxHAUwRJcrbjBKTHaV","906001192201","","2003","C","USD","2014000.0"
"FqukXmaq5QMJDuiKJJxLMi","906001192203","","2003","C","USD","972705.0"
"67SrcrNAbFShEQkzawYWHi","906001192219","","2001","C","USD","300000.0"
"PbEqNo2eSjUcDS4P8aSvSa","906001192221","","2002","C","USD","700000.0"
"UnwDvgPAwCoNZC8qdGEpfK","906001192237","","1997","C","USD","695000.0"
"GzLMoya3UANDe9nHQ8cmN5","906001192239","","2002","C","USD","747000.0"
"3ytLRunZUAZhjbSnoxQfn8","906001192245","","2001","C","USD","300000.0"
"cDAJFULP3YQmdwdBas8hrD","906001192257","","2006","C","USD","3000000.0"
"CkFcJ6Uz3dL26ngyigfbse","906001192293","","2001","C","USD","998062.0"
"zw7HCiD2N6CXZjRWE3hfTf","906001192299","","2002","C","USD","978000.0"
"2kNfARDaCEBGjmuYkgbeBQ","906001192315","","2003","C","USD","1000000.0"
"RoZ6HovWar4kTjQznjb6fj","906001192317","","2002","C","USD","250000.0"
"kuvDyoXfiQUqT2UqycyYwC","906001192327","","2000","C","USD","725000.0"
"rTFKnmB3pY55jfWjazxBUB","906001192075","","2014","D","USD","1000000.0"
"L3oKS6tb3hn98NgJeGmmmn","906001192085","","2011","D","USD","1000000.0"
"WncaCJchBMwPGCYCMkyb8k","906001192089","","2012","D","USD","999900.0"
"2LcSskRuupQm8uzpVSFKKN","906001192127","","2010","D","USD","840000.0"
"ojJYtPdRYMagFtWmaeDWMh","906001192147","","2011","D","USD","460000.0"
"Gqk9RMcq3pSu4Sd6CYAeTd","906001192205","","2011","D","USD","502700.0"
"inrD9B5eUyzVFpAwTJmKzW","906001192263","","2011","D","USD","510450.0"
"AmXjBgUeUQoTVy5x42FDGX","906001192281","","2009","D","USD","400000.0"
"YtPWtExf2nbb9WC8NQfRak","906001218104","","2009","D","USD","685000.0"
"Zs2fxXuSRJYnGGs2LcGpXR","906001218114","","2010","D","USD","950000.0"
"5QRW7sNcxSgmn7yY6iWtoA","906001218156","","2011","D","USD","884000.0"
"LktXoLZMN5howuEd6YDQ6i","906001218158","","2013","D","USD","950000.0"
"nUgBbJBzW3AL4iJUDbHU7f","906001218162","","2012","D","USD","770000.0"
"jbN5RrTJhQXMvKnzAWHYad","906001218168","","2009","D","USD","950000.0"
"QsZjgfxUVXiyeQB25mPKQC","906001218182","","2012","D","USD","859090.0"
"F2byhWjpjjSEHdsnxDTcFU","906001218200","","2009","D","USD","950000.0"
"BbzR5hRLKW8QJLRACrPVnK","906001218206","","2009","D","USD","950000.0"
"jLTz77Ly4JyVMpQoGBjCfX","906001218208","","2010","D","USD","870000.0"
"EPY8y56xXbDfgFTVGRBP4o","906001218210","","2009","D","USD","950000.0"
"yAeFkLhf4ZJR8cjg4oZxL8","906001218212","","2010","D","USD","950000.0"
"pyMxGT4jrq6odzii9fi8La","906001218214","","2011","D","USD","835000.0"
"ugcLZ2Awi6HVv8MLQ9qua9","906001218220","","2011","D","USD","829091.0"
"JWYa2XHSREfBrqBV8inmbR","906001218258","","2010","D","USD","950000.0"
"LeM7GF4oepJ4qhC87eTgvZ","906001218262","","2010","D","USD","1000000.0"
"D2DjM7vFQ5TqTh3HWjH7AN","906001218264","","2010","D","USD","950000.0"
"SFJXUmo3YqN5hFyJL7W9mh","906001218266","","2010","D","USD","990000.0"
"gpT98ynHKgqRNPbfGDwPdX","906001218272","","2012","D","USD","1000000.0"
"oxaLogW5SgzgqGPTHD33Qk","906001218278","","2012","D","USD","1000000.0"
"4rUho32SqEgD6i9xZSXDAh","906001218280","","2009","D","USD","1000000.0"
"hzaZpAgc4TT6D64dq5bz8C","906001218282","","2011","D","USD","950000.0"
"w6xnBqj7aLfT8zpVVL4EYa","906001218284","","2010","D","USD","971000.0"
"3Yr6USXUbmeSTprY9Kewq9","906001218286","","2011","D","USD","870200.0"
"RYbrX4e4RxfJ8WMD8YnGNZ","906001218288","","2011","D","USD","557200.0"
"UuvnsjAUYZtytCoymhTTji","906001218296","","2011","D","USD","850000.0"
"koriVZkBppiJcJFpDvi36L","906001218298","","2011","D","USD","750000.0"
"x3cgbyZtV2D4KYNBarFdMA","906001218300","","2010","D","USD","869000.0"
"iMNLydDDVhPYGn8E2G9FEN","906001218304","","2009","D","USD","950000.0"
"YGr2WNVkrz7wnkLJUGBRQ2","906001218324","","2010","D","USD","560000.0"
"ZCoWuCrqHXBnDJnNW9AqgQ","906001218334","","2011","D","USD","950000.0"
"9rjgupFitJnZftvM7ZUgF5","906001218344","","2010","D","USD","900000.0"
"CyuURwstQxSMMgDMmscwJT","906001218348","","2011","D","USD","900000.0"
"8H6URu3ePKqL8wuh2FkqW9","906001218356","","2011","D","USD","974727.0"
"8zQFrCgTMxdpwnAwMpqKGf","906001218362","","2009","D","USD","964676.0"
"YZPkZyZ4Deam6eFxZMvqxP","906001218366","","2011","D","USD","407000.0"
"tPadFTbbQymFSpfE4EyCJm","906001218372","","2013","D","USD","542650.0"
"RNb2n9iLRLNkqku4WqXKtL","906001218376","","2012","D","USD","884090.0"
"YucggCzkpauiLfrNHFPWC6","906001218378","","2011","D","USD","379300.0"
"DogxKMSH3wCDWPUF3P4xKY","906001218388","","2013","D","USD","879000.0"
"6j3Q44heCFBDbdYyr4R6QR","906001218394","","2013","D","USD","1000000.0"
"SEdYMguqEZmnJcCLMvg5xR","906001218400","","2014","D","USD","874500.0"
"bk9jSNmSJiS36XVA4gZAu8","906001218408","","2011","D","USD","909071.0"
"n6hRMDox7yHow9Qt8Evx92","906001218426","","2011","D","USD","944750.0"
"NHhzHg8qkmkDyh6UiwYmrH","906001218504","","2014","D","USD","1700000.0"
"iBayku2ZxqUFRJSs48E2pm","906001218560","","2013","D","USD","1000000.0"
"vp6pmLLu6vSBLin8jE3xpM","906001218622","","2013","D","USD","950000.0"
"QJXkGzKfPJcgZwb7LUWBRN","906001223970","","2011","D","USD","950000.0"
"VDY8w8SxL9jRBBjmdbLBsH","906001223972","","2010","D","USD","950000.0"
"dHsjE7hHuwXhtn2bvoPgw2","906001223980","","2013","D","USD","1000000.0"
"msaL9dCa6DpVybh9Ao6Mxi","906001223984","","2011","D","USD","950000.0"
"yr7r2XerWHpno6tbKpZYYJ","906001223996","","2011","D","USD","945000.0"
"897JkueBBXqcvGwXUBsUj2","906001223998","","2010","D","USD","909091.0"
"y7ucoAApwi7bC4S5qqaZH7","906001224040","","2013","D","USD","860000.0"
"NcXyirjfzLYkodJXNWwD8Z","906001224052","","2013","D","USD","859000.0"
"Uv39Hq5cCMmY9YCQdogTvF","906001224056","","2009","D","USD","960000.0"
"oEXYzqfGodXWGYYcK3Ugz9","906001192057","","2011","D","USD","11218182.0"
"eaKnbxfHg2mAb8mzU8wBMe","906001192059","","2012","D","USD","4040909.0"
"ssou2jkbZQU6R7JkNKNRF7","906001192063","","2007","D","USD","6000000.0"
"xixvHsTWpyTh72TDqik6KK","906001192071","","2007","D","USD","12000000.0"
"ttJVmiSM8drsNj8mTynubP","906001192081","","2006","D","USD","5000000.0"
"ut2jttXXHUPirk9gVVahj8","906001192093","","2011","D","USD","3898000.0"
"pLAD6jT5BsYNcVbUzb5KuN","906001192095","","2014","D","USD","27172936.0"
"PtCrcPinyTfFetVpUcgnvb","906001192113","","2006","D","USD","4135000.0"
"mxzsy5ULVuyqqiCsSy7wFG","906001192131","","2004","D","USD","4870000.0"
"GfDYguL9NQb4EYaFx3vnGA","906001192133","","2006","D","USD","6000000.0"
"5N2Chtiirw8xVM6B5vPQR6","906001192135","","2004","D","USD","7700000.0"
"Nd5hXJXw5BjbuTYNdhmNLi","906001192143","","2005","D","USD","4100000.0"
"GcAxT9nQ4rD5m8brSm4K7K","906001192145","","2005","D","USD","10000000.0"
"hPe4PGP7WYAtJiiCWFUcFB","906001192149","","2011","D","USD","18000000.0"
"xPWZ62oLbC7uRyYKcMpBbS","906001192151","","2010","D","USD","10730000.0"
"SSXGQmDAG3BtGcAxECEP77","906001192159","","2005","D","USD","6750000.0"
"9GZBwCUfD6SAKYpfcBafRE","906001192161","","2011","D","USD","2905000.0"
"pvJNSZvGgKD3BzMky2Po8R","906001192163","","2009","D","USD","1900000.0"
"5PQZuwfVSWLVnV2aYeSjz9","906001192177","","2007","D","USD","2500000.0"
"E9Rea4x6CpyoAs3qGcg9R2","906001192179","","2007","D","USD","4700000.0"
"vgGAcGABxRjZjgvWQBRzGR","906001192181","","2004","D","USD","7100000.0"
"VHNhSPLpuhRSxyZgeNFpiD","906001192191","","2010","D","USD","7000000.0"
"a8FJaqu9GtB7h8ijh3kc7E","906001192207","","2011","D","USD","8850000.0"
"6T23U2D354pJge9yhVRgdX","906001192211","","2009","D","USD","8000000.0"
"yCpKL6UpoBoKoDmcYGxXkR","906001192213","","2009","D","USD","4105330.0"
"bXBV5PHKFsra9R8hB6ScJV","906001192215","","2004","D","USD","20000000.0"
"89uPMwoXdGzW7qDeRNgBfc","906001192217","","2006","D","USD","11864902.0"
"XCcCoKhgti5XSh4iHtRGBd","906001192225","","2006","D","USD","3649660.0"
"vAFzBJdTPz33sk6jeZzXw8","906001192227","","2005","D","USD","5000000.0"
"kKrqiFxvjSX8UiK8VTKjJ6","906001192229","","2009","D","USD","12891000.0"
"fBWPvPhibwCbjnD9nFHBX9","906001192231","","2002","D","USD","4000000.0"
"6zVKycsXcPUUMi8444FNbB","906001192235","","2003","D","USD","2977000.0"
"jMERAWRcfapp6hwBPruRSF","906001192243","","2005","D","USD","3000000.0"
"9AcKTvTZECHZaAzTvaYHKa","906001192253","","2007","D","USD","2995930.0"
"D6dqAAu9evwumgrR6FQCoY","906001192255","","2010","D","USD","6925000.0"
"68qEtuuGPMi8n3qorwEfSK","906001192265","","2011","D","USD","2500000.0"
"FKcsPZZSpAuyAukvt3VQQS","906001192277","","2004","D","USD","10500000.0"
"FbPuYEucJB2PzVuhaxeQcC","906001192291","","2004","D","USD","5270000.0"
"gEySgjQ258NcijrsqUuoG9","906001192309","","2004","D","USD","4500000.0"
"wEMojNRbPAsPCBpxgp73MX","906001192321","","2001","D","USD","15300000.0"
"VSaBxR7JLzC3tjKadaYgGC","906001192323","","2006","D","USD","4300000.0"
"5TiYY7sn2Jwrv5jDb5KTGo","906001192325","","2011","D","USD","2880000.0"
"uirzzZjWHu6fccQMbBTy2T","906001192333","","2003","D","USD","5774900.0"
"2xeoBGi4sTh3BsLExH2Dh3","906001192335","","2004","D","USD","4000000.0"
"CgB2KpFgNRiiffo6S7YqvA","906001192337","","2012","D","USD","1758182.0"
"W2CC3TJivW2VNSF4zWGch2","906001192341","","2004","D","USD","4500000.0"
"bRQQRTxZCJ7VMK5nTWTkig","906001192353","","2014","D","USD","3524000.0"
"KHrhsTaQTHjKqLQqKkTCx2","906001192359","","2013","D","USD","6500000.0"
"rkLtfgWDmAibQRqSTy9a6o","906001192381","","2010","D","USD","13118183.0"
"tFAfMvDkkxdNTNLTgHKuTo","906001192385","","2005","D","USD","1883852.0"
"cnFziMjYsgnvu8xCvVsZ5B","906001192387","","2004","D","USD","4206536.0"
"DX6wL65avLvgSxUqNLG4Yd","906001218062","","2000","D","USD","4500000.0"
"XjUZKfkDQ2YVaDvDfeKxWm","906001218066","","2006","D","USD","10000000.0"
"cFjxmJrSsGuLiW552V9RiD","906001218068","","2005","D","USD","7000000.0"
"YvBWYPQ2gnEx2gHQK3nNwW","906001218072","","2008","D","USD","6000000.0"
"nrxJqhprPmmaH9a6N5w4RJ","906001218074","","2005","D","USD","2770000.0"
"8NueAEKbGNLVPN8mCXsyE9","906001218078","","2004","D","USD","5827025.0"
"hM5Ydqww4Kt4GRkogKSsV8","906001218080","","2007","D","USD","3411148.0"
"rxVGCn6zC8Vu7UT49WAzra","906001218082","","2006","D","USD","4007124.0"
"ddGAa5htRPoTHhhufYHEzm","906001218084","","2003","D","USD","5000000.0"
"3b2PQwozjwVCyn4XgCZipi","906001218086","","2008","D","USD","22000000.0"
"Q8uNu8hTCTX2LZQ8gvCBtV","906001218092","","2007","D","USD","10000000.0"
"5JMmUaqYc3G4Exi8XomYbi","906001218098","","2003","D","USD","3000000.0"
"ww2GQX7n3VTp87H4z2kaKh","906001218102","","2010","D","USD","13000000.0"
"Ct2njYvSsPHyrkbxDUj6zJ","906001218106","","2006","D","USD","5718070.0"
"Y9XjHTb4M2mGJVbGqkYjhM","906001218108","","2007","D","USD","6000000.0"
"jHgyhozyecztfMaMPGv55K","906001218110","","2006","D","USD","12000000.0"
"ATseK3j2LXcTb8Y4a9BKB6","906001218112","","2010","D","USD","3550000.0"
"PebCfmrUvm8Y5ZdZ6FgxPX","906001218116","","2002","D","USD","4987134.0"
"ksa86zMNi63j7KCbFzoFEY","906001218118","","2007","D","USD","3639000.0"
"W6JTX9ZavvSPehHg9Pw3rU","906001218122","","2012","D","USD","3610000.0"
"r6YVUsPj9yEySrQjVWdHPR","906001218124","","2010","D","USD","3750000.0"
"GWxRjUrsmQzryyaD8gWnbe","906001218126","","2011","D","USD","3870000.0"
"TRJNQE8BSANKYPDzWTokQ3","906001218128","","2007","D","USD","2000000.0"
"QvytscoMWDRgGiQkXxS35A","906001218130","","2009","D","USD","6000000.0"
"wVdRSi5x35pVbUayHCV5LR","906001218132","","2009","D","USD","4545460.0"
"ATW6fogwHsembWeePqBZUP","906001218134","","2007","D","USD","7000000.0"
"wqRv86EoWfxjXeTwqvaWXP","906001218136","","2008","D","USD","4500000.0"
"U3tcEvmRnm497UvQ8RMP8T","906001218140","","2010","D","USD","4270000.0"
"24oXAmP9aMmnztkPEk6Pe9","906001218144","","2006","D","USD","5000000.0"
"9gd7e2ZZmc9mGdCYGjukji","906001218146","","2007","D","USD","7180000.0"
"Ub5q7xQSvC9Kz3CDFA3BGF","906001218148","","2005","D","USD","4000000.0"
"TznX6GFYiqjsxXB5cptwaS","906001218150","","2009","D","USD","3660000.0"
"gXKpt6g8nmQJ5yqrDVxtFX","906001218154","","2009","D","USD","3400000.0"
"CSinJc58oQhLvY4HVKwDPL","906001218160","","2007","D","USD","7850000.0"
"kD8yXPqCkncndQV3Xpnkdi","906001218164","","2010","D","USD","2770585.0"
"yuSAcBgRzZ5pspMfHQ3Ebm","906001218166","","2010","D","USD","1768000.0"
"6pUhs9c2sqexnk38ZgbSeW","906001218170","","2007","D","USD","6150000.0"
"2yDQj49dyCX9QEhZHsDBHG","906001218172","","2011","D","USD","5000000.0"
"ZJTWeo8bj6kiriW5u3VsrV","906001218174","","2010","D","USD","4508182.0"
"jBa7p2DotjykR85cafK7F8","906001218176","","2009","D","USD","3661674.0"
"FxZUeYu6Dpdh4rmj4utyrX","906001218178","","2008","D","USD","3500000.0"
"NPGJGSd4jkxFV7iDJErCHf","906001218180","","2008","D","USD","7810682.0"
"rB7xcWayt6kLxBfY5vgcQj","906001218184","","2010","D","USD","1768182.0"
"kvt4YYqU45gTdXteZGwKCm","906001218186","","2010","D","USD","3100000.0"
"ExBcXB4tcugA2FBVD8Fmzc","906001218188","","2012","D","USD","2172726.0"
"WGYP2DgBiWsBhbcPF8JKzE","906001218192","","2009","D","USD","1982770.0"
"gYENbKSotJHidrNYX9eegH","906001218194","","2010","D","USD","5304545.0"
"Sp3Ck2wnbkatfQbbAAYAMX","906001218196","","2008","D","USD","3863600.0"
"sEMqdgVjwkSNTY3tAkmSu9","906001218198","","2012","D","USD","8172728.0"
"49FZnafVdaAcgZeA79Tu2Z","906001218202","","2010","D","USD","4500000.0"
"V9qT7hURjeRfJ6GJ42g6cR","906001218216","","2012","D","USD","4000000.0"
"AH458CdCndGTfQ8fUybshB","906001218218","","2010","D","USD","6900000.0"
"AZvkr7Tb85maK4M4TtsfwC","906001218222","","2011","D","USD","5454545.0"
"dtsXjmJDpYAVZkN84rxGoY","906001218224","","2009","D","USD","2627273.0"
"rpmFCtriorqLQKYNRkbheh","906001218226","","2009","D","USD","7175866.0"
"LZEAUanVQme8r2353qxmkd","906001218228","","2009","D","USD","5710000.0"
"C56GrGWYMwV6EzAknQy6EV","906001218230","","2010","D","USD","3500000.0"
"suwVwuyQnmSriR8LbkH8am","906001218232","","2010","D","USD","2500000.0"
"2JzU4QwEFCFFMkU5QUCgMV","906001218234","","2012","D","USD","5500000.0"
"fkuLTyJg3nD4mg2GUDpQMo","906001218236","","2010","D","USD","3536360.0"
"oXspfvtPRQqY2qJincKVqG","906001218238","","2010","D","USD","2000000.0"
"KqhBnpZ75eJ8BVFMEXNLh2","906001218242","","2009","D","USD","2200000.0"
"G2cak6KQHGQZRMai9FsBUB","906001218244","","2011","D","USD","5018182.0"
"6vXb6xvpgHPayAgeQ9vBMA","906001218246","","2010","D","USD","4000000.0"
"7mNuWWutbDWD4r6F3YNi4m","906001218248","","2009","D","USD","3000000.0"
"tRUGPZfJgYBHUr8BRN3xFE","906001218250","","2010","D","USD","4000000.0"
"e7GbKp95HM7ECpP5URfaeD","906001218252","","2011","D","USD","1727066.0"
"YjQBy6sbtMASnLtswurhyj","906001218254","","2011","D","USD","5972493.0"
"oKGXVAEZELuAy37TBSdXg9","906001218256","","2010","D","USD","9000000.0"
"wJYNfRj7gyqx7jBbzT2VrT","906001218260","","2011","D","USD","1825000.0"
"VtwuCgmpoM5poqy6x9z3Ng","906001218268","","2011","D","USD","3438294.0"
"v8UpzR5FpTWX9cPs6UnXJN","906001218270","","2011","D","USD","6023636.0"
"UfM6FtccnmDSFtL8j2qKmh","906001218274","","2010","D","USD","6414021.0"
"mxCUyjTSqED63nbbbKkrAP","906001218276","","2011","D","USD","1720000.0"
"gcBn2HrVfR3w3kuwmWyYxd","906001218290","","2012","D","USD","4000000.0"
"gYjdGi9BrQkb72aBvb7n7L","906001218292","","2011","D","USD","1738000.0"
"nPGkadVsaBV9skW8HiViZ9","906001218294","","2011","D","USD","2354545.0"
"HGABPGncboj4dwzfvaqrCB","906001218302","","2011","D","USD","5000000.0"
"RTVhENzomoQ8zGQBJBYqMF","906001218306","","2011","D","USD","2300000.0"
"g4Bud2BbMcxBdDmqa9uHHf","906001218308","","2010","D","USD","6400000.0"
"Tfj4pfAZTB84eJzs6Sn9Jf","906001218310","","2013","D","USD","11688182.0"
"8R4BXCS9m2r7hiSwm7oB5Z","906001218312","","2012","D","USD","1793182.0"
"oQ6JxfjKuAhMeRcHeViD9e","906001218314","","2012","D","USD","1733180.0"
"DKy2gVbJFAhQU2X6fg834c","906001218316","","2011","D","USD","6283750.0"
"3xDHHGBvqRq3eU7hHRBS4A","906001218318","","2010","D","USD","1484044.0"
"jwH8F5Uhpxd4Uc2nAr7H3E","906001218320","","2010","D","USD","5900000.0"
"QcqP6QeLAk8v8CyCAjBjiE","906001218322","","2011","D","USD","6296637.0"
"Bo26SLmbLNdSMk2YVRraui","906001218326","","2011","D","USD","3561000.0"
"2uiF62XCwS5GDNAdwrL4rW","906001218328","","2010","D","USD","1775000.0"
"wELVHXFJgYMk5dNkSkwrQc","906001218330","","2010","D","USD","3536363.0"
"QvQTLmCWwofhbdEyxcE6DL","906001218332","","2012","D","USD","4245211.0"
"7gBvgRAPCnCSFhLG7suMni","906001218336","","2012","D","USD","4400000.0"
"CxGfN8TMAdKokRwv7vfxpV","906001218338","","2012","D","USD","2727273.0"
"Fd5VrfMWt8qsjzvYgrLXSG","906001218342","","2010","D","USD","2200000.0"
"5rV9DHRf5PcaCH4tZr8yvZ","906001218346","","2012","D","USD","3031818.0"
"pMm3WosBUrTmpU6CDBNm4a","906001218350","","2013","D","USD","1368182.0"
"djDVvyoTxic3K5zti3z7R9","906001218352","","2013","D","USD","1450455.0"
"rb3QquTbgBx7rrupvTnmJJ","906001218354","","2012","D","USD","4250000.0"
"fiuzBG2mEjWVfFrsSup3Gd","906001218358","","2010","D","USD","3000000.0"
"YCMXzcGSDghdhgJzq6UsPE","906001218360","","2010","D","USD","1177300.0"
"JfcCaMgRyQGZdFUfWwvmiJ","906001218364","","2011","D","USD","2265000.0"
"44Lmz225XviCpddnZsfCtB","906001218368","","2012","D","USD","2047000.0"
"GAU7pNnNhFtNqqG2UbfuPH","906001218370","","2011","D","USD","5000000.0"
"2N7narXbNvZDj6DvsoCTsK","906001218374","","2012","D","USD","1740600.0"
"htwpm85jrVAceWcNgKbCA2","906001218380","","2012","D","USD","3081045.0"
"RdQWYfw8pb4TVFuLJQjDbm","906001218382","","2011","D","USD","2880000.0"
"aQ9aCV7B9thr9mdzzpM2HA","906001218384","","2011","D","USD","1940000.0"
"G2rTc47zPpTXeHHvH68uea","906001218386","","2011","D","USD","7200000.0"
"o7Pt5neDgvmFn2YWDYM7CR","906001218390","","2012","D","USD","5517618.0"
"6KvuxjrtjaPLrSivNFbqXS","906001218392","","2012","D","USD","2250000.0"
"tsb54zHE7QgWjan82bF28e","906001218398","","2012","D","USD","6118200.0"
"wwvRNUpc5hRhbPBD3PJWrh","906001218410","","2012","D","USD","6798000.0"
"tV53MiqJQ9bEUXBhNDUMTc","906001218412","","2012","D","USD","2418182.0"
"47fQQv5TKuLXBSA8DriFj7","906001218414","","2013","D","USD","1900000.0"
"rks3PKHSjwJ4DrNKjzq7tN","906001218416","","2013","D","USD","2300000.0"
"zycPoH9Ajq8T7vBSMqbjTD","906001218456","","2013","D","USD","4583333.0"
"dCteFbodysUHNkxs8peJBU","906001223966","","2010","D","USD","4000000.0"
"n4L7UuuhBQgegy9LmXFj6A","906001223976","","2012","D","USD","5354545.0"
"b7jEzpUk84eMtNeMjg8SBe","906001223986","","2013","D","USD","3500000.0"
"PmpzkX7DPoVMj72a2Cx9kT","906001223990","","2013","D","USD","4272300.0"
"pmLTSh9jJAAkATTxLxCZ6A","906001223992","","2012","D","USD","9157407.0"
"Lv29L6L84fcBLPwT7e268H","906001224002","","2012","D","USD","6900000.0"
"SeaRuXtaTCyD2vumSPgiyf","906001224004","","2012","D","USD","5387142.0"
"cR5nPLzdBMVzSkNAMZFQ25","906001224006","","2010","D","USD","4500000.0"
"xHD2s4YHbDtSL4dpByQEzm","906001224010","","2011","D","USD","1800000.0"
"apB8hGYsdHsQWChsWyMgaR","906001224012","","2010","D","USD","2975000.0"
"KRpjEUFHEmJSpqPTEyXjKX","906001224014","","2013","D","USD","7407408.0"
"VAhGGwK5DCSaRPHKLHzMc4","906001224016","","2009","D","USD","2730000.0"
"EoJsvMF94yVHJdcUiyEpD6","906001224020","","2013","D","USD","3330555.0"
"BdKsKnyd2EpjYF7DPjbjL5","906001224032","","2011","D","USD","1768182.0"
"ABhe3fHgycPgkSFtcTdPXK","906001224038","","2011","D","USD","1900000.0"
"uQpjbwUCnGtLBfPBZoR6uU","906001224042","","2013","D","USD","9259259.0"
"DZKvbNQ4PtTMACZpBo4VLD","906001224044","","2013","D","USD","8592593.0"
"8hAoK4NM7idz5J7iNJAQAg","906001224046","","2011","D","USD","1222200.0"
"oFEa5niGXgM7JnFDea9R5L","906001224054","","2009","D","USD","9025688.0"
"vmpNNTF3uaY5ZzkrDd89LA","906001192107","","2001","D","USD","1275000.0"
"Sy9or2yhf6FgHLAAmHnBvY","906001192123","","2003","D","USD","4000000.0"
"4FaKyKhMfoaoCaaCWy7RSG","906001192201","","2003","D","USD","2014000.0"
"8hAJS6KZJY5emCBrsrc59i","906001192257","","2006","D","USD","3000000.0"
