"","dist_to_all_rivers.na.mean","dist_to_roads.na.mean","srtm_elevation_500m.na.mean","srtm_slope_500m.na.mean","accessibility_map.na.mean","gpw_v3_density.2000.mean","wdpa_5km.na.sum","treecover2000.na.mean","latitude","longitude","udel_precip_v4_01_yearly_max.2002.mean","udel_precip_v4_01_yearly_min.2002.mean","udel_precip_v4_01_yearly_mean.2002.mean","udel_air_temp_v4_01_yearly_max.2002.mean","udel_air_temp_v4_01_yearly_min.2002.mean","udel_air_temp_v4_01_yearly_mean.2002.mean","v4composites_calibrated.2002.mean","ltdr_yearly_ndvi_mean.2002.mean","iba_distance","treatment","iba_statescore","propensity","ML.prop","transOutcome","transProp","tree.pred","GEF_ID","Title"
"356",1876.8448486328,2311.4345703125,1725.3913934426,1.1583228111,197.265503876,136.8448028564,0,0.0125810696,37.7500645,102.75,54,1.7,17.7166666667,20.9,-5.6,8.4416666667,4.7533980583,1588.00341797,7.25378300282,1,2,0.627622501294985,0.627622501294985,3.18662889853911,0.627622501294985,-0.22706888774867,956,"PRC-GEF Partnership: Land Degradation in Dryland Ecosystems: Project I-Capacity Building to Combat Land Degradation"
"357",1817.9151611328,8197.458984375,901.0063663075,0.1657969952,254.4041353383,57.2770195007,0,0,41.5000821,85.5,60.65,0.125,12.4770833333,27.975,-6.95,12.5979166667,0,422.60357666,5.71693666701,1,1,0.558258426351321,0.558258426351321,1.79128509807872,0.558258426351321,0.199575649534048,956,"PRC-GEF Partnership: Land Degradation in Dryland Ecosystems: Project I-Capacity Building to Combat Land Degradation"
"358",4958.548828125,11815.611328125,1587.0890834192,2.1684122086,523.4903100775,47.876411438,0,0,37.2500625,106,82.15,0,25.1166666667,23.45,-7.25,9.5083333333,0,1240.87072754,6.0666981518,1,2,0.548739062762503,0.548739062762503,3.64471956840734,0.548739062762503,-0.22706888774867,956,"PRC-GEF Partnership: Land Degradation in Dryland Ecosystems: Project I-Capacity Building to Combat Land Degradation"
"359",2119.4611816406,25318.916015625,4120.6228991597,8.3379640579,3127.784,1.088914156,0,0,36.0000578,96,36.65,0,9.7291666667,14.45,-13.15,1.6104166667,0,692.641723633,8.52656461494,1,3,0.650112324818789,0.650112324818789,4.61458718050948,0.650112324818789,-0.22706888774867,956,"PRC-GEF Partnership: Land Degradation in Dryland Ecosystems: Project I-Capacity Building to Combat Land Degradation"
"360",2351.1706542969,3938.7578125,1907.3186170213,5.8599133492,184.6971544715,197.200958252,0,0.0042171797,35.0000543,105,97.075,3.35,37.76875,18.8,-4.075,8.0625,0,1338.14001465,7.7679713533,1,3,0.68394487554613,0.68394487554613,4.38631841141364,0.68394487554613,-0.22706888774867,956,"PRC-GEF Partnership: Land Degradation in Dryland Ecosystems: Project I-Capacity Building to Combat Land Degradation"
"361",1602.0749511719,7198.4921875,1154.6334033614,4.1818180084,486.138,35.0173835754,0,21.870046125,36.0000578,109,151.8,2.55,48.1708333333,23.4,-4.35,10.8208333333,0,2293.19970703,7.20767437686,1,2,0.287109737312319,0.287109737312319,6.96597760397237,0.287109737312319,2.79392009645781,956,"PRC-GEF Partnership: Land Degradation in Dryland Ecosystems: Project I-Capacity Building to Combat Land Degradation"
"362",2671.4360351563,3094.6569824219,1130.4830028329,0.978657186,360.2989130435,1.5003869534,0,0,43.5000939,114.75,54,0,15.3583333333,22.1,-13.4,3.4541666667,0,1216.45556641,7.08340845622,1,3,0.906710636483292,0.906710636483292,3.30866307208615,0.906710636483292,0.199575649534048,956,"PRC-GEF Partnership: Land Degradation in Dryland Ecosystems: Project I-Capacity Building to Combat Land Degradation"
"363",1365.4030761719,2632.7097167969,537.6550218341,1.4271880388,61.0336134454,4.1037869453,0,6.20391011775e-06,32.4748865,3.70111,44.5,0,10.0541666667,35.15,9.8,22.3458333333,12.2164948454,1279.19848633,4.84409262202,1,3,0.685771102352667,0.685771102352667,4.37463752804389,0.685771102352667,2.79392009645781,2127,"CBPF: Conservation and Adaptive Management of Globally Important Agricultural Heritage Systems (GIAHS)"
"364",2625.3464355469,2483.3762207031,3895.9436532508,3.1569664478,252.7790697674,23.9936885834,1,0.1000265447,-16.008856,-69.73064,183.05,0,69.8166666667,11.6,5.9,9.5916666667,0.7517730496,2655.46679688,14.5551185614,1,3,0.0634962077963947,0.0634962077963947,47.2469160618178,0.0634962077963947,3,2127,"CBPF: Conservation and Adaptive Management of Globally Important Agricultural Heritage Systems (GIAHS)"
"365",1293.9693603516,1906.4449462891,607.4853273138,8.6452121735,109.3354700855,49.2112350464,0,0.0613802439,-30.00004,-71,70.9,0,16.6395833333,13.175,5.45,9.5645833333,1.8747346072,2274.46142578,2.62652324026,1,3,0.0152394884470706,0.0152394884470706,196.857001494474,0.0152394884470706,3,2127,"CBPF: Conservation and Adaptive Management of Globally Important Agricultural Heritage Systems (GIAHS)"
"366",1269.9910888672,1980.7681884766,3775.355304457,15.9960422516,449.0286396181,12.3671979904,1,8.7786751059,-13.086022,-72.02603,207.9,11.075,73.2270833333,16.05,11.575,14.60625,0,1156.16455078,15.4530168119,1,3,0.127170673085127,0.127170673085127,23.5903445914125,0.127170673085127,3,2127,"CBPF: Conservation and Adaptive Management of Globally Important Agricultural Heritage Systems (GIAHS)"
"367",2351.1706542969,3938.7578125,1907.3186170213,5.8599133492,184.6971544715,197.200958252,0,0.0042171797,35.0000543,105,97.075,3.35,37.76875,18.8,-4.075,8.0625,0,1338.14001465,7.7679713533,1,3,0.68394487554613,0.68394487554613,4.38631841141364,0.68394487554613,-0.22706888774867,2127,"CBPF: Conservation and Adaptive Management of Globally Important Agricultural Heritage Systems (GIAHS)"
"368",NA,NA,158.9428571429,8.0675458908,280.3684210526,214.8307952881,0,3.3039678195,13.0000126,122,NA,NA,NA,NA,NA,NA,0,1039.62841797,1.1016424461,1,0,NA,NA,NA,NA,0.714309785620925,2127,"CBPF: Conservation and Adaptive Management of Globally Important Agricultural Heritage Systems (GIAHS)"
"369",1763.6018066406,3097.13671875,223.8741457859,8.7830247879,81.829004329,886.46875,0,35.4921267664,28.1423858,120.69132,363.3,36.7,153.3,26.2,8.4,17.425,15.408993576,1737.88464355,6.71773988879,1,1,0.756656903154803,0.756656903154803,1.32160295614909,0.756656903154803,0.714309785620925,2127,"CBPF: Conservation and Adaptive Management of Globally Important Agricultural Heritage Systems (GIAHS)"
"370",2524.0654296875,2691.9497070313,4157.9158415842,6.7253189087,474.9018691589,44.197845459,0,0.0027356068,-15.000014,-70,143.4,0,59.8645833333,10.7,4.6,8.6479166667,0.0233100233,2004.80993652,15.1068358415,1,3,0.0946853485920574,0.0946853485920574,31.6838882108911,0.0946853485920574,3,2127,"CBPF: Conservation and Adaptive Management of Globally Important Agricultural Heritage Systems (GIAHS)"
"371",2091.1755371094,13851.2431640625,544.0045454545,1.9015419483,806.0969827586,0.2395040691,0,0,28.0000355,3,7,0,1.3875,38.55,12.775,25.7625,0,1314.90075684,7.8523977044,1,3,0.680386687361553,0.680386687361553,4.40925734692663,0.680386687361553,0.327752569057518,2127,"CBPF: Conservation and Adaptive Management of Globally Important Agricultural Heritage Systems (GIAHS)"
"372",1551.3729248047,3722.8500976563,672.7224264706,9.4639081955,288.0717592593,73.9153671265,0,49.5897919986,16.8333471,121.16667,550.5,32.8,170.6,26.6,22,24.5916666667,0.3636363636,2554.02416992,1.58781348687,1,0,0.490124257500791,0.490124257500791,0,0.490124257500791,1.63934044333439,2127,"CBPF: Conservation and Adaptive Management of Globally Important Agricultural Heritage Systems (GIAHS)"
"373",2060.6311035156,7103.69140625,133.6410867493,3.4910409451,758.58,10.2218151093,0,76.3098388204,-42.666758,-73.91667,311.3,74.6,193.5,13.3,4.8,9.0166666667,0,2867.63208008,4.2820499651,1,3,0.0213524599331121,0.0213524599331121,140.4990342751,0.0213524599331121,3,2127,"CBPF: Conservation and Adaptive Management of Globally Important Agricultural Heritage Systems (GIAHS)"
"374",3105.3937988281,5342.0756835938,83.919527897,1.3591086864,157.5495867769,10.4696130753,0,0,34.0000511,9,47.275,1.925,12.0979166667,32.175,11.1,22.0708333333,0,816.379577637,0.238580382332,1,3,0.662446551647472,0.662446551647472,4.52866724498625,0.662446551647472,0.714309785620925,2127,"CBPF: Conservation and Adaptive Management of Globally Important Agricultural Heritage Systems (GIAHS)"
"375",998.8021850586,4523.10546875,323.8664556962,2.5305550098,526.0404761905,2.007298708,0,86.9573224112,-10.000009,-75.25,350.85,48.25,167.7875,37.15,34.85,36.475,0,3266.46582031,16.9993067239,1,3,0.162831259291239,0.162831259291239,18.4239808318022,0.162831259291239,2.91749906732612,2127,"CBPF: Conservation and Adaptive Management of Globally Important Agricultural Heritage Systems (GIAHS)"
"376",3047.8176269531,2029.1240234375,3910.774375,17.8966560364,417.7429245283,7.3055706024,0,15.507604789,-13.000012,-72.25,231.8,12.5,85.9916666667,19.05,14.45,17.6125,0,995.883972168,15.4128972981,1,3,0.179996145789102,0.179996145789102,16.6670235456877,0.179996145789102,3,2127,"CBPF: Conservation and Adaptive Management of Globally Important Agricultural Heritage Systems (GIAHS)"
"377",1365.9333496094,3158.2197265625,390.7746252677,2.0584108829,55.7233606557,43.7638168335,0,0.0068190821,34.5000527,8.75,69.25,1.65,16.6291666667,30.15,9.1,19.8708333333,8.0777096115,1133.54699707,0.0898016764212,1,3,0.575266148011983,0.575266148011983,5.21497746802495,0.575266148011983,2.79392009645781,2127,"CBPF: Conservation and Adaptive Management of Globally Important Agricultural Heritage Systems (GIAHS)"
"378",3365.7219238281,7617.630859375,1168.7528205128,5.2286267281,200.726744186,407.6556396484,0,7.7085522124,37.6667341,112.25,119.8,0.3,36.0166666667,20.2,-9.2,6.7666666667,12.440545809,1484.60803223,6.75205563539,1,3,0.404051375987431,0.404051375987431,7.42479837537621,0.404051375987431,2.79392009645781,2369,"PRC-GEF Partnership: An IEM Approach to the Conservation of Biodiversity in Dryland Ecosystems - under the PRC-GEF Partnership on Land Degradation in Dryland Ecosystem Program"
"379",4958.548828125,11815.611328125,1587.0890834192,2.1684122086,523.4903100775,47.876411438,0,0,37.2500625,106,82.15,0,25.1166666667,23.45,-7.25,9.5083333333,0,1240.87072754,6.0666981518,1,2,0.548739062762503,0.548739062762503,3.64471956840734,0.548739062762503,-0.22706888774867,2369,"PRC-GEF Partnership: An IEM Approach to the Conservation of Biodiversity in Dryland Ecosystems - under the PRC-GEF Partnership on Land Degradation in Dryland Ecosystem Program"
"380",1876.8448486328,2311.4345703125,1725.3913934426,1.1583228111,197.265503876,136.8448028564,0,0.0125810696,37.7500645,102.75,54,1.7,17.7166666667,20.9,-5.6,8.4416666667,4.7533980583,1588.00341797,7.25378300282,1,2,0.627622501294985,0.627622501294985,3.18662889853911,0.627622501294985,-0.22706888774867,2369,"PRC-GEF Partnership: An IEM Approach to the Conservation of Biodiversity in Dryland Ecosystems - under the PRC-GEF Partnership on Land Degradation in Dryland Ecosystem Program"
"381",2351.1706542969,3938.7578125,1907.3186170213,5.8599133492,184.6971544715,197.200958252,0,0.0042171797,35.0000543,105,97.075,3.35,37.76875,18.8,-4.075,8.0625,0,1338.14001465,7.7679713533,1,3,0.68394487554613,0.68394487554613,4.38631841141364,0.68394487554613,-0.22706888774867,2435,"CBPF: Priority Institutional Strengthening and Capacity Development to Implement the China Biodiversity Partnership and Framework for Action"
"382",2347.5747070313,3629.1430664063,751.4443829552,4.7910752296,118.1236897275,67.855682373,0,0.000152766,31.3555735,35.78007,103,0,31.2916666667,26.7,6.9,17.6,8.6186440678,1360.48522949,0.107129999121,1,3,0.422264520390127,0.422264520390127,7.10455142484697,0.422264520390127,2.79392009645781,2631,"MENARID: Mainstreaming Sustainable Land and Water Management Practices"
"383",1220.8083496094,8128.7954101563,868.514541387,0.2632760704,414.093220339,1.8370170593,0,0,30.3333709,36.58333,11.55,0,4.2083333333,28.6,7.4,19.1,0,1345.12866211,1.18958977954,1,3,0.469526486075006,0.469526486075006,6.38941590937376,0.469526486075006,2.79392009645781,2631,"MENARID: Mainstreaming Sustainable Land and Water Management Practices"
"384",4949.7802734375,3848.2666015625,1163.979966611,7.1532869339,215.1747368421,28.0656814575,0,0.0013634572,30.681512,35.6118899,71.3,0,23.5583333333,25.7,5.4,16.5,4.5881104034,1354.68322754,0.166224018528,1,3,0.347007538762389,0.347007538762389,8.64534531641465,0.347007538762389,2.79392009645781,2631,"MENARID: Mainstreaming Sustainable Land and Water Management Practices"
"385",4461.4028320313,4585.4038085938,1011.4572222222,8.5089817047,205.3580508475,30.8763484955,0,0.0015709463,30.7500419,35.58333,64.8,0,20.9625,29.6,9.6,20.4791666667,8.071278826,1397.02331543,0.154006416692,1,3,0.371911383002442,0.371911383002442,8.06643769755308,0.371911383002442,2.79392009645781,2631,"MENARID: Mainstreaming Sustainable Land and Water Management Practices"
"386",2700.4914550781,4286.9775390625,902.1813643927,1.8182804585,156.5687103594,42.5550613403,0,0,31.161253,35.82527,103,0,31.2916666667,26.7,6.9,17.6,6.9894957983,1216.02514648,0.300644220006,1,3,0.539410647563962,0.539410647563962,5.5616254768947,0.539410647563962,2.79392009645781,2631,"MENARID: Mainstreaming Sustainable Land and Water Management Practices"
"387",2469.6567382813,4922.2915039063,654.1804008909,9.5769987106,221.3966244726,30.9656295776,1,0.0002083088,30.8279221,35.54781,64.8,0,20.9625,29.6,9.6,20.4791666667,6.6012658228,1354.26086426,0.178939552173,1,3,0.319615541907143,0.319615541907143,9.38627696919563,0.319615541907143,2.79392009645781,2631,"MENARID: Mainstreaming Sustainable Land and Water Management Practices"
"388",2849.58203125,3214.2980957031,942.9224376731,4.7566518784,136.7205882353,73.8566207886,0,7.56102376262e-05,31.0081726,35.75605,87.15,0,27.425,26.2,6.15,17.05,7.8757894737,1275.40148926,0.450976409286,1,3,0.433224348135033,0.433224348135033,6.92481854474375,0.433224348135033,2.79392009645781,2631,"MENARID: Mainstreaming Sustainable Land and Water Management Practices"
"389",2995.8127441406,2627.5805664063,1268.4180100056,5.0093002319,238.3010526316,23.968416214,0,0,30.4980614,35.5560938,43.725,0,14.5520833333,29.225,8.95,20.19375,5.0295983087,1310.61621094,0.213683603512,1,3,0.420399354966002,0.420399354966002,7.1360718435037,0.420399354966002,2.79392009645781,2631,"MENARID: Mainstreaming Sustainable Land and Water Management Practices"
"390",3283.6921386719,4911.9931640625,1097.6648044693,6.8953428268,321.6404255319,43.2434921265,0,0.0001141992,30.3298608,35.44144,22.65,0,8.1416666667,28.85,8.3,19.9083333333,6.531779661,1306.09899902,0.351164637337,1,3,0.307893182857669,0.307893182857669,9.7436389209917,0.307893182857669,2.79392009645781,2631,"MENARID: Mainstreaming Sustainable Land and Water Management Practices"
"391",3158.6418457031,2274.4812011719,988.7081949059,2.6266317368,98.6991525424,48.9273757935,0,0.0007737114,31.166713,35.75,103,0,31.2916666667,26.7,6.9,17.6,16.0935550936,1401.15808105,0.298340021652,1,3,0.462852469459701,0.462852469459701,6.48154692466473,0.462852469459701,2.79392009645781,2631,"MENARID: Mainstreaming Sustainable Land and Water Management Practices"
"392",1982.9792480469,3083.7341308594,1145.0102315563,0.652628243,155.4227642276,18.8731994629,1,0,33.8495606,-2.56247,64.55,0,17.3916666667,22.85,6.2,14.575,0,1193.07055664,3.61791367048,1,0,0.611486281427244,0.611486281427244,0,0.611486281427244,-1.75788949863056,2632,"MENARID: Participatory Control of Desertification and Poverty Reduction in the Arid and Semi Arid High Plateau Ecosystems of Eastern Morocco"
"393",1554.0856933594,3000.8203125,1225.1870619946,0.6840059161,148.3089430894,25.1333351135,1,0,33.7079823,-2.8209576,70.1,0,16.5416666667,22.6,5.8,14.2333333333,0,1253.04199219,3.72476234346,1,0,0.583995728040336,0.583995728040336,0,0.583995728040336,-1.75788949863056,2632,"MENARID: Participatory Control of Desertification and Poverty Reduction in the Arid and Semi Arid High Plateau Ecosystems of Eastern Morocco"
"394",2286.5046386719,6306.13671875,1251.5696340797,2.9338188171,322.6216216216,3.8384320736,0,0,32.4480864,-1.88151,28.35,0.35,10.3375,31,8.3,19.3458333333,0.3367768595,1266.51867676,5.13209679938,1,0,0.717288872257721,0.717288872257721,0,0.717288872257721,-2.80968061130807,2632,"MENARID: Participatory Control of Desertification and Poverty Reduction in the Arid and Semi Arid High Plateau Ecosystems of Eastern Morocco"
"395",2671.7961425781,11443.9755859375,1114.805882353,1.9004182816,143.298989899,16.1633777618,1,0.0604661523,34.3386321,-1.87936,59.1,2.2,23.4833333333,22.6,6.7,14.6416666667,0.2418032787,1466.9140625,3.33638356144,1,0,0.549652137896611,0.549652137896611,0,0.549652137896611,-1.75788949863056,2632,"MENARID: Participatory Control of Desertification and Poverty Reduction in the Arid and Semi Arid High Plateau Ecosystems of Eastern Morocco"
"396",2196.7504882813,6900.7573242188,1209.3207443897,3.2828698158,405.6943866944,3.732011795,0,0,32.2443659,-1.54034,25.55,0.35,8.825,31.85,8.25,19.8458333333,0,1205.30371094,5.42195847302,1,0,0.704591716617372,0.704591716617372,0,0.704591716617372,-2.80968061130807,2632,"MENARID: Participatory Control of Desertification and Poverty Reduction in the Arid and Semi Arid High Plateau Ecosystems of Eastern Morocco"
"397",2081.4038085938,2902.6335449219,1075.0908113917,0.6550162435,135.0265848671,14.8837833405,1,0,33.9157008,-1.78552,53.85,2.5,22.5458333333,23.4,7.1,15.2916666667,0,1329.82714844,3.76355259544,1,0,0.616266983633834,0.616266983633834,0,0.616266983633834,-2.8051627057502,2632,"MENARID: Participatory Control of Desertification and Poverty Reduction in the Arid and Semi Arid High Plateau Ecosystems of Eastern Morocco"
"398",2273.9538574219,5675.1557617188,1265.4686486487,0.7435646653,264.180698152,3.8384320736,4,0,33.2106087,-2.55645,44.2,0,14.725,26.55,7.55,16.9125,0,1213.97106934,4.25009270813,1,0,0.615459302858027,0.615459302858027,0,0.615459302858027,-1.75788949863056,2632,"MENARID: Participatory Control of Desertification and Poverty Reduction in the Arid and Semi Arid High Plateau Ecosystems of Eastern Morocco"
"399",2276.53515625,9095.953125,1317.6985930736,0.7758080959,319.487704918,25.5879516602,2,0,33.5331096,-3.07021,63.475,0,17.2145833333,22.9,5.975,14.3395833333,0,1327.71142578,3.88475474188,1,0,0.57991309245436,0.57991309245436,0,0.57991309245436,-1.75788949863056,2632,"MENARID: Participatory Control of Desertification and Poverty Reduction in the Arid and Semi Arid High Plateau Ecosystems of Eastern Morocco"
"400",1687.2456054688,3349.4680175781,1071.2721893491,0.2247806937,135.4093686354,15.75756073,1,0,33.8938207,-2.3138,62.05,0,18.9625,22.9,6.85,14.9416666667,0,1188.42102051,3.62461381116,1,0,0.634697847794681,0.634697847794681,0,0.634697847794681,-1.75788949863056,2632,"MENARID: Participatory Control of Desertification and Poverty Reduction in the Arid and Semi Arid High Plateau Ecosystems of Eastern Morocco"
"401",2807.2580566406,3251.6157226563,1295.6406926407,0.7794517279,170.9279835391,3.8384320736,4,0,33.1732985,-1.96537,35.25,0,13.2791666667,29.25,8.6,18.7291666667,0.2012320329,1279.99328613,4.41013459073,1,0,0.642110782172117,0.642110782172117,0,0.642110782172117,-1.75788949863056,2632,"MENARID: Participatory Control of Desertification and Poverty Reduction in the Arid and Semi Arid High Plateau Ecosystems of Eastern Morocco"
"402",1480.8608398438,4139.6899414063,944.7353730542,0.6929473877,95.7959183673,15.75756073,1,0.0006667236,34.0092711,-2.11053,62.05,0,18.9625,22.9,6.85,14.9416666667,1.5050709939,1337.71533203,3.5673196142,1,0,0.575158596932364,0.575158596932364,0,0.575158596932364,-1.75788949863056,2632,"MENARID: Participatory Control of Desertification and Poverty Reduction in the Arid and Semi Arid High Plateau Ecosystems of Eastern Morocco"
"403",2058.7607421875,8647.2724609375,2226.9175764192,12.6457481384,445.3823529412,50.278175354,1,0.938149794,32.0000452,-6,105.75,3.475,38.1770833333,19.025,2.475,9.9041666667,0,1619.60144043,2.96782339375,1,3,0.443112803207264,0.443112803207264,6.77028507929789,0.443112803207264,-1.75788949863056,2632,"MENARID: Participatory Control of Desertification and Poverty Reduction in the Arid and Semi Arid High Plateau Ecosystems of Eastern Morocco"
"404",3190.3547363281,2876.3386230469,629.4379256155,4.5788741112,181.294,58.1802177429,0,7.0658559791,36.1063281,9.61547,67.35,7.45,28.3916666667,28.2,8.8,18.6333333333,1.6640159046,1759.7364502,0.548566103096,1,3,0.425296924594443,0.425296924594443,7.0538953529014,0.425296924594443,2.79392009645781,2709,"MENARID: Support to Sustainable Land Management in the Siliana Governorate"
"405",2083.9553222656,5378.4077148438,787.0825013137,2.992020607,211.061752988,54.8338813782,0,0.0300868338,35.6480565,9.21237,84,12.5,35.9916666667,25,4.9,14.9833333333,1.828,1107.16772461,0.690669317137,1,3,0.599612274656539,0.599612274656539,5.00323313380871,0.599612274656539,2.79392009645781,2709,"MENARID: Support to Sustainable Land Management in the Siliana Governorate"
"406",1938.3059082031,3779.8957519531,625.3011035208,3.0698206425,146.6792828685,53.9394454956,0,4.2832311305,35.9826977,9.39902,93.85,12.7,38.1333333333,26.9,6.85,16.9583333333,2.9819639279,1676.59802246,0.640681559299,1,3,0.444059455656313,0.444059455656313,6.755852086442,0.444059455656313,2.79392009645781,2709,"MENARID: Support to Sustainable Land Management in the Siliana Governorate"
"407",2162.2868652344,7945.9243164063,475.2643979058,1.8245577812,205.4930966469,53.9569206238,0,0.4221805062,36.1830484,9.15529,103.7,12.9,40.275,28.8,8.8,18.9333333333,2.1267605634,1377.16674805,0.902546533277,1,3,0.567701218094796,0.567701218094796,5.28446990138227,0.567701218094796,2.79392009645781,2709,"MENARID: Support to Sustainable Land Management in the Siliana Governorate"
"408",2823.2216796875,3693.896484375,614.5749475891,5.0767168999,222.6812749004,68.709487915,0,8.3322443114,35.9921425,9.61572749,67.35,7.45,28.3916666667,28.2,8.8,18.6333333333,2.1312127237,1678.74768066,0.496084132346,1,3,0.434381192720364,0.434381192720364,6.90637635854385,0.434381192720364,2.79392009645781,2709,"MENARID: Support to Sustainable Land Management in the Siliana Governorate"
"409",2687.8745117188,6708.6625976563,448.3347280335,2.4343307018,277.456,53.7690849304,0,0.1802395755,36.2500587,9.5,93.8,12,36.9375,28.35,8.7,18.6833333333,0.3762376238,1364.57299805,0.717471448136,1,3,0.551203731304107,0.551203731304107,5.44263369353873,0.551203731304107,2.79392009645781,2709,"MENARID: Support to Sustainable Land Management in the Siliana Governorate"
"410",2632.5537109375,3635.1374511719,649.4327731092,3.0461666584,144.092,53.7741775513,0,0.508580207,36.0000578,9.33333,93.85,12.7,38.1333333333,26.9,6.85,16.9583333333,3.0798403194,1517.86230469,0.70340185726,1,3,0.49248369523927,0.49248369523927,6.09157222665507,0.49248369523927,2.79392009645781,2709,"MENARID: Support to Sustainable Land Management in the Siliana Governorate"
"411",1833.0096435547,2821.3740234375,378.4752217006,2.7325725555,124.8523622047,59.2143478394,0,2.8103767209,36.3405588,9.32037767,103.7,12.9,40.275,28.8,8.8,18.9333333333,2.1663326653,1413.86315918,0.895751239083,1,0,0.53671764008201,0.53671764008201,0,0.53671764008201,0.714309785620925,2709,"MENARID: Support to Sustainable Land Management in the Siliana Governorate"
"412",1709.5297851563,3900.1879882813,273.5906005222,2.1193933487,170.8079207921,57.5090255737,0,1.4941844958,36.3654091,9.46114,93.8,12,36.9375,28.35,8.7,18.6833333333,1.484063745,1412.37219238,0.773849919624,1,3,0.53570755396324,0.53570755396324,5.60007037012187,0.53570755396324,0.714309785620925,2709,"MENARID: Support to Sustainable Land Management in the Siliana Governorate"
"413",3285.8081054688,3718.2700195313,779.3803261441,3.1539640427,180.3535353535,60.7113456726,0,5.780738182,35.796767,9.38447,84,12.5,35.9916666667,25,4.9,14.9833333333,1.7564356436,1504.48510742,0.557965153383,1,3,0.482598141619318,0.482598141619318,6.21635215986069,0.482598141619318,2.79392009645781,2709,"MENARID: Support to Sustainable Land Management in the Siliana Governorate"
"414",2082.4978027344,8999.6708984375,27.3296582139,0.2566369474,237.5889830508,125.2560195923,0,0,31.5000438,49,68.6,0,22.7354166667,38.75,10.675,25.9770833333,8.7896907217,1321.11828613,2.29846657748,1,0,0.534520064678246,0.534520064678246,0,0.534520064678246,-1.77977425969998,2732,"MENARID: Institutional Strengthening and Coherence for Integrated Natural Resources Management"
"415",1860.4219970703,4286.5034179688,1432.2977272727,0.5891350508,273.9978448276,8.0596723557,0,0,28.5000366,60.5,19.5,0,4.0166666667,30.375,7.975,20.2854166667,0.3736730361,824.684265137,8.42654446943,1,2,0.768941963059227,0.768941963059227,2.60097653149663,0.768941963059227,-0.22706888774867,2732,"MENARID: Institutional Strengthening and Coherence for Integrated Natural Resources Management"
"416",2326.9216308594,2878.9936523438,2276.4759825328,8.1688451767,118.9117647059,116.3741378784,0,0.0196241166,32.1667157,50.75,97.2,0,24.7416666667,24,-0.8,11.9833333333,10.3402061856,1536.88500977,3.83074446213,1,1,0.436316800548692,0.436316800548692,2.29191266241054,0.436316800548692,-0.22706888774867,2732,"MENARID: Institutional Strengthening and Coherence for Integrated Natural Resources Management"
"417",3260.6987304688,7318.5185546875,1351.6296296296,4.8794503212,411.5819327731,3.2632479668,0,0,32.5000466,55.58333,34.775,0,9.1583333333,31.9,6.3,19.6729166667,0.5917525773,729.928833008,7.87607239133,1,1,0.794714576617687,0.794714576617687,1.25831339882554,0.794714576617687,-0.22706888774867,2732,"MENARID: Institutional Strengthening and Coherence for Integrated Natural Resources Management"
"418",2608.0336914063,4115.1142578125,1801.2146289375,8.0071935654,254.8008130081,170.8146362305,1,0.0132246742,34.6632532,47.066,103.05,0,33.8958333333,24,-1.1,11.5541666667,5.0721442886,1740.90808105,4.84493182157,1,1,0.440565096750927,0.440565096750927,2.2698121285022,0.440565096750927,-0.22706888774867,2732,"MENARID: Institutional Strengthening and Coherence for Integrated Natural Resources Management"
"419",4456.1416015625,15291.619140625,1610.961790393,3.6042096615,776.7226890756,2.8258359432,0,0,32.0167152,56.15,23.25,0,6.95,30.75,5.7,18.6875,0,931.054870605,8.07832186037,1,0,0.792874550262211,0.792874550262211,0,0.792874550262211,-0.22706888774867,2732,"MENARID: Institutional Strengthening and Coherence for Integrated Natural Resources Management"
"420",2649.5986328125,1614.1182861328,1466.3242082662,3.5832240582,19.4519427403,177.8006286621,1,0.0090560703,34.3142221,47.065,111.05,0,33.8833333333,26.35,2.95,14.7291666667,30.5254582485,1616.92651367,4.8180717088,1,0,0.577378426980284,0.577378426980284,0,0.577378426980284,-0.22706888774867,2732,"MENARID: Institutional Strengthening and Coherence for Integrated Natural Resources Management"
"421",1796.4588623047,2041.6707763672,1243.5653292181,6.4243049622,121.9941860465,26.4280395508,0,0.2576206572,37.5000634,57,59,1,21.0375,22.825,-4.275,10.90625,5.6242661448,1685.8013916,6.36067772635,1,3,0.187578526156006,0.187578526156006,15.993301906557,0.187578526156006,2.79392009645781,2732,"MENARID: Institutional Strengthening and Coherence for Integrated Natural Resources Management"
"422",1791.34375,7662.8505859375,1540.7150655022,0.76265347,271.6911764706,78.0678253174,0,0,32.0000452,53,64.4,10.9,32.9291666667,28.225,7.25,17.8395833333,0,823.807800293,5.37512613858,1,1,0.884328678012707,0.884328678012707,1.13080127882682,0.884328678012707,-0.22706888774867,2732,"MENARID: Institutional Strengthening and Coherence for Integrated Natural Resources Management"
"423",2153.1413574219,2049.1801757813,937.2484210526,1.6003733873,186.008,5.2810468674,1,0,35.500056,55,87.65,10.8,40.1375,29.575,5.9,18.2104166667,0.6327345309,870.87890625,6.78631086001,1,1,0.809351506297468,0.809351506297468,1.23555709999811,0.809351506297468,2.79392009645781,2732,"MENARID: Institutional Strengthening and Coherence for Integrated Natural Resources Management"
"424",1688.6915283203,767.4967651367,1180.9505263158,1.3430269957,10.786,5993.8837890625,1,0.0339012777,35.6667266,51.41667,99.3,0.1,24.825,27.3,1.6,15.3625,60.628742515,1441.30090332,4.1562396991,1,1,0.312845662220057,0.312845662220057,3.19646432973904,0.312845662220057,2.79392009645781,2732,"MENARID: Institutional Strengthening and Coherence for Integrated Natural Resources Management"
"425",1602.0749511719,7198.4921875,1154.6334033614,4.1818180084,486.138,35.0173835754,0,21.870046125,36.0000578,109,151.8,2.55,48.1708333333,23.4,-4.35,10.8208333333,0,2293.19970703,7.20767437686,1,2,0.287109737312319,0.287109737312319,6.96597760397237,0.287109737312319,2.79392009645781,2787,"CBPF: Shaanxi Qinling Mountains Integrated Ecosystem Development"
"426",1810.4484863281,4628.8491210938,817.9484425349,7.6954951286,290.2024539877,271.2846984863,0,30.7468355973,34.0531912,108.39237,138.6,4.1,48.725,23.15,-3.5,10.7625,3.0967741936,2215.14501953,8.35501177898,1,3,0.312683568411854,0.312683568411854,9.59436408902857,0.312683568411854,2.79392009645781,2787,"CBPF: Shaanxi Qinling Mountains Integrated Ecosystem Development"
"427",1501.6484375,3171.8837890625,487.6929487179,6.510661602,155.3276699029,62.853427887,0,59.1078767123,-5.0000045,120,495.05,17.8,210.0854166667,27.075,24.8,25.8541666667,0,2905.60620117,3.59438237824,1,0,0.80900939334884,0.80900939334884,0,0.80900939334884,0.470388441277696,3589,"CTI Coastal and Marine Resources Management in the Coral Triangle: Southeast Asia under Coral Triangle Initiative"
"428",NA,NA,158.9428571429,8.0675458908,280.3684210526,214.8307952881,0,3.3039678195,13.0000126,122,NA,NA,NA,NA,NA,NA,0,1039.62841797,1.1016424461,1,0,NA,NA,NA,NA,0.714309785620925,3589,"CTI Coastal and Marine Resources Management in the Coral Triangle: Southeast Asia under Coral Triangle Initiative"
"429",1863.6141357422,8083.4116210938,129.9788461538,3.3330771923,505.8300970874,8.138379097,0,79.9734220809,2.50000227,112.5,492.175,97.025,309.45,26.925,25.2,26.0104166667,0,2583.59277344,4.34783023552,1,2,0.911304023984903,0.911304023984903,2.1946572684432,0.911304023984903,0.470388441277696,3589,"CTI Coastal and Marine Resources Management in the Coral Triangle: Southeast Asia under Coral Triangle Initiative"
"430",NA,NA,NA,NA,NA,NA,0,0,-16.000016,167,NA,NA,NA,NA,NA,NA,0,841.916931152,1.75197402135,1,1,NA,NA,NA,NA,-1.19214372098017,3591,"PAS: Strengthening Coastal and Marine Resources Management in the Coral Triangle of the Pacific - under the Pacific Alliance for Sustainability Program"
"431",2763.2888183594,69952.5703125,825.2055820286,13.6734228134,1059.1867007673,14.8039703369,0,78.9100713835,-6.0000055,147,238.15,49.65,153.0833333333,13.7,11.2,12.5666666667,0,1448.40283203,5.22215592099,1,3,0.765658659100306,0.765658659100306,3.91819509169422,0.765658659100306,3,3591,"PAS: Strengthening Coastal and Marine Resources Management in the Coral Triangle of the Pacific - under the Pacific Alliance for Sustainability Program"
"432",2142.6162109375,11966.13671875,477.1577017115,6.9716615677,1165.125,22.7056598663,0,94.50297125,-18.000018,178,529.6,55.95,246.8583333333,25.95,21.35,23.9416666667,0,2120.10498047,0.767405796239,1,3,0.862717967029751,0.862717967029751,3.4773820815726,0.862717967029751,0.470388441277696,3591,"PAS: Strengthening Coastal and Marine Resources Management in the Coral Triangle of the Pacific - under the Pacific Alliance for Sustainability Program"
"433",291342.71875,9369.0888671875,199.9549407115,4.8457508087,867.8528528529,5.1440119743,0,78.0145237347,-8.0000074,159,479.1,64,224.975,27.5,25.3,26.375,0,2026.18444824,1.9284431293,1,3,0.906413701850812,0.906413701850812,3.30974696639546,0.906413701850812,0.470388441277696,3591,"PAS: Strengthening Coastal and Marine Resources Management in the Coral Triangle of the Pacific - under the Pacific Alliance for Sustainability Program"
"434",2166.6337890625,9877.716796875,1001.7264030612,10.5541706085,912.1394230769,30.3505401611,1,46.3575416972,-8.8333382,125.75,137,0,57.6166666667,25.9,21.4,23.8166666667,0,2644.27294922,5.74575817622,1,2,0.535057333512754,0.535057333512754,3.73791718145347,0.535057333512754,1.59864236017991,3591,"PAS: Strengthening Coastal and Marine Resources Management in the Coral Triangle of the Pacific - under the Pacific Alliance for Sustainability Program"
"435",1925401.25,998182,177.6687344913,6.4208698273,2825.1706161138,106.5296936035,0,0,6.92400641,158.162,NA,NA,NA,NA,NA,NA,3.3704600484,1631.77368164,0.0800432284647,1,3,NA,NA,NA,NA,1.66010646929438,3626,"PAS: The Micronesia Challenge :  Sustainable Finance Systems for Island Protected Area Management - under the GEF Pacific Alliance for Sustainability"
"436",2082066.625,7494.5625,68.8474358974,2.3020179272,1734.5789473684,12.9565792084,0,41.4596331786,7.50300697,134.621,NA,NA,NA,NA,NA,NA,0.6884057971,1467.18835449,0.552668413127,1,3,NA,NA,NA,NA,0.714309785620925,3626,"PAS: The Micronesia Challenge :  Sustainable Finance Systems for Island Protected Area Management - under the GEF Pacific Alliance for Sustainability"
"437",NA,NA,4.8222222222,0.0833049566,3683.4444444445,1012.75,0,0,7.11300659,171.236,NA,NA,NA,NA,NA,NA,1.7566909976,585.999023438,4.33940553914,1,3,NA,NA,NA,NA,1.66010646929438,3626,"PAS: The Micronesia Challenge :  Sustainable Finance Systems for Island Protected Area Management - under the GEF Pacific Alliance for Sustainability"
"438",1397323.625,3605.5512695313,8.5434782609,0.1497221738,3125.8823529412,880.2933349609,0,0,1.42100129,172.984,NA,NA,NA,NA,NA,NA,0.9632352941,653.55291748,10.2845582883,1,3,NA,NA,NA,NA,1.59864236017991,3664,"PAS: Prevention, Control and Management of Invasive Alien Species in the Pacific Islands"
"439",15768914,454.0440063477,59.4133114215,0.8245019317,3605.0700636943,7.4944267273,0,0,-19.03335,-169.86667,NA,NA,NA,NA,NA,NA,0.4335664336,1987.50756836,4.13800462515,1,3,NA,NA,NA,NA,-1.19214372098017,3664,"PAS: Prevention, Control and Management of Invasive Alien Species in the Pacific Islands"
"440",NA,NA,4.8222222222,0.0833049566,3683.4444444445,1012.75,0,0,7.11300659,171.236,NA,NA,NA,NA,NA,NA,1.7566909976,585.999023438,4.33940553914,1,3,NA,NA,NA,NA,1.66010646929438,3664,"PAS: Prevention, Control and Management of Invasive Alien Species in the Pacific Islands"
"441",2763.2888183594,69952.5703125,825.2055820286,13.6734228134,1059.1867007673,14.8039703369,0,78.9100713835,-6.0000055,147,238.15,49.65,153.0833333333,13.7,11.2,12.5666666667,0,1448.40283203,5.22215592099,1,3,0.765658659100306,0.765658659100306,3.91819509169422,0.765658659100306,3,3664,"PAS: Prevention, Control and Management of Invasive Alien Species in the Pacific Islands"
"442",2082066.625,7494.5625,68.8474358974,2.3020179272,1734.5789473684,12.9565792084,0,41.4596331786,7.50300697,134.621,NA,NA,NA,NA,NA,NA,0.6884057971,1467.18835449,0.552668413127,1,3,NA,NA,NA,NA,0.714309785620925,3664,"PAS: Prevention, Control and Management of Invasive Alien Species in the Pacific Islands"
"443",15938094,2303.5610351563,28.6744186047,1.1426821947,4139.2,48.5546913147,0,0,-13.800013,-172.13333,290.3,53.5,152.6833333333,27.5,24.9,26.3083333333,0.1282051282,1391.28674316,1.48108617079,1,3,0.756519876684051,0.756519876684051,3.96552700392947,0.756519876684051,-1.19214372098017,3664,"PAS: Prevention, Control and Management of Invasive Alien Species in the Pacific Islands"
"444",NA,NA,NA,NA,NA,NA,0,0,-16.000016,167,NA,NA,NA,NA,NA,NA,0,841.916931152,1.75197402135,1,1,NA,NA,NA,NA,-1.19214372098017,3664,"PAS: Prevention, Control and Management of Invasive Alien Species in the Pacific Islands"
"445",1925401.25,998182,177.6687344913,6.4208698273,2825.1706161138,106.5296936035,0,0,6.92400641,158.162,NA,NA,NA,NA,NA,NA,3.3704600484,1631.77368164,0.0800432284647,1,3,NA,NA,NA,NA,1.66010646929438,3664,"PAS: Prevention, Control and Management of Invasive Alien Species in the Pacific Islands"
"446",15198538,672.4438476563,113.6609195402,5.9262189865,2054.2441860465,185.6255950928,0,0,-21.248443,-159.78516,353.5,73.5,164.5666666667,27.4,22,24.6666666667,3.013667426,958.58581543,0.0157939248814,1,3,0.62789335910963,0.62789335910963,4.77788139733486,0.62789335910963,0.470388441277696,3664,"PAS: Prevention, Control and Management of Invasive Alien Species in the Pacific Islands"
"447",NA,NA,NA,NA,NA,NA,0,0,-20.000021,-175,NA,NA,NA,NA,NA,NA,0,493.287780762,1.51185269572,1,3,NA,NA,NA,NA,-1.19214372098017,3664,"PAS: Prevention, Control and Management of Invasive Alien Species in the Pacific Islands"
"448",1298.6293945313,1210.5543212891,-0.0353107345,0.0716796145,157.2452830189,390.2326660156,0,1.206878241,33.5961598,120.56549,187.7,3.6,73.175,27,3.6,15.2416666667,0.512244898,926.610534668,1.73005914942,1,1,0.938108040976483,0.938108040976483,1.06597529956048,0.938108040976483,0.714309785620925,3670,"CBPF: Jiangsu Yancheng Wetlands System Protection "
"449",2858.5532226563,6533.8198242188,2.3985900217,0.0774865672,278.2295081967,376.9258117676,1,0.2143997013,33.2102587,120.55451,200.7,0,75.35,28.6,4.1,16.1083333333,7.0103305785,2186.43920898,1.9911898487,1,1,0.798055536050826,0.798055536050826,1.25304562756183,0.798055536050826,0.714309785620925,3670,"CBPF: Jiangsu Yancheng Wetlands System Protection "
"450",1907.0430908203,2430.0070800781,0.5495156082,0.0819998011,61.9612244898,429.7703552246,0,0.2066448122,33.7558003,120.24694,187.7,3.6,73.175,27,3.6,15.2416666667,10.0164609053,2157.42382812,1.38524785355,1,1,0.771770995141867,0.771770995141867,1.2957211482354,0.771770995141867,0.714309785620925,3670,"CBPF: Jiangsu Yancheng Wetlands System Protection "
"451",1459.3419189453,33377.25,332.2005141388,0.1650308967,2541.4223300971,0.7372406125,1,90.9045220367,1.34667122,17.15167,214.8,24.6,134.525,26.9,23.9,25.125,0,3165.17797852,0.289611709069,1,3,0.453171360673661,0.453171360673661,6.62001234045408,0.453171360673661,2.91749906732612,3750,"CBSP Catalyzing Sustainable Forest Management in the Lake Tele-Lake Tumba (LTLT) Transboundary Wetland Landscape"
"452",1712.8786621094,3769.3503417969,354.1019230769,0.7693830729,650.6990291262,5.0971474648,0,58.5267256067,-1.0000009,15.5,281.525,40.7,141.7395833333,26.225,24.15,25.2291666667,0,2958.59521484,3.05178182471,1,3,0.357121821310064,0.357121821310064,8.40049479193071,0.357121821310064,2.91749906732612,3750,"CBSP Catalyzing Sustainable Forest Management in the Lake Tele-Lake Tumba (LTLT) Transboundary Wetland Landscape"
"453",1226.251953125,3576.1176757813,454.4416666667,1.4286433458,600.890776699,5.0110859871,1,99.8009741416,-2.5000022,23.5,218.2,53.375,145.10625,25.125,23.45,24.0875,0,2744.14941406,4.56662345862,1,1,0.49058034620037,0.49058034620037,2.03840208386898,0.49058034620037,0.470388441277696,3750,"CBSP Catalyzing Sustainable Forest Management in the Lake Tele-Lake Tumba (LTLT) Transboundary Wetland Landscape"
"454",1232.5614013672,4632.1743164063,364.2079334613,0.9002512693,387.113253012,16.6886711121,0,68.8181288844,3.70988338,18.5961,202.8,22.8,106.025,26.3,22.7,24.55,0,3423.17285156,2.62300051861,1,3,0.267044703029004,0.267044703029004,11.2340741680024,0.267044703029004,2.91749906732612,3750,"CBSP Catalyzing Sustainable Forest Management in the Lake Tele-Lake Tumba (LTLT) Transboundary Wetland Landscape"
"455",1508.544921875,11118.4228515625,297.1412066752,0.2574080825,398.8861985472,11.1737098694,0,18.4857843376,-2.0846518,18.3391,277.8,37.65,144.2958333333,26.8,24.75,25.65,0,1948.75488281,3.55476331775,1,3,0.730457766487474,0.730457766487474,4.10701362575141,0.730457766487474,0.470388441277696,3750,"CBSP Catalyzing Sustainable Forest Management in the Lake Tele-Lake Tumba (LTLT) Transboundary Wetland Landscape"
"456",3034.6169433594,14712.5009765625,319.1712636305,0.1202670708,567.9057971015,18.5986366272,0,91.1266746739,-0.3400003,18.121,214.8,79.3,138.3833333333,25.7,23.3,24.225,0,3160.00366211,1.8260981354,1,3,0.235861634228086,0.235861634228086,12.7193216896772,0.235861634228086,2.91749906732612,3750,"CBSP Catalyzing Sustainable Forest Management in the Lake Tele-Lake Tumba (LTLT) Transboundary Wetland Landscape"
"457",1374.9216308594,13826.369140625,296.2694533762,0.1202220842,179.012195122,14.4874887466,1,5.7213920633,-0.7593906,18.0205,221.4,86.3,144.2458333333,26.2,23.9,24.8458333333,0,1880.79125977,2.19216102194,1,3,0.528719045884178,0.528719045884178,5.67409103824337,0.528719045884178,0.470388441277696,3750,"CBSP Catalyzing Sustainable Forest Management in the Lake Tele-Lake Tumba (LTLT) Transboundary Wetland Landscape"
"458",362869.5,796.3404541016,27.5211581292,0.7873980999,523.1512605042,65.5300140381,0,0,16.700017,-23,NA,NA,NA,NA,NA,NA,2.6386946387,465.550292969,10.0061112327,1,3,NA,NA,NA,NA,0.255867364874895,3752,"SPWA-BD: Consolidation of Cape Verde's Protected Areas System"
"459",341025.0625,1680.6229248047,69.103985056,1.7202832699,461.7677725118,6.4872031212,0,0.0015545343,16.0833462,-22.83333,NA,NA,NA,NA,NA,NA,0.6876456876,710.92388916,10.3334560045,1,3,NA,NA,NA,NA,0.255867364874895,3752,"SPWA-BD: Consolidation of Cape Verde's Protected Areas System"
"460",398508.4375,2091.5397949219,1111.4309252218,13.6502895355,450.9134615385,77.4732284546,0,3.6303057059,14.9413948,-24.39445,NA,NA,NA,NA,NA,NA,0.1258907363,1267.06323242,12.2360447389,1,3,NA,NA,NA,NA,-0.229814866879481,3752,"SPWA-BD: Consolidation of Cape Verde's Protected Areas System"
"461",363305.75,771.7670288086,36.5667311412,1.3275897503,553.1925925926,65.5300140381,0,0,16.8000171,-23,NA,NA,NA,NA,NA,NA,2.0815850816,469.699157715,9.93641102312,1,3,NA,NA,NA,NA,0.255867364874895,3752,"SPWA-BD: Consolidation of Cape Verde's Protected Areas System"
"462",360660.9375,700.4442138672,18.4657534247,0.7068936825,506.6440677966,65.5300064087,0,0,16.5833468,-22.93333,NA,NA,NA,NA,NA,NA,2.6736596737,394.650054932,10.0409320612,1,3,NA,NA,NA,NA,0.255867364874895,3752,"SPWA-BD: Consolidation of Cape Verde's Protected Areas System"
"463",362303.625,999.3449707031,35.3783783784,1.5244404078,551.385620915,65.5300140381,0,0,16.8218377,-22.913311,NA,NA,NA,NA,NA,NA,1.9158878505,441.599273682,9.85897960784,1,3,NA,NA,NA,NA,0.255867364874895,3752,"SPWA-BD: Consolidation of Cape Verde's Protected Areas System"
"464",361877.78125,936.1428222656,33.4207708779,1.3364082575,539.0167364017,65.5300064087,0,0,16.747937,-22.92688,NA,NA,NA,NA,NA,NA,3.0951276102,468.466949463,9.92035334504,1,3,NA,NA,NA,NA,0.255867364874895,3752,"SPWA-BD: Consolidation of Cape Verde's Protected Areas System"
"465",360825.15625,745.2341308594,24.3575883576,0.8592492342,514.062992126,65.5300140381,0,0,16.6580968,-22.886173,NA,NA,NA,NA,NA,NA,3.5271867612,414.715087891,9.9547039717,1,3,NA,NA,NA,NA,0.255867364874895,3752,"SPWA-BD: Consolidation of Cape Verde's Protected Areas System"
"466",490025.3125,586.8020629883,773.1084875558,11.8287010193,310.1687041565,60.4853286743,0,0.1583799849,17.0687774,-25.18255,NA,NA,NA,NA,NA,NA,0.8143851508,1163.52709961,11.4485633454,1,3,NA,NA,NA,NA,-0.229814866879481,3752,"SPWA-BD: Consolidation of Cape Verde's Protected Areas System"
"467",336754.84375,1543.7595214844,47.0555555556,1.3419834375,438.7046979866,6.487203598,0,2.58430714725e-05,15.9688389,-22.789457,NA,NA,NA,NA,NA,NA,0,522.000671387,10.3887879663,1,3,NA,NA,NA,NA,0.255867364874895,3752,"SPWA-BD: Consolidation of Cape Verde's Protected Areas System"
"468",360696.8125,763.1428833008,23.7078651685,0.8704612255,513.2857142857,65.5300140381,0,0,16.6500169,-22.88333,NA,NA,NA,NA,NA,NA,3.351981352,413.839233398,9.95841315668,1,3,NA,NA,NA,NA,0.255867364874895,3752,"SPWA-BD: Consolidation of Cape Verde's Protected Areas System"
"469",476374.4375,1031.9197998047,124.414271556,5.8304400444,47.8461538462,235.4564971924,0,0.0636779378,16.8472772,-24.97742,159.5,0,27.3333333333,26.5,22.4,23.9916666667,6.8192488263,531.610900879,11.4135711164,1,3,0.817790886522999,0.817790886522999,3.66841945714888,0.817790886522999,-2.8051627057502,3752,"SPWA-BD: Consolidation of Cape Verde's Protected Areas System"
"470",1386.0157470703,3657.5427246094,612.8153846154,2.8448386192,350.2791262136,7.7888817787,2,90.2412353271,1.70000154,10.5,320.5,24.55,179.3,25.35,23.05,24.2958333333,0,2799.4296875,6.94974358029,1,3,0.567724273402462,0.567724273402462,5.28425529882758,0.567724273402462,1.59864236017991,3757,"CBSP – Strengthening the National System of protected areas in Equatorial Guinea for the effective conservation of representative ecosystems and globally significant biodiversity"
"471",6025.9853515625,2095.69921875,844.4564102564,7.9322075844,253.5655339806,18.3800487518,1,73.4563096387,3.50000319,8.7,291.9,0,144.45,25.5,23.3,24.575,0.1127098321,1098.04199219,5.37238109473,1,0,0.865898370769699,0.865898370769699,0,0.865898370769699,1.59864236017991,3757,"CBSP – Strengthening the National System of protected areas in Equatorial Guinea for the effective conservation of representative ecosystems and globally significant biodiversity"
"472",1414.4034423828,2862.5561523438,668.2205128205,2.0360622406,299.7694174757,7.2662029266,1,89.8289453136,1.58333143,10.5,320.95,21.85,182.3208333333,25.425,23,24.3708333333,0,3149.04125977,6.9449266462,1,3,0.532100268626427,0.532100268626427,5.63803511647204,0.532100268626427,2.91749906732612,3757,"CBSP – Strengthening the National System of protected areas in Equatorial Guinea for the effective conservation of representative ecosystems and globally significant biodiversity"
"473",2614.6225585938,4567.2451171875,634.8277634961,8.1695108414,392.1493975904,9.2677555084,1,90.4865097008,1.53040368,10.1110095,335.5,28.9,186.9416666667,25.75,23.35,24.7,0,1537.56591797,7.33225948011,1,3,0.79501325225928,0.79501325225928,3.77352200290317,0.79501325225928,1.59864236017991,3757,"CBSP – Strengthening the National System of protected areas in Equatorial Guinea for the effective conservation of representative ecosystems and globally significant biodiversity"
"474",1092.0509033203,15987.92578125,294.3818998716,6.3009123802,1316.3284671533,1.4147640467,2,89.6440979977,0.80573143,10.1601359,313.9,0,153.8666666667,26.6,23,25.2,0,2240.96166992,7.30170678496,1,3,0.569018311152235,0.569018311152235,5.27223806545899,0.569018311152235,1.59864236017991,3761,"CBSP: Sustainable Management of the Mbe River Forested Watershed through the Development of a Payments for Ecosystem Services (PES) Mechanism"
"475",4621.2563476563,2011.0015869141,19.2119503946,0.7142031193,16.4847161572,1950.3294677734,0,18.829873969,0.39241035,9.45356,388.5,0,196.7416666667,27.8,25.3,26.7583333333,28.6195121951,1711.35620117,8.04537869294,1,3,0.899747772067529,0.899747772067529,3.33426777274069,0.899747772067529,1.59864236017991,3761,"CBSP: Sustainable Management of the Mbe River Forested Watershed through the Development of a Payments for Ecosystem Services (PES) Mechanism"
"476",1289.5385742188,12342.3994140625,294.8459657702,0.340739429,1018.662037037,0.1451878101,0,0,18.0000186,-2,40.425,0,8.1541666667,36.375,21.6,30.05,0,1041.79174805,3.42172009005,1,1,0.554205787689047,0.554205787689047,1.80438389893012,0.554205787689047,0.327752569057518,3763,"SPWA-BD: Expansion and Strengthening of Mali's PA System"
"477",2007.0888671875,9500.41015625,310.9025477707,0.85788697,312.8349282297,12.0212898254,1,16.6450285158,9.50000895,2.25,361,1.15,92.5625,29.6,24.8,27.0416666667,0,2765.44604492,1.90393505012,1,3,0.305675712096063,0.305675712096063,9.81432243807844,0.305675712096063,-0.229814866879481,3770,"SPWA-BD: Incorporation of Sacred Forests into the Protected Areas System of Benin"
"478",1451.7625732422,2173.1716308594,26.3369565217,0.4691357315,79.0817307692,404.1295471191,0,15.6326647425,6.61667611,2.51667,273.7,0.7,92.3875,29.3,25.4,27.4958333333,1.2949640288,2327.91699219,1.65537058155,1,3,0.483526821986809,0.483526821986809,6.20441279280644,0.483526821986809,0.860942765506434,3770,"SPWA-BD: Incorporation of Sacred Forests into the Protected Areas System of Benin"
"479",3628.7294921875,2115.9272460938,73.442455243,0.7266611457,105.5600961538,121.0218429565,0,25.7254929052,6.9166764,2.16667,308.1,0,103.1416666667,29.55,25.45,27.5541666667,0,2514.88232422,1.84465572854,1,3,0.47205018654672,0.47205018654672,6.35525646530611,0.47205018654672,0.860942765506434,3770,"SPWA-BD: Incorporation of Sacred Forests into the Protected Areas System of Benin"
"480",2773.72265625,17764.6171875,208.9261363636,0.7320961356,1022.1103117506,9.5196237564,2,9.157324824,11.2305107,1.5266,232.85,0,71.4041666667,32.55,26.6,28.8833333333,0,2528.3269043,0.0329756397131,1,3,0.536902530370967,0.536902530370967,5.58760637229105,0.536902530370967,0.327752569057518,3770,"SPWA-BD: Incorporation of Sacred Forests into the Protected Areas System of Benin"
"481",2140.6994628906,1858.7006835938,39.2122762148,0.6685628891,163.0096153846,229.1715545654,0,18.4947501182,6.58333608,1.83333,242.9,0,94.175,29.3,25.3,27.45,0.5683453237,2453.90454102,2.27608532579,1,3,0.504556416746127,0.504556416746127,5.94581676187359,0.504556416746127,0.860942765506434,3770,"SPWA-BD: Incorporation of Sacred Forests into the Protected Areas System of Benin"
"482",2455.5578613281,9274.7001953125,264.1663516068,0.4441657662,804.0767386091,5.7790236473,2,5.2668728801,12.0759716,2.5235,223.4,0,67.4708333333,33.85,24.8,28.875,0,2519.39306641,1.19542811327,1,2,0.489485835958012,0.489485835958012,4.08592006770868,0.489485835958012,0.327752569057518,3770,"SPWA-BD: Incorporation of Sacred Forests into the Protected Areas System of Benin"
"483",2989.1142578125,3721.0112304688,241.90625,0.7670230269,337.6850961538,23.1809444427,0,23.5129084328,8.2500077,1.75,211.9,0,94.3666666667,29.3,24.8,26.9916666667,0,2653.03417969,2.29280526778,1,3,0.551571066190268,0.551571066190268,5.43900901242186,0.551571066190268,-1.75788949863056,3770,"SPWA-BD: Incorporation of Sacred Forests into the Protected Areas System of Benin"
"484",3004.9506835938,4122.5,147.2474554707,0.7426276207,253.5574162679,34.3848953247,0,15.7606137501,7.4310069,1.938,281.2,0,105.2277777778,29.3666666667,25.1333333333,27.2111111111,0,2383.72973633,1.97986914389,1,3,0.580895296760461,0.580895296760461,5.16444188260847,0.580895296760461,-1.75788949863056,3770,"SPWA-BD: Incorporation of Sacred Forests into the Protected Areas System of Benin"
"485",2340.587890625,4187.8198242188,374.9034307497,0.8222942352,166.9619047619,15.5688180923,0,13.9174421012,9.7500092,2.75,363.6,0,93.5916666667,29,24.4,26.4916666667,0,2855.14208984,1.95255535135,1,3,0.329337584335268,0.329337584335268,9.10919416031781,0.329337584335268,-0.229814866879481,3770,"SPWA-BD: Incorporation of Sacred Forests into the Protected Areas System of Benin"
"486",2365.0344238281,3928.5432128906,123.9060102302,1.1437907219,112.9471153846,193.7993621826,0,14.5079308924,7.08333656,1.83333,261.95,0,100.2791666667,29.25,25.15,27.25,0.0839328537,2643.12939453,2.12459410013,1,3,0.473550374559072,0.473550374559072,6.33512327551918,0.473550374559072,-1.75788949863056,3770,"SPWA-BD: Incorporation of Sacred Forests into the Protected Areas System of Benin"
"487",1528.4162597656,2505.7321777344,378.3137755102,0.7128671408,176.0985576923,11.9416456223,0,18.8533508446,9.33333878,1.78333,330,0,95.575,29.6,24.7,26.8916666667,0,2803.37548828,1.93748964414,1,3,0.411120568925308,0.411120568925308,7.29712942323018,0.411120568925308,-0.229814866879481,3770,"SPWA-BD: Incorporation of Sacred Forests into the Protected Areas System of Benin"
"488",1539.9361572266,1650.6878662109,423.3602564103,0.4828625023,383.4854368932,6.0804567337,1,84.1053365684,2.80000255,24.73333,217.2,7.3,124.3916666667,25.7,23.8,24.8166666667,0,4004.98095703,5.68067771981,1,3,0.305831623740447,0.305831623740447,9.80931913877565,0.305831623740447,2.91749906732612,3772,"CBSP Forest and Nature Conservation Project"
"489",1253.1105957031,1795.4190673828,380.0121794872,1.0626862049,43.677184466,17.528219223,0,60.8218290136,2.15000195,21.51667,235.45,29.55,122.725,25.8,23.35,24.2375,0,3314.72363281,4.15235120411,1,3,0.40448236276438,0.40448236276438,7.4168870541027,0.40448236276438,2.91749906732612,3772,"CBSP Forest and Nature Conservation Project"
"490",2220.6044921875,1640.1036376953,1291.6346153846,1.8279950619,57.3519417476,79.0939178467,0,26.9257454492,1.56667142,30.25,147.65,41,94.0416666667,23.65,20.55,21.5291666667,0.6882494005,3334.2265625,0.573544603919,1,2,0.33741171801505,0.33741171801505,5.92747641298809,0.33741171801505,1.27472063837443,3772,"CBSP Forest and Nature Conservation Project"
"491",1526.0341796875,8994.5712890625,373.6012820513,0.3760889769,565.9733009709,55.1167640686,0,77.9126161527,3.08333281,19.35,232,7.6,113.5666666667,26.75,23.65,25.0333333333,0,3399.33398438,2.57514176769,1,3,0.417719073288555,0.417719073288555,7.1818602305661,0.417719073288555,2.91749906732612,3772,"CBSP Forest and Nature Conservation Project"
"492",1574.9553222656,5163.8481445313,460.5942307692,0.7899475098,324.4587378641,4.6042351723,0,91.7835786647,0.23333021,25.56667,207.35,67.9,137.5333333333,26.55,23.9,25.225,0,2941.78393555,3.39787764829,1,1,0.342455725591502,0.342455725591502,2.92008550382028,0.342455725591502,2.91749906732612,3772,"CBSP Forest and Nature Conservation Project"
"493",1783.0366210938,4161.255859375,431.6416666667,1.4097942114,357.3616504854,8.0070915222,1,55.3397589775,4.28333391,21.01667,215.7,5.1,107.7708333333,27.1,23.55,25.725,1.376498801,3399.4152832,4.62172475298,1,3,0.293195791218791,0.293195791218791,10.2320704793519,0.293195791218791,2.91749906732612,3772,"CBSP Forest and Nature Conservation Project"
"494",1125.9354248047,25602.806640625,471.9551569507,2.0212900639,1711.3188405797,10.8189668655,1,92.1393219018,3.88593354,21.05228,212.8,13.5,110.4583333333,27,23.6,25.4666666667,0,3509.05322266,4.40983080628,1,3,0.25680126478073,0.25680126478073,11.682185454038,0.25680126478073,2.91749906732612,3772,"CBSP Forest and Nature Conservation Project"
"495",1592.8743896484,3897.52734375,326.2581888247,0.3348382413,610.6446078431,5.0965476036,0,98.6022519974,-2.5910023,19.335,315,21.1,133.725,26.5,24.5,25.3333333333,0,2913.00537109,4.37678232546,1,3,0.475282512283279,0.475282512283279,6.31203531051008,0.475282512283279,2.91749906732612,3772,"CBSP Forest and Nature Conservation Project"
"496",1420.5335693359,5611.3579101563,889.4443021767,2.339931488,655.7,10.5056695938,0,43.5400628742,-6.542006,17.832,382.8,11.3,140.7125,23.6,21.85,22.8833333333,0,2568.27490234,7.62193775257,1,1,0.454292682184486,0.454292682184486,2.20122409894753,0.454292682184486,1.59864236017991,3772,"CBSP Forest and Nature Conservation Project"
"497",2607.2163085938,4531.1342773438,342.691025641,0.5903068185,366.2111650485,6.7114105225,0,99.7260991627,0.20000018,18.93333,228.6,95.4,142.5416666667,26.3,23.7,24.5583333333,0,3374.19116211,1.88684684452,1,3,0.169484214164546,0.169484214164546,17.7007635477332,0.169484214164546,2.91749906732612,3772,"CBSP Forest and Nature Conservation Project"
"498",3495.9233398438,1748.7307128906,749.4224358974,0.9232647419,53.572815534,31.5775146484,0,79.3000916832,2.76667251,27.61667,298.6,52.2,176.1333333333,26.1,22.8,24.425,0,3438.16845703,3.12026782183,1,3,0.393857271777314,0.393857271777314,7.61697247955395,0.393857271777314,2.91749906732612,3772,"CBSP Forest and Nature Conservation Project"
"499",1053.7673339844,2856.7924804688,346.3352564103,0.2890316546,469.6796116505,12.1484689713,0,92.7253551211,-0.2166701,20.86667,234.4,111.8,164.225,26.1,23.6,24.6083333333,0,2930.16992188,3.76877912642,1,3,0.250203309122069,0.250203309122069,11.9902490919349,0.250203309122069,2.91749906732612,3772,"CBSP Forest and Nature Conservation Project"
"500",2008.1499023438,1953.9729003906,447.9967948718,2.4270522594,54.4368932039,79.5825195313,0,41.0411835091,-5.0333346,18.81667,328.7,11.4,132.9458333333,25.75,23.85,24.9666666667,0,3034.74291992,6.53457718227,1,3,0.364952772386068,0.364952772386068,8.22024170521009,0.364952772386068,2.91749906732612,3772,"CBSP Forest and Nature Conservation Project"
"501",1329.8551025391,8356.3134765625,550.097826087,1.1637233496,519.9735576923,2.1938695908,0,49.2019405994,7.00000648,21,190.25,0,89.3916666667,28.2,23.275,25.49375,0,3620.23608398,6.67332559751,1,3,0.406805223182099,0.406805223182099,7.37453658174174,0.406805223182099,1.63934044333439,3777,"CBSP Sustainable Management of the Wildlife and Bushmeat Sector in Central Africa"
"502",1226.251953125,3576.1176757813,454.4416666667,1.4286433458,600.890776699,5.0110859871,1,99.8009741416,-2.5000022,23.5,218.2,53.375,145.10625,25.125,23.45,24.0875,0,2744.14941406,4.56662345862,1,1,0.49058034620037,0.49058034620037,2.03840208386898,0.49058034620037,0.470388441277696,3777,"CBSP Sustainable Management of the Wildlife and Bushmeat Sector in Central Africa"
"503",1014.279296875,3994.3354492188,396.0794871795,3.5187506676,684.6674757282,0.9057051539,0,94.6009172968,-1.0000009,11.75,290.4,2.9,137.5791666667,24,21.2,22.8291666667,0,3366.27368164,6.15910889095,1,3,0.305931720683102,0.305931720683102,9.80610965512639,0.305931720683102,2.91749906732612,3777,"CBSP Sustainable Management of the Wildlife and Bushmeat Sector in Central Africa"
"504",1712.8786621094,3769.3503417969,354.1019230769,0.7693830729,650.6990291262,5.0971474648,0,58.5267256067,-1.0000009,15.5,281.525,40.7,141.7395833333,26.225,24.15,25.2291666667,0,2958.59521484,3.05178182471,1,3,0.357121821310064,0.357121821310064,8.40049479193071,0.357121821310064,2.91749906732612,3777,"CBSP Sustainable Management of the Wildlife and Bushmeat Sector in Central Africa"
"505",1587.7547607422,2971.5419921875,347.3182397959,0.9133900404,159.9543269231,42.45079422,0,12.3492548987,8.66667811,1.08333,267.1,0,107.6708333333,28.9,24.25,26.1375,0,2613.63842773,2.61670897814,1,3,0.642360561811288,0.642360561811288,4.67027426394421,0.642360561811288,-1.75788949863056,3781,"SPWA-BD: Evolution of PA systems with regard to climate change in the West Africa Region "
"506",1289.5385742188,12342.3994140625,294.8459657702,0.340739429,1018.662037037,0.1451878101,0,0,18.0000186,-2,40.425,0,8.1541666667,36.375,21.6,30.05,0,1041.79174805,3.42172009005,1,1,0.554205787689047,0.554205787689047,1.80438389893012,0.554205787689047,0.327752569057518,3781,"SPWA-BD: Evolution of PA systems with regard to climate change in the West Africa Region "
"507",1832.6340332031,496.6928100586,350.5650510204,1.1322458982,313.5336538462,42.2705841064,0,55.4721482977,8.50000794,-11.5,494.95,18.325,161.1791666667,27.875,25,26.4895833333,0,3624.3659668,0.166666670189,1,2,0.134030206953625,0.134030206953625,14.9220093399692,0.134030206953625,-0.229814866879481,3781,"SPWA-BD: Evolution of PA systems with regard to climate change in the West Africa Region "
"508",1520.5865478516,17595.171875,342.0866336634,0.1406189352,706.9065420561,6.0646119118,2,0,15.0000149,19,55.25,0,10.5541666667,34.625,22.15,29.4958333333,0,1326.93322754,8.77069381692,1,0,0.521990074060098,0.521990074060098,0,0.521990074060098,-1.77977425969998,3781,"SPWA-BD: Evolution of PA systems with regard to climate change in the West Africa Region "
"509",1738.4621582031,883.4922485352,16.3734413965,0.4952503741,272.9146919431,87.60962677,1,6.8670063906,13.5000132,-15.5,226.85,0,63.8958333333,30.375,25.775,28.3916666667,0.2284382284,2390.96142578,4.98426291001,1,3,0.336364027676139,0.336364027676139,8.91890854300414,0.336364027676139,0.860942765506434,3781,"SPWA-BD: Evolution of PA systems with regard to climate change in the West Africa Region "
"510",15768914,454.0440063477,59.4133114215,0.8245019317,3605.0700636943,7.4944267273,0,0,-19.03335,-169.86667,NA,NA,NA,NA,NA,NA,0.4335664336,1987.50756836,4.13800462515,1,3,NA,NA,NA,NA,-1.19214372098017,3819,"PAS: Forestry and Protected Area Management"
"511",2142.6162109375,11966.13671875,477.1577017115,6.9716615677,1165.125,22.7056598663,0,94.50297125,-18.000018,178,529.6,55.95,246.8583333333,25.95,21.35,23.9416666667,0,2120.10498047,0.767405796239,1,3,0.862717967029751,0.862717967029751,3.4773820815726,0.862717967029751,0.470388441277696,3819,"PAS: Forestry and Protected Area Management"
"512",15938094,2303.5610351563,28.6744186047,1.1426821947,4139.2,48.5546913147,0,0,-13.800013,-172.13333,290.3,53.5,152.6833333333,27.5,24.9,26.3083333333,0.1282051282,1391.28674316,1.48108617079,1,3,0.756519876684051,0.756519876684051,3.96552700392947,0.756519876684051,-1.19214372098017,3819,"PAS: Forestry and Protected Area Management"
"513",NA,NA,NA,NA,NA,NA,0,0,-16.000016,167,NA,NA,NA,NA,NA,NA,0,841.916931152,1.75197402135,1,1,NA,NA,NA,NA,-1.19214372098017,3819,"PAS: Forestry and Protected Area Management"
"514",2646.494140625,2182.9704589844,31.6738421396,0.4392163754,140.328358209,38.2211494446,1,73.1783894557,3.50000319,9.83333,426.9,41.4,206.3166666667,26.6,24.5,25.7083333333,0,2053.25952148,6.29816540874,1,0,0.723030238450404,0.723030238450404,0,0.723030238450404,1.59864236017991,3821,"CBSP Sustainable Community Based Management and Conservation of Mangrove Ecosystems in Cameroon"
"515",1128.9294433594,5107.712890625,32.5725288832,0.9485715032,380.036407767,16.3733501434,0,59.0451640527,4.83333443,8.83333,558.6,0,229.0416666667,27.7,25.5,26.7333333333,0,1766.69348145,4.77961179492,1,0,0.894196273327173,0.894196273327173,0,0.894196273327173,-1.19214372098017,3821,"CBSP Sustainable Community Based Management and Conservation of Mangrove Ecosystems in Cameroon"
"516",2009.2990722656,2747.6862792969,807.1777493606,1.8636331558,397.4110576923,9.355591774,1,52.6942868936,6.00000552,12.5,351.5,0,138.54375,24.8,21.775,23.0708333333,0,3679.55297852,6.7817956846,1,3,0.341056674042969,0.341056674042969,8.79619203587858,0.341056674042969,2.91749906732612,3821,"CBSP Sustainable Community Based Management and Conservation of Mangrove Ecosystems in Cameroon"
"517",1876.3583984375,2740.2385253906,650.0891025641,1.5151506662,192.3786407767,16.2360305786,0,89.2633869894,2.7500025,11.58333,242.95,12.1,141,25.05,22.9,24,0,3543.88427734,6.02168975097,1,3,0.428240902241139,0.428240902241139,7.00540276349111,0.428240902241139,2.91749906732612,3821,"CBSP Sustainable Community Based Management and Conservation of Mangrove Ecosystems in Cameroon"
"518",2499.8569335938,6028.2329101563,13.4373831776,0.4455085397,34.134751773,402.3405151367,1,22.5008950033,4.00000365,9.66667,576.35,20.7,232.9541666667,27.1,24.75,26.175,18.4964028777,1830.05187988,5.90058963866,1,0,0.778199300821132,0.778199300821132,0,0.778199300821132,1.59864236017991,3821,"CBSP Sustainable Community Based Management and Conservation of Mangrove Ecosystems in Cameroon"
"519",1397323.625,3605.5512695313,8.5434782609,0.1497221738,3125.8823529412,880.2933349609,0,0,1.42100129,172.984,NA,NA,NA,NA,NA,NA,0.9632352941,653.55291748,10.2845582883,1,3,NA,NA,NA,NA,1.59864236017991,3897,"PAS: Phoenix Islands Protected Area (PIPA)"
"520",1969.4373779297,2149.1430664063,655.7398568019,1.1046363115,65.9311926606,292.9481811523,0,0.2960401878,22.0000244,79,443.55,0.225,91.775,33.6,18.375,25.2791666667,7.6935123043,2204.42089844,0.488263826835,1,3,0.728317593125463,0.728317593125463,4.11908215360549,0.728317593125463,2.79392009645781,3936,"IND-BD Mainstreaming Coastal and Marine Biodiversity Conservation into Production Sectors in the Godavari River Estuary in Andhra Pradesh State"
"521",2990.6401367188,462071.4375,62.5529061103,1.7040389776,125.4502923977,182.9615936279,0,2.4841809608,16.0619016,73.456907,1072,0,256.6875,31.15,25.7,28.0375,2.8534883721,2317.93652344,0.775984329074,1,0,0.427988162719776,0.427988162719776,0,0.427988162719776,0.832481756733193,3941,"IND-BD Mainstreaming Coastal and Marine Biodiversity  Conservation into Production Sectors in the Malvan Coast, Maharashtra State"
"522",1589.8873291016,1534.1374511719,78.3856613103,2.1995704174,195.4476190476,170.5396270752,0,9.5427326155,16.1700163,73.7,998.7,0,292.45,31.2,25.5,27.9416666667,3.767281106,3175.74047852,0.797902169553,1,0,0.695472189739925,0.695472189739925,0,0.695472189739925,0.714309785620925,3941,"IND-BD Mainstreaming Coastal and Marine Biodiversity  Conservation into Production Sectors in the Malvan Coast, Maharashtra State"
"523",4095.4716796875,1268.4812011719,467.1508515815,0.4683832824,212.126146789,164.9273681641,0,0.0260913855,19.5000207,76,232.8,0,58.36875,33.5,20.775,26.6958333333,5.7762237762,2159.75537109,1.40444021241,1,0,0.793559410246581,0.793559410246581,0,0.793559410246581,2.79392009645781,3941,"IND-BD Mainstreaming Coastal and Marine Biodiversity  Conservation into Production Sectors in the Malvan Coast, Maharashtra State"
"524",3427.5075683594,552538.0625,56.9837618403,1.8268182278,146.6649746193,156.7608947754,0,1.3173825675,16.37689,73.3704355,NA,NA,NA,NA,NA,NA,2.3309859155,2116.41210938,1.0960972847,1,0,NA,NA,NA,NA,0.832481756733193,3941,"IND-BD Mainstreaming Coastal and Marine Biodiversity  Conservation into Production Sectors in the Malvan Coast, Maharashtra State"
"525",2073.8410644531,3235.7380371094,256.1672816728,3.0002696514,137.0185614849,85.2282485962,0,36.9441541027,17.4260079,121.41609,430.9333333333,18.4,147.8111111111,26.5666666667,21.4,24.1722222222,0.8878504673,3163.37719727,2.21254682062,1,0,0.581151195828987,0.581151195828987,0,0.581151195828987,0.714309785620925,3980,"CTI Integrated Natural Resources and Environmental Management Sector"
"526",NA,NA,158.9428571429,8.0675458908,280.3684210526,214.8307952881,0,3.3039678195,13.0000126,122,NA,NA,NA,NA,NA,NA,0,1039.62841797,1.1016424461,1,0,NA,NA,NA,NA,0.714309785620925,3980,"CTI Integrated Natural Resources and Environmental Management Sector"
"527",4216.1850585938,4509.9008789063,1483.4087009804,13.3186693192,437.6643518519,40.0756912231,0,86.1309672611,17.0833475,121.16667,520.1,32.4,178.1416666667,24.75,20,22.6083333333,0,2136.07006836,1.78894561286,1,0,0.641451994003105,0.641451994003105,0,0.641451994003105,-0.22706888774867,3980,"CTI Integrated Natural Resources and Environmental Management Sector"
"528",1315.7059326172,3597.845703125,80.6705378973,2.3672792912,159.1828703704,82.514793396,0,38.7025189766,18.0000186,121.83333,276.75,0,68.0708333333,29.6,24.4,27.1458333333,0,3422.25366211,2.92196095729,1,0,0.475880693923912,0.475880693923912,0,0.475880693923912,0.714309785620925,3980,"CTI Integrated Natural Resources and Environmental Management Sector"
"529",948.7178344727,2798.2585449219,715.1607142857,0.8596169353,42.9639423077,691.0188598633,1,24.3931785586,7.91667737,124.33333,576.15,88.2,258.525,25.95,24.1,25.1708333333,2.9808153477,1736.00109863,1.82040459026,1,0,0.888531681632666,0.888531681632666,0,0.888531681632666,1.63934044333439,3980,"CTI Integrated Natural Resources and Environmental Management Sector"
"530",1133733.125,394792.5625,25.0673076923,0.9228172302,2200.68,666.241027832,0,0,-0.5170004,166.933,NA,NA,NA,NA,NA,NA,2.23150358,783.56854248,7.04634164711,1,3,NA,NA,NA,NA,1.59864236017991,4023,"PAS: Implementing the Island Biodiversity Programme of Work by Integrating the Conservation Management of Island Biodiversity"
"531",NA,NA,NA,NA,NA,NA,0,0,-20.000021,-175,NA,NA,NA,NA,NA,NA,0,493.287780762,1.51185269572,1,3,NA,NA,NA,NA,-1.19214372098017,4023,"PAS: Implementing the Island Biodiversity Programme of Work by Integrating the Conservation Management of Island Biodiversity"
"532",774717.9375,2552.2849121094,5.1111111111,0.0675106123,1669.25,1048.2550048828,0,0,-8.5171979,179.14478,NA,NA,NA,NA,NA,NA,1.0168674699,661.399414062,8.11067947372,1,1,NA,NA,NA,NA,1.59864236017991,4023,"PAS: Implementing the Island Biodiversity Programme of Work by Integrating the Conservation Management of Island Biodiversity"
"533",15198538,672.4438476563,113.6609195402,5.9262189865,2054.2441860465,185.6255950928,0,0,-21.248443,-159.78516,353.5,73.5,164.5666666667,27.4,22,24.6666666667,3.013667426,958.58581543,0.0157939248814,1,3,0.62789335910963,0.62789335910963,4.77788139733486,0.62789335910963,0.470388441277696,4023,"PAS: Implementing the Island Biodiversity Programme of Work by Integrating the Conservation Management of Island Biodiversity"
"534",2229.2453613281,1066.6427001953,73.9095415118,0.1977023482,319.7494145199,13.6516647339,1,0.005755751,15.7319258,-13.63393,92.9,0,18.7583333333,35.3,24.7,30.5416666667,0,1474.44665527,6.14752565048,1,3,0.52628186270522,0.52628186270522,5.70036745058864,0.52628186270522,0.255867364874895,4080,"SPWA-BD: Participatory Biodiversity Conservation and Low Carbon Development in Pilot Ecovillages in Senegal"
"535",1116.4223632813,1833.5640869141,3.5740971357,0.1719908714,132.4386792453,85.5261001587,1,1.3318476922,14.1166839,-16.43333,241.6,0,64.0583333333,29.3,25.5,27.9625,0.5314685315,1559.42053223,6.07027000397,1,3,0.505586841627276,0.505586841627276,5.93369872986456,0.505586841627276,0.255867364874895,4080,"SPWA-BD: Participatory Biodiversity Conservation and Low Carbon Development in Pilot Ecovillages in Senegal"
"536",2356.3620605469,2925.9934082031,181.7762413576,0.9255170226,483.8880952381,9.6601161957,0,11.7172312329,12.5510721,-11.67065,323.35,0,99.375,33.35,26.7,28.6333333333,0,2947.37304688,2.85379381058,1,3,0.656291615082325,0.656291615082325,4.57113869971306,0.656291615082325,-0.229814866879481,4080,"SPWA-BD: Participatory Biodiversity Conservation and Low Carbon Development in Pilot Ecovillages in Senegal"
"537",2210.7512207031,1381.8848876953,4.8578491965,0.1472210586,71.8888888889,37.3553695679,0,0.5608683621,16.3340165,-15.839,54.7,0,16.0333333333,30.7,24,28.25,0.0495283019,1561.98327637,7.36599171343,1,3,0.466388431992076,0.466388431992076,6.43240653972946,0.466388431992076,0.255867364874895,4080,"SPWA-BD: Participatory Biodiversity Conservation and Low Carbon Development in Pilot Ecovillages in Senegal"
"538",1597.7235107422,3869.9985351563,7.1090387374,0.225498721,242.0491803279,59.0551719666,1,6.0629513936,13.8699836,-16.4573,253.5,0,64.2666666667,29.1,25.3,27.4916666667,0.4373522459,2149.01757812,5.91246445264,1,3,0.37582500481245,0.37582500481245,7.98243853278763,0.37582500481245,0.255867364874895,4080,"SPWA-BD: Participatory Biodiversity Conservation and Low Carbon Development in Pilot Ecovillages in Senegal"
"539",2015.0430908203,1069.5517578125,46.1837368094,0.2307428271,394.5905882353,6.9512090683,2,0.0118480953,15.1404151,-14.5487,102,0,22.4541666667,33.55,25.45,30.0666666667,0,1710.98925781,5.87324053675,1,3,0.424656700078502,0.424656700078502,7.06453000610946,0.424656700078502,0.255867364874895,4080,"SPWA-BD: Participatory Biodiversity Conservation and Low Carbon Development in Pilot Ecovillages in Senegal"
"540",2537.8090820313,331.3548583984,15.8178415471,0.2321692258,154.4278959811,185.6322784424,0,1.6085007798,14.4057042,-16.85559,206.1,0,63.1,28.9,24.9,27.2,1.2132701422,2029.2166748,6.5723048666,1,3,0.495840233403003,0.495840233403003,6.0503359709451,0.495840233403003,0.255867364874895,4080,"SPWA-BD: Participatory Biodiversity Conservation and Low Carbon Development in Pilot Ecovillages in Senegal"
"541",1381.8708496094,1996.2843017578,56.6860174782,0.603974998,238,5.0973725319,3,12.2434682328,13.2833429,-13.01667,224.1,0,62.525,34.45,27.35,29.975,0,2608.18041992,3.62277757763,1,3,0.527036919603188,0.527036919603188,5.69220084668591,0.527036919603188,0.860942765506434,4080,"SPWA-BD: Participatory Biodiversity Conservation and Low Carbon Development in Pilot Ecovillages in Senegal"
"542",2525.2873535156,1683.7191162109,64.1621287129,0.1184051931,270.796728972,8.4304609299,1,0.4146522035,14.5166843,-13.5,220.775,0,57.5833333333,34.2,26.2,29.8520833333,0,2151.24536133,4.93641809937,1,3,0.570489163343918,0.570489163343918,5.25864502388708,0.570489163343918,0.255867364874895,4080,"SPWA-BD: Participatory Biodiversity Conservation and Low Carbon Development in Pilot Ecovillages in Senegal"
"543",2548.7158203125,1197.8630371094,277.0765850596,3.1705174446,501.1714285714,9.3878803253,0,12.15319885,12.3816119,-12.3248,382.1,0,118.025,32.2,25.9,27.9583333333,0,2991.61962891,2.63383257047,1,3,0.535926507530707,0.535926507530707,5.59778245308776,0.535926507530707,-0.229814866879481,4080,"SPWA-BD: Participatory Biodiversity Conservation and Low Carbon Development in Pilot Ecovillages in Senegal"
"544",1309.7016601563,964.1810302734,23.2198852772,0.3072220087,136.9635036496,60.9435157776,0,0.0830502565,15.4280154,-16.7199,159,0,37.675,28.2,24,26.4666666667,0,1540.89624023,7.24699726142,1,3,0.549946412088475,0.549946412088475,5.4550769566933,0.549946412088475,0.255867364874895,4080,"SPWA-BD: Participatory Biodiversity Conservation and Low Carbon Development in Pilot Ecovillages in Senegal"
"545",10637.181640625,3309.8454589844,4.1557377049,0.1214190945,306.3645833333,68.5447845459,1,2.2686681186,13.8205335,-16.7544,NA,NA,NA,NA,NA,NA,0.0704225352,1499.18859863,6.09592214097,1,3,NA,NA,NA,NA,0.255867364874895,4080,"SPWA-BD: Participatory Biodiversity Conservation and Low Carbon Development in Pilot Ecovillages in Senegal"
"546",2258.8647460938,361.1910705566,42.9987593052,0.1243805438,139.6722090261,61.6276550293,0,7.54297136499e-05,15.2722152,-16.517,128.3,0,32.9125,28.6,24.25,27,0.4813953488,1688.9173584,6.99912333541,1,3,0.481996294673655,0.481996294673655,6.2241142372914,0.481996294673655,0.255867364874895,4080,"SPWA-BD: Participatory Biodiversity Conservation and Low Carbon Development in Pilot Ecovillages in Senegal"
"547",1712.8786621094,3769.3503417969,354.1019230769,0.7693830729,650.6990291262,5.0971474648,0,58.5267256067,-1.0000009,15.5,281.525,40.7,141.7395833333,26.225,24.15,25.2291666667,0,2958.59521484,3.05178182471,1,3,0.357121821310064,0.357121821310064,8.40049479193071,0.357121821310064,2.91749906732612,4083,"CBSP- Integrated management of mangrove and associated wetlands and coastal forests ecosystems of the Republic of Congo"
"548",2620.7724609375,19192.201171875,17.9198717949,0.2692885101,888.7402912621,130.53855896,1,58.7939206118,4.83333443,6,480.45,24.6,242.15,28,25.25,26.7625,23.7338129496,1643.39123535,2.51335234721,1,0,0.883115117087021,0.883115117087021,0,0.883115117087021,-1.19214372098017,4090,"SPWA-BD: Niger Delta Biodiversity Project"
"549",2139.1926269531,114830.9296875,314.0495110024,0.3894025087,3343.9953161593,0.1553243548,0,0,18.3128291,-4.83398,35.1,0,4.225,36.7,20.1,29.2833333333,0,730.040039062,5.54161168703,1,1,0.590042873660325,0.590042873660325,1.69479209840551,0.590042873660325,0.327752569057518,4169,"SPWA-BD: Scaling up the impacts of goods practices in linking poverty alleviation and biodiversity conservation"
"550",2588.6921386719,94902.1640625,9.2228116711,0.9626227617,156.9634551495,2610.6267089844,0,2.1397822782,22.7707782,113.634846,NA,NA,NA,NA,NA,NA,37.3761261261,893.351928711,0.46386656977,1,1,NA,NA,NA,NA,-1.77977425969998,4175,"CBPF: Demonstration of Estuarine Biodiversity Conservation, Restoration, and Protected Area Networking "
"551",NA,NA,-0.2087286528,0.0963841677,341.1586715867,NA,0,0.009371453,37.7668145,119.1813,NA,NA,NA,NA,NA,NA,0.1356589147,459.480438232,0.193117696612,1,3,NA,NA,NA,NA,0.714309785620925,4175,"CBPF: Demonstration of Estuarine Biodiversity Conservation, Restoration, and Protected Area Networking "
"552",1817.9151611328,8197.458984375,901.0063663075,0.1657969952,254.4041353383,57.2770195007,0,0,41.5000821,85.5,60.65,0.125,12.4770833333,27.975,-6.95,12.5979166667,0,422.60357666,5.71693666701,1,1,0.558258426351321,0.558258426351321,1.79128509807872,0.558258426351321,0.199575649534048,4653,"CBPF-MSL: Strengthening the Management Effectiveness of the Protected Area Landscape in Altai Mountains and Wetlands"
"553",1992.2414550781,3965.0659179688,1243.1132075472,2.9362373352,630.2037671233,3.6399512291,0,0.00768895,46.3290044,90.41483,34.95,5.55,12.6541666667,20.8,-18.4,2.7833333333,0,1056.38476562,5.21838662882,1,2,0.318290080970413,0.318290080970413,6.28357627074754,0.318290080970413,0.199575649534048,4653,"CBPF-MSL: Strengthening the Management Effectiveness of the Protected Area Landscape in Altai Mountains and Wetlands"
"554",2351.1706542969,3938.7578125,1907.3186170213,5.8599133492,184.6971544715,197.200958252,0,0.0042171797,35.0000543,105,97.075,3.35,37.76875,18.8,-4.075,8.0625,0,1338.14001465,7.7679713533,1,3,0.68394487554613,0.68394487554613,4.38631841141364,0.68394487554613,-0.22706888774867,4655,"CBPF-MSL: Strengthening the Management Effectiveness of the Sub-system of Wetland Protected Areas for Conservation of Globally Significant Biodiversity "
"555",2664.2199707031,5657.5141601563,438.6532846715,7.3406310081,464.1766055046,25.5320701599,3,77.1745715921,19.2500203,104.91667,333.15,0,93.6875,27.7,16.45,22.7291666667,0,2596.67871094,1.27582516774,1,3,0.307158857095525,0.307158857095525,9.76693307289854,0.307158857095525,2.79392009645781,4659,"LME-EA: Coastal Resources for Sustainable Development: Mainstreaming the Application of Marine Spatial Planning Strategies, Biodiversity Conservation and Sustainable Use"
"556",2539.20703125,2464.9814453125,62.4113691932,2.4650862217,130.9328703704,288.2030944824,0,43.318618942,18.3333491,105.75,631.6,0,148.0166666667,29.8,17.6,24.3416666667,1.3939393939,1861.68579102,1.42927119032,1,2,0.58022435173742,0.58022435173742,3.44694253871147,0.58022435173742,0.714309785620925,4659,"LME-EA: Coastal Resources for Sustainable Development: Mainstreaming the Application of Marine Spatial Planning Strategies, Biodiversity Conservation and Sustainable Use"
"557",2255.4150390625,6661.6850585938,199.7204030227,5.8941931725,249.304245283,127.1502456665,0,42.9115238318,12.3333419,109,412.2,0,120.7166666667,23.8,19.1,21.75,3.9644549763,2803.01074219,0.711993072271,1,1,0.451809458157349,0.451809458157349,2.21332241267896,0.451809458157349,0.714309785620925,4659,"LME-EA: Coastal Resources for Sustainable Development: Mainstreaming the Application of Marine Spatial Planning Strategies, Biodiversity Conservation and Sustainable Use"
"558",1879.6368408203,3974.0771484375,140.8468244085,5.0006532669,274.304245283,200.7721405029,1,42.3270821685,14.1666839,109,493.3,0,174.2083333333,29.2,22.9,26.325,2.0163170163,2997.70556641,0.654891671506,1,1,0.641862216320103,0.641862216320103,1.5579667638534,0.641862216320103,0.714309785620925,4659,"LME-EA: Coastal Resources for Sustainable Development: Mainstreaming the Application of Marine Spatial Planning Strategies, Biodiversity Conservation and Sustainable Use"
"559",1873.2219238281,4928.2314453125,1.943877551,0.1081959754,68.0192307692,341.4268798828,0,2.6388436747,9.08333853,105.08333,488.9,0,167.5791666667,29.75,26.15,27.6875,1.2901678657,1203.65148926,0.499994803011,1,0,0.972991395442933,0.972991395442933,0,0.972991395442933,0.714309785620925,4659,"LME-EA: Coastal Resources for Sustainable Development: Mainstreaming the Application of Marine Spatial Planning Strategies, Biodiversity Conservation and Sustainable Use"
"560",1650.0297851563,1767.2525634766,110.4394673123,3.8587412834,122.5940366972,222.8319549561,0,41.1137279762,20.0666915,105.33333,342.05,4.7,116.2,27.95,16.35,22.7833333333,0.7862068966,2395.70996094,0.377845565256,1,3,0.576846418939593,0.576846418939593,5.20069103577838,0.576846418939593,0.714309785620925,4659,"LME-EA: Coastal Resources for Sustainable Development: Mainstreaming the Application of Marine Spatial Planning Strategies, Biodiversity Conservation and Sustainable Use"
"561",3436.7531738281,1965.1265869141,2.0031847134,0.1494769305,51.014354067,528.2821044922,0,0.6408400164,9.550009,105.91667,345.9333333333,0,132.5305555556,29.6333333333,26.1,27.7277777778,5.6139088729,2228.65478516,0.360564446517,1,1,0.908180535447267,0.908180535447267,1.10110265632099,0.908180535447267,0.714309785620925,4659,"LME-EA: Coastal Resources for Sustainable Development: Mainstreaming the Application of Marine Spatial Planning Strategies, Biodiversity Conservation and Sustainable Use"
"562",3710.2707519531,3571.8173828125,293.883125,4.5833182335,154.6179245283,70.6027450562,0,49.4602303138,13.1666828,109.08333,445.6,0,137.2458333333,29.85,23.3,26.7791666667,0.6013986014,3145.64355469,0.521753400292,1,1,0.538693637654656,0.538693637654656,1.85634269666477,0.538693637654656,0.714309785620925,4659,"LME-EA: Coastal Resources for Sustainable Development: Mainstreaming the Application of Marine Spatial Planning Strategies, Biodiversity Conservation and Sustainable Use"
"563",1863.3406982422,2699.234375,197.7093287827,4.335978508,197.7186147186,169.0321502686,0,34.8695537136,27.6667048,115.66667,375.5,54.1,166.4,26.3,5,15.8416666667,0,2019.63830566,4.62539110735,1,3,0.664609043104223,0.664609043104223,4.51393195913758,0.664609043104223,0.714309785620925,4662,"CBPF-MSL: Piloting Provincial-level Wetland Protected Area System in Jiangxi Province"
"564",2377.6423339844,2971.4099121094,178.2098695406,5.3923397064,261.3943965517,207.3159484863,0,60.9204529826,28.6742969,117.47098,377.05,64.5,171.9791666667,27.35,6.5,16.9416666667,0,2216.64672852,5.9992486499,1,3,0.641635508667851,0.641635508667851,4.67555171039167,0.641635508667851,0.714309785620925,4662,"CBPF-MSL: Piloting Provincial-level Wetland Protected Area System in Jiangxi Province"
"565",1436.1633300781,15103.0283203125,14.4443188242,0.2049037516,189.0813704497,415.7401123047,0,0.597920162,28.8401073,116.49236,368.8,55.7,155.5083333333,30,8,18.9875,0,1445.72290039,5.89536112268,1,3,0.86738768088966,0.86738768088966,3.45866106482279,0.86738768088966,-1.77977425969998,4662,"CBPF-MSL: Piloting Provincial-level Wetland Protected Area System in Jiangxi Province"
"566",2131.5068359375,532076.8125,11.8858921162,0.3436402082,89.8582677165,939.6036987305,0,1.5312716798,20.0458515,110.34167,393.3,0,150.875,29.6,19.1,25.3,31.2704545455,1209.39355469,2.72476716295,1,0,0.782599196924042,0.782599196924042,0,0.782599196924042,0.832481756733193,4811,"CBPF-MSL: Strengthening the Management Effectiveness of the Wetland Protected Area System in Hainan for Conservation of Globally Significant Biodiversity"
"567",2276.4267578125,151529.921875,50.2111872146,3.5215730667,133.1834061135,480.5940856934,0,12.8835102481,18.243079,109.505,NA,NA,NA,NA,NA,NA,25.1906976744,2082.32275391,2.67386933583,1,3,NA,NA,NA,NA,-1.77977425969998,4811,"CBPF-MSL: Strengthening the Management Effectiveness of the Wetland Protected Area System in Hainan for Conservation of Globally Significant Biodiversity"
"568",2073.7653808594,2357.7082519531,53.585054678,0.6844422817,81.3865740741,214.3268737793,0,12.901858315,19.682521,110.09028,393.3,0,150.875,29.6,19.1,25.3,2.8597701149,2061.58007812,2.73551601891,1,0,0.826567491093548,0.826567491093548,0,0.826567491093548,0.714309785620925,4811,"CBPF-MSL: Strengthening the Management Effectiveness of the Wetland Protected Area System in Hainan for Conservation of Globally Significant Biodiversity"
"569",1929.7921142578,2387.9501953125,336.3337386018,5.5104413033,196.0416666667,78.1602935791,1,61.390884383,19.1850403,109.44311,428.9,2.3,134.4416666667,27.9,18.35,23.8958333333,2.5068807339,2369.59277344,2.69082875345,1,0,0.556236205859429,0.556236205859429,0,0.556236205859429,0.714309785620925,4811,"CBPF-MSL: Strengthening the Management Effectiveness of the Wetland Protected Area System in Hainan for Conservation of Globally Significant Biodiversity"
"570",3261.2700195313,1288.0891113281,131.5248677249,4.6621809006,116.577689243,495.9657592773,0,20.9528382678,18.3105591,109.28018,NA,NA,NA,NA,NA,NA,5.9025522042,2282.86767578,2.59152895198,1,3,NA,NA,NA,NA,0.714309785620925,4811,"CBPF-MSL: Strengthening the Management Effectiveness of the Wetland Protected Area System in Hainan for Conservation of Globally Significant Biodiversity"
"571",2713.7673339844,1195491.625,7.6785714286,0.355653733,113.993006993,138.7109985352,0,0.149800543,19.2300203,108.62417,440.7,0,96.5416666667,30,20.6,25.675,2.3917995444,1710.63708496,2.28956780797,1,1,0.203740589905564,0.203740589905564,4.90820214304627,0.203740589905564,0.832481756733193,4811,"CBPF-MSL: Strengthening the Management Effectiveness of the Wetland Protected Area System in Hainan for Conservation of Globally Significant Biodiversity"
"572",1486.7294921875,23686.513671875,330.1561403509,1.2107051611,250.597972973,71.7937316895,0,40.8524675325,47.7501268,128,147.1,4.6,52.0291666667,20.1,-22.15,0.9416666667,0.5270935961,2183.81323242,9.02182820932,1,2,0.143339187202739,0.143339187202739,13.9529185216545,0.143339187202739,1.66010646929438,4868,"CBPF-MSL: Strengthening the Management Effectiveness of the Protected Area Network in the Daxing’anling Landscape"
"573",2023.1864013672,29673.234375,422.2636286201,2.7931978703,614.3246329527,5.3379526138,0,10.1311097466,49.3611361,123.77334,254.6,1.6,48.0583333333,21.5,-22,1.2666666667,0.0291734198,2531.578125,9.47970716283,1,2,0.075897209538325,0.075897209538325,26.3514299427581,0.075897209538325,1.66010646929438,4868,"CBPF-MSL: Strengthening the Management Effectiveness of the Protected Area Network in the Daxing’anling Landscape"
"574",1248.9450683594,2861.4743652344,1151.4429133858,2.5555512905,87.7547169811,422.5608215332,0,0.2978636005,40.8222968,111.600489,161.4,0.2,39.6916666667,23.1,-9.4,8.3833333333,30.0407407407,1618.74377441,4.53731683685,1,2,0.306940974071216,0.306940974071216,6.51591077421929,0.306940974071216,0.199575649534048,4868,"CBPF-MSL: Strengthening the Management Effectiveness of the Protected Area Network in the Daxing’anling Landscape"
"575",2671.4360351563,3094.6569824219,1130.4830028329,0.978657186,360.2989130435,1.5003869534,0,0,43.5000939,114.75,54,0,15.3583333333,22.1,-13.4,3.4541666667,0,1216.45556641,7.08340845622,1,3,0.906710636483292,0.906710636483292,3.30866307208615,0.906710636483292,0.199575649534048,4868,"CBPF-MSL: Strengthening the Management Effectiveness of the Protected Area Network in the Daxing’anling Landscape"
"576",1962.8002929688,2401.3564453125,24.1207865169,0.0999684483,83.9282700422,341.6326599121,0,1.0356297359,30.0127001,113.52924,367.15,39,159.2979166667,28.55,5.9,17.8416666667,1.4829787234,1729.35827637,7.20533515165,1,3,0.800148246291538,0.800148246291538,3.74930522425582,0.800148246291538,0.714309785620925,4870,"CBPF-MSL: Strengthening the Management Effectiveness of the Wetland Protected Area System in Hubei Province"
"577",2442.9541015625,3304.3754882813,90.5738888889,0.9839968085,215.8241525424,287.0475158691,0,1.6685059548,31.0000425,112.25,205.45,18.95,110.4541666667,28.45,4.55,17.2583333333,15.7211740042,1887.5546875,7.90295068191,1,1,0.769341079767975,0.769341079767975,1.2998136019223,0.769341079767975,0.714309785620925,4870,"CBPF-MSL: Strengthening the Management Effectiveness of the Wetland Protected Area System in Hubei Province"
"578",2090.8017578125,2753.4453125,39.8324235808,0.5259482265,55.6260504202,1857.4459228516,0,0.5472832125,31.916715,117.16667,213.75,5.35,94.525,28.8,4.15,16.8666666667,22.0618556701,1590.35583496,3.46666591797,1,1,0.834056485265701,0.834056485265701,1.19895956408928,0.834056485265701,0.714309785620925,4896,"CBPF-MSL: Strengthening the Management Effectiveness of the Wetland Protected Area System in Anhui Province"
"579",NA,NA,1,0,NA,NA,0,0.047758061,-0.8747307,100.10214,376.2,23.7,169.5666666667,27.4,26.1,26.825,0,771.629638672,2.43750285938,1,3,NA,NA,NA,NA,-1.19214372098017,5171,"CTI: Coral Reef Rehabilitation and Management Program-Coral Triangle Initiative, Phase III (COREMAP-CTI III)"
"580",NA,NA,90.88,5.7637858391,522,31.7391643524,1,4.0513925051,3.00000273,106,180,0,64.2083333333,29.5,26.9,28.375,0,724.667663574,2.57709087874,1,1,NA,NA,NA,NA,-1.19214372098017,5171,"CTI: Coral Reef Rehabilitation and Management Program-Coral Triangle Initiative, Phase III (COREMAP-CTI III)"
"581",7052.9658203125,29896.69140625,1331.5054105665,12.3787546158,1008.5995145631,133.6162261963,1,58.1254847197,-8.3521478,116.40152,NA,NA,NA,NA,NA,NA,0.1459330144,2045.61987305,2.09995152413,1,1,NA,NA,NA,NA,0.470388441277696,5171,"CTI: Coral Reef Rehabilitation and Management Program-Coral Triangle Initiative, Phase III (COREMAP-CTI III)"
"582",2839.2067871094,7257.2900390625,704.6591928251,9.9720592499,511,20.3688545227,0,88.3670809484,1.9891718,99.51889,448.4,29.55,205.2479166667,24.45,23.525,23.9625,0,2727.3034668,4.28058800153,1,3,0.727366097079781,0.727366097079781,4.12447048610646,0.727366097079781,0.470388441277696,5171,"CTI: Coral Reef Rehabilitation and Management Program-Coral Triangle Initiative, Phase III (COREMAP-CTI III)"
"583",16161.6416015625,69280.140625,26.0684725357,1.2710340023,96.7736389685,981.0399169922,0,40.3561934375,1.05211095,104.02851,241.8,56.6,155.8166666667,27.7,26.1,26.95,23.612195122,1375.86889648,0.369764066064,1,1,0.90664866059054,0.90664866059054,1.10296308092338,0.90664866059054,-1.19214372098017,5171,"CTI: Coral Reef Rehabilitation and Management Program-Coral Triangle Initiative, Phase III (COREMAP-CTI III)"
"584",10216.8974609375,3065.9985351563,18.8084326306,0.9800208807,199.3107142857,113.1418228149,1,30.2416674193,0.95000086,104.61944,237.4,55.9,143.7833333333,28,26.5,27.2916666667,5.0829268293,1267.03259277,0.802427539792,1,1,0.919336377280161,0.919336377280161,1.08774114101574,0.919336377280161,-1.19214372098017,5171,"CTI: Coral Reef Rehabilitation and Management Program-Coral Triangle Initiative, Phase III (COREMAP-CTI III)"
"585",NA,NA,29.7833333333,2.0288519859,765.2666666667,31.5895309448,0,9.4935823659,4.71417431,107.97639,NA,NA,NA,NA,NA,NA,0,689.334777832,5.06755010657,1,1,NA,NA,NA,NA,1.59864236017991,5171,"CTI: Coral Reef Rehabilitation and Management Program-Coral Triangle Initiative, Phase III (COREMAP-CTI III)"
"586",32273.6484375,967171.3125,24.346031746,1.4153987169,243.2840909091,39.8468284607,1,17.5587115202,0.20000018,104.61667,NA,NA,NA,NA,NA,NA,0,896.239501953,1.37941350965,1,1,NA,NA,NA,NA,-1.19214372098017,5171,"CTI: Coral Reef Rehabilitation and Management Program-Coral Triangle Initiative, Phase III (COREMAP-CTI III)"
"587",1524.666015625,99635.6875,143.9165588616,4.7958688736,352.8985148515,98.8365936279,0,79.5197204851,1.90000172,98.66667,NA,NA,NA,NA,NA,NA,0.1438848921,2696.95800781,4.86349619344,1,3,NA,NA,NA,NA,0.470388441277696,5171,"CTI: Coral Reef Rehabilitation and Management Program-Coral Triangle Initiative, Phase III (COREMAP-CTI III)"
"588",2844.0776367188,115604.9765625,58.0109184329,1.9059702158,522.3189448441,86.4759597778,1,78.2927552502,1.3303712,97.31964,444,107.8,234.65,27.9,26.3,27.0833333333,0,2703.75927734,5.73138420246,1,3,0.551750742520636,0.551750742520636,5.4372378119415,0.551750742520636,1.59864236017991,5171,"CTI: Coral Reef Rehabilitation and Management Program-Coral Triangle Initiative, Phase III (COREMAP-CTI III)"
"589",1748.5401611328,1692.24609375,90.1591914087,1.4549217224,49.6485849057,244.5477905273,0,24.0917467469,11.1300106,122.53,489.45,28.65,208.25,26.8,24.4,25.5208333333,1.1318944844,2368.29931641,2.32200536886,1,0,0.916774072623773,0.916774072623773,0,0.916774072623773,0.714309785620925,5281,"LME-EA Philippine Rural Development Program"
"590",2915.1357421875,12982.84375,694.4451530612,8.9681787491,664.8966346154,205.2696838379,0,86.5968449998,9.00000844,125.74167,581.1,92.75,295.85,26.55,23.6,25.2625,0.035971223,2335.18530273,0.103070253139,1,0,0.79750462776453,0.79750462776453,0,0.79750462776453,1.66010646929438,5281,"LME-EA Philippine Rural Development Program"
"591",892.0801391602,1608.2528076172,16.705040448,0.2134371102,59.0140186916,437.7585449219,0,7.1191479031,15.3071553,120.79762,401.1,0,103.7833333333,29,25.3,27.25,5.0071090047,3156.27661133,0.23967278538,1,0,0.581853297601717,0.581853297601717,0,0.581853297601717,0.714309785620925,5281,"LME-EA Philippine Rural Development Program"
"592",5440.9155273438,447625.40625,89.7504976775,1.6483927965,117.5165394402,244.171661377,0,21.6460336971,10.58093,122.62621,NA,NA,NA,NA,NA,NA,1.0717703349,2567.14404297,2.80121580023,1,0,NA,NA,NA,NA,0.832481756733193,5281,"LME-EA Philippine Rural Development Program"
"593",3557.7807617188,570987.375,190.7934782609,5.3826642036,199.9195402299,237.5617675781,0,24.5653250002,10.9166804,124.66667,371.2,78.4,213.275,28.9,25.8,27.2333333333,2.8568019093,1799.68261719,2.0982899575,1,0,0.782380656876134,0.782380656876134,0,0.782380656876134,1.66010646929438,5281,"LME-EA Philippine Rural Development Program"
"594",2160.0710449219,354594.375,317.3418530351,8.548002243,155.0985221675,191.8166351318,0,51.3088864733,16.9791873,120.52083,821.1,9.65,184.2958333333,20.05,16.75,18.6583333333,0.6898148148,2223.10595703,1.4239344267,1,0,0.196175300859439,0.196175300859439,0,0.196175300859439,-1.77977425969998,5281,"LME-EA Philippine Rural Development Program"
"595",3071.3923339844,3547.390625,254.0364321608,4.8889093399,140.9503546099,431.531829834,0,49.3228814264,13.313903,123.56389,598.7,47.8,275,28.1,25,26.6083333333,3.8591885442,2568.67626953,2.68092973117,1,3,0.904860961262069,0.904860961262069,3.31542648918758,0.904860961262069,0.714309785620925,5281,"LME-EA Philippine Rural Development Program"
"596",1698.5822753906,2041.4572753906,38.02876798,0.5749627948,8.3349168646,8611.5087890625,0,5.0063049583,14.3100141,121.09,548.8,15,150.5166666667,29.2,25.9,27.5583333333,35.3144208038,1674.5032959,0.606736545041,1,3,0.790955574559512,0.790955574559512,3.79288053146439,0.790955574559512,0.714309785620925,5281,"LME-EA Philippine Rural Development Program"
"597",2734.5788574219,1766.0928955078,1398.6414514145,13.128531456,187.1799065421,67.7069168091,0,71.9306254804,17.0852175,121.03322,670.6,21.025,181.21875,22.4,18.375,20.6333333333,0.3695150115,2106.97509766,1.71953064644,1,0,0.497060742914704,0.497060742914704,0,0.497060742914704,-0.22706888774867,5281,"LME-EA Philippine Rural Development Program"
"598",803.7674560547,1067.6881103516,39.3423312883,1.0738534927,23.0837209302,349.5711975098,0,4.3733186128,17.6566882,121.73333,362.2,0,81.725,30.2,24.3,27.2,4.3502304148,2678.84155273,2.58542070998,1,0,0.695248656707888,0.695248656707888,0,0.695248656707888,0.714309785620925,5281,"LME-EA Philippine Rural Development Program"
"599",NA,NA,NA,NA,NA,151.7248535156,0,4.8418881427e-05,7.49432696,122.67366,NA,NA,NA,NA,NA,NA,0,1391.17602539,3.44065047449,1,0,NA,NA,NA,NA,0.714309785620925,5281,"LME-EA Philippine Rural Development Program"
"600",3282.01953125,22431.244140625,1346.3065830721,17.0068702698,574.5336538462,37.6376228333,1,60.0305595843,12.8701525,121.13403,571.2,0,185.9333333333,24.8,22.3,23.4416666667,0.0825471698,1876.88671875,0.228403540785,1,0,0.7917509619642,0.7917509619642,0,0.7917509619642,-0.22706888774867,5281,"LME-EA Philippine Rural Development Program"
"601",3143.9118652344,2137.0671386719,156.116875,3.2385592461,78.8443396226,406.125793457,0,46.938000019,13.2166828,123.55,598.7,47.8,275,28.1,25,26.6083333333,3.9347319347,2866.86425781,2.66609617694,1,0,0.883644642515749,0.883644642515749,0,0.883644642515749,0.714309785620925,5281,"LME-EA Philippine Rural Development Program"
"602",3829.0239257813,1691.6501464844,186.9196428571,5.1517047882,185.0166666667,316.9567565918,0,13.9155192863,9.91072936,123.61442,221.1,19.9,114.0833333333,28,25.4,26.6083333333,1.0360576923,1469.64306641,2.25315851258,1,0,0.946582098488354,0.946582098488354,0,0.946582098488354,0.714309785620925,5281,"LME-EA Philippine Rural Development Program"
"603",1477.4086914063,2923.5725097656,145.2241269841,3.0027418137,105.6602409639,299.278137207,0,65.0920207384,7.54734701,125.92499,379.3666666667,60.1333333333,205.3861111111,24.3,22.7333333333,23.7166666667,1.8489208633,3164.90649414,1.56656627842,1,0,0.668365243203426,0.668365243203426,0,0.668365243203426,0.714309785620925,5281,"LME-EA Philippine Rural Development Program"
"604",1279.3472900391,1733.7780761719,9.9235181644,0.2652776837,75.3444976077,254.5178985596,0,22.0436840754,7.18889666,124.45556,331.55,65,161.9791666667,28.2,27,27.6833333333,1.1165048544,4045.29858398,2.28969563151,1,0,0.377173450413883,0.377173450413883,0,0.377173450413883,0.714309785620925,5281,"LME-EA Philippine Rural Development Program"
"605",2594.587890625,2863.6672363281,262.6611675127,2.1225159168,124.2571428571,164.8912200928,0,33.709975648,9.83333928,124.16667,231.2,65.9,155.3833333333,25.6,23.1,24.5083333333,0.2637889688,2743.92651367,1.71472337991,1,0,0.734191741486802,0.734191741486802,0,0.734191741486802,0.714309785620925,5281,"LME-EA Philippine Rural Development Program"
"606",1408.8531494141,13883.802734375,470.6503712871,10.9288387299,554.25,73.0365600586,1,86.7969549987,14.6666845,121.5,671,12,202.2333333333,28.2,24.3,26.0666666667,0.034965035,2319.27001953,0.226676733321,1,3,0.716309703051815,0.716309703051815,4.18813257340867,0.716309703051815,-1.77977425969998,5281,"LME-EA Philippine Rural Development Program"
"607",1594.4404296875,450460.53125,18.2301639344,0.4641294479,6.1914357683,15124.6015625,0,2.5588232512,14.5777644,121.04599,677.5,9,175.3805555556,28.7333333333,25.3333333333,26.95,57.8136792453,1479.14245605,0.420649221835,1,3,0.530527953297386,0.530527953297386,5.65474445098345,0.530527953297386,0.832481756733193,5281,"LME-EA Philippine Rural Development Program"
"608",4169.1713867188,636083.375,34.8860662048,1.3818155527,154.2810650888,137.0328521729,1,46.3763663736,11.516501,124.96204,403.7,121.4666666667,233.4222222222,27.3666666667,24.5,25.9083333333,0.193236715,2637.43359375,2.53158814568,1,0,0.370688082139381,0.370688082139381,0,0.370688082139381,1.66010646929438,5281,"LME-EA Philippine Rural Development Program"
"609",NA,NA,158.9428571429,8.0675458908,280.3684210526,214.8307952881,0,3.3039678195,13.0000126,122,NA,NA,NA,NA,NA,NA,0,1039.62841797,1.1016424461,1,0,NA,NA,NA,NA,0.714309785620925,5281,"LME-EA Philippine Rural Development Program"
"610",5511.6528320313,946459.9375,139.4483050847,5.6645059586,222.522875817,97.204826355,1,61.8080819256,10.0000094,118.75,294.9,6.9,103.6166666667,29,26.7,27.725,0.2757793765,2132.22973633,3.54039432111,1,0,0.438389078504132,0.438389078504132,0,0.438389078504132,0.832481756733193,5281,"LME-EA Philippine Rural Development Program"
"611",2799.482421875,24259.259765625,978.7592356688,8.1667785645,974.1622276029,39.0999183655,0,84.4018928344,8.52620797,125.22669,307.95,85.3,188.525,25.4,23.05,24.3125,0,2392.17211914,0.754529297135,1,0,0.700127762856539,0.700127762856539,0,0.700127762856539,1.66010646929438,5281,"LME-EA Philippine Rural Development Program"
"612",3712.2805175781,7539.7172851563,291.308974359,4.7322468758,446.8446601942,27.8065872192,0,94.0285304485,-5.3166748,122.91667,289.4,0,86.725,29.6,27.2,28.1583333333,0,3049.99462891,4.49026797021,1,0,0.656229949719285,0.656229949719285,0,0.656229949719285,2.91749906732612,5622,"LME-EA Coral Triangle Initiative Project (COREMAPIII-CTI)"
"613",NA,NA,35.3913043478,2.8031566143,327.5454545455,170.1937713623,0,2.6076954407,-6.8166763,120.8,NA,NA,NA,NA,NA,NA,0,715.030334473,2.01548023865,1,0,NA,NA,NA,NA,-1.19214372098017,5622,"LME-EA Coral Triangle Initiative Project (COREMAPIII-CTI)"
"614",1608.7177734375,953862.5,19.2335600907,1.018158555,132.6647230321,422.8386535645,0,13.7981285309,-4.7827043,119.5506,498.9,13.9,216.9583333333,26.2,24,25.0833333333,5.8708133971,2415.82495117,3.81958108942,1,0,0.608619580340266,0.608619580340266,0,0.608619580340266,-1.19214372098017,5622,"LME-EA Coral Triangle Initiative Project (COREMAPIII-CTI)"
"615",22375.02734375,1123353.75,42.9768339768,1.5098540783,322.3248730964,195.3101959229,0,18.5069438874,-5.3193448,123.5948,NA,NA,NA,NA,NA,NA,0.7975609756,1402.98193359,4.9585830675,1,2,NA,NA,NA,NA,1.59864236017991,5622,"LME-EA Coral Triangle Initiative Project (COREMAPIII-CTI)"
"616",NA,NA,NA,NA,NA,10.4890699387,0,0,-0.5000004,130,NA,NA,NA,NA,NA,NA,0,630.949584961,2.3252840321,1,3,NA,NA,NA,NA,-1.19214372098017,5622,"LME-EA Coral Triangle Initiative Project (COREMAPIII-CTI)"
"617",1705.771484375,4773.0268554688,105.1243589744,1.3269737959,191.4368932039,22.247215271,0,91.6356283406,-1.0333309,136,613.3,50,176.075,28.5,27.2,27.7416666667,0.0143884892,2605.69506836,4.93835826405,1,3,0.626868608861049,0.626868608861049,4.78569186204852,0.626868608861049,1.59864236017991,5622,"LME-EA Coral Triangle Initiative Project (COREMAPIII-CTI)"
"618",12830.96875,786073.4375,436.7968877969,8.8637161255,344.5492063492,249.7138366699,0,48.0545771885,-8.6666781,122.36667,NA,NA,NA,NA,NA,NA,0.4292565947,2622.17333984,2.36280792489,1,2,NA,NA,NA,NA,0.470388441277696,5622,"LME-EA Coral Triangle Initiative Project (COREMAPIII-CTI)"
