AidData Project ID,Title,Organization,Organization ISO,Organization Role,Organization,Organization ISO,Organization Role,Organization,Organization ISO,Organization Role,Other Organizations,Source,Start Date (DD/MM/YYYY),End Date (DD/MM/YYYY),Planned Start Date (DD/MM/YYYY),Planned End Date (DD/MM/YYYY),Source Detail,Status,AidData Sector Code,AidData Sector Name,AidData Purpose Code,AidData Purpose Name,AidData Activity Code(s),AidData Activity Name(s),Short Description,Long Description,Donor Project ID,Donor Secondary Project ID,Additional Info,Project Commitment Amount (Constant USD2011),Project Disbursement Amount (Constant USD2011),Total Project Cost (Donor Reported),CRS: Untied Amount (Nominal USD),CRS: Tied Amount (Nominal USD),CRS: Partial Tied Amount (Nominal USD),CRS: Pdgg,CRS: Channel Code,CRS: Bi Multi,CRS: Desertification,CRS: Environment,CRS: Gender,CRS: Trade,CRS: Climate,CRS: Biodiversity,CRS: Region,CRS: Sector Code,CRS: Sector,CRS: Purpose Code,CRS: Purpose Name,CRS: Flow Name,CRS: Finance T,CRS: Associated Financing,CRS: Future Ds Principal Amount Usd Nominal,CRS: Future Ds Interest Amount Usd Nominal,CRS: Irtc Amount Usd Nominal,CRS: Received Amount Usd Nominal,CRS: Aid T,CRS: Arrears Interest Amount Usd Nominal,CRS: Arrears Principal Amount Usd Nominal,CRS: Channel Name,CRS: Expert Commitment Amount Usd Nominal,CRS: Export Credit Amount Usd Nominal,CRS: Export Extended Amount Usd Nominal,CRS: FTC,CRS: Initial Report,CRS: Interest Amount Usd Nominal,CRS: Outstanding Amount Usd Nominal,CRS: Repay Type,CRS: Second Interest Rate
906001152851,The Global Environmental Commons. Solutions for a Crowded Planet,Global Environment Facility (GEF),,Funding,,,,,,,,Geocoding 2013,,,,,,DRAFT,410,GENERAL ENVIRONMENTAL PROTECTION,41000,"General environmental protection, combinations of purposes",,,,9391,9391,,,0,0,0,,,,,,,,,,,,,,410,General environmental protection,41000,"General environmental protection, combinations of purposes",,,,,,,,,,,,,,,,,,,,
906001152853,Enabling the use of Global Data Sources to assess and Monitor Land Degradation at Multiple Scales,Global Environment Facility (GEF),,Funding,,,,,,,,Geocoding 2013,,,,,,DRAFT,410,GENERAL ENVIRONMENTAL PROTECTION,41000,"General environmental protection, combinations of purposes",,,,9163,9163,,,0,0,0,,,,,,,,,,,,,,410,General environmental protection,41000,"General environmental protection, combinations of purposes",,,,,,,,,,,,,,,,,,,,
906001152855,Adaptive Management and Monitoring of the Maghreb's Oases Systems,Global Environment Facility (GEF),,Funding,,,,,,,,Geocoding 2013,,,,,,DRAFT,410,GENERAL ENVIRONMENTAL PROTECTION,41000,"General environmental protection, combinations of purposes",,,,5798,5798,,,0,0,0,,,,,,,,,,,,,,410,General environmental protection,41000,"General environmental protection, combinations of purposes",,,,,,,,,,,,,,,,,,,,
906001152857,Sustainable Land Management in the Semi-Arid Sertao,Global Environment Facility (GEF),,Funding,,,,,,,,Geocoding 2013,,,,,,DRAFT,410,GENERAL ENVIRONMENTAL PROTECTION,41000,"General environmental protection, combinations of purposes",,,,2373,2373,,,0,0,0,,,,,,,,,,,,,,410,General environmental protection,41000,"General environmental protection, combinations of purposes",,,,,,,,,,,,,,,,,,,,
906001152859,"SIP: Scaling up SLM Practice, Knowledge, and Coordination in Key Nigerian States",Global Environment Facility (GEF),,Funding,,,,,,,,Geocoding 2013,,,,,,DRAFT,410,GENERAL ENVIRONMENTAL PROTECTION,41000,"General environmental protection, combinations of purposes",,,,3384,3384,,,0,0,0,,,,,,,,,,,,,,410,General environmental protection,41000,"General environmental protection, combinations of purposes",,,,,,,,,,,,,,,,,,,,
906001152861,Fifth Operational Phase of the GEF Small Grants Program in Kenya ,Global Environment Facility (GEF),,Funding,,,,,,,,Geocoding 2013,,,,,,DRAFT,410,GENERAL ENVIRONMENTAL PROTECTION,41000,"General environmental protection, combinations of purposes",,,,4362,4362,,,0,0,0,,,,,,,,,,,,,,410,General environmental protection,41000,"General environmental protection, combinations of purposes",,,,,,,,,,,,,,,,,,,,
906001152863,LDC/SIDS Portfolio Project: Capacity Building to Combat Desertification and Land Degradation in Guinea,Global Environment Facility (GEF),,Funding,,,,,,,,Geocoding 2013,,,,,,DRAFT,410,GENERAL ENVIRONMENTAL PROTECTION,41000,"General environmental protection, combinations of purposes",,,,3490,3490,,,0,0,0,,,,,,,,,,,,,,410,General environmental protection,41000,"General environmental protection, combinations of purposes",,,,,,,,,,,,,,,,,,,,
906001152865,CBSP-Capacity Building for Regional Coordination of Sustainable Forest Management in the Congo Basin under the GEF Program for the Congo Basin,Global Environment Facility (GEF),,Funding,,,,,,,,Geocoding 2013,,,,,,DRAFT,410,GENERAL ENVIRONMENTAL PROTECTION,41000,"General environmental protection, combinations of purposes",,,,3960,3960,,,0,0,0,,,,,,,,,,,,,,410,General environmental protection,41000,"General environmental protection, combinations of purposes",,,,,,,,,,,,,,,,,,,,
906001152867,SIP: Monitoring Carbon and Environmental and Socio-Economic Co-Benefits of BioCF Projects in SSA ,Global Environment Facility (GEF),,Funding,,,,,,,,Geocoding 2013,,,,,,DRAFT,410,GENERAL ENVIRONMENTAL PROTECTION,41000,"General environmental protection, combinations of purposes",,,,3872,3872,,,0,0,0,,,,,,,,,,,,,,410,General environmental protection,41000,"General environmental protection, combinations of purposes",,,,,,,,,,,,,,,,,,,,
906001152869,CACILM: Multicountry Capacity Building Project,Global Environment Facility (GEF),,Funding,,,,,,,,Geocoding 2013,,,,,,DRAFT,410,GENERAL ENVIRONMENTAL PROTECTION,41000,"General environmental protection, combinations of purposes",,,,3231,3231,,,0,0,0,,,,,,,,,,,,,,410,General environmental protection,41000,"General environmental protection, combinations of purposes",,,,,,,,,,,,,,,,,,,,
906001152871,CBSP Enhancing Institutional Capacities on REDD issues for Sustainable Forest Management in the Congo Basin,Global Environment Facility (GEF),,Funding,,,,,,,,Geocoding 2013,,,,,,DRAFT,410,GENERAL ENVIRONMENTAL PROTECTION,41000,"General environmental protection, combinations of purposes",,,,3779,3779,,,0,0,0,,,,,,,,,,,,,,410,General environmental protection,41000,"General environmental protection, combinations of purposes",,,,,,,,,,,,,,,,,,,,
906001152873,Support to 16 GEF Eligible Parties for Alignment of  National Action Programs and Reporting  Process under UNCCD,Global Environment Facility (GEF),,Funding,,,,,,,,Geocoding 2013,,,,,,DRAFT,410,GENERAL ENVIRONMENTAL PROTECTION,41000,"General environmental protection, combinations of purposes",,,,5898,5898,,,0,0,0,,,,,,,,,,,,,,410,General environmental protection,41000,"General environmental protection, combinations of purposes",,,,,,,,,,,,,,,,,,,,
906001152875,SIP: Innovations in Micro Irrigation for Dryland Farmers,Global Environment Facility (GEF),,Funding,,,,,,,,Geocoding 2013,,,,,,DRAFT,410,GENERAL ENVIRONMENTAL PROTECTION,41000,"General environmental protection, combinations of purposes",,,,3386,3386,,,0,0,0,,,,,,,,,,,,,,410,General environmental protection,41000,"General environmental protection, combinations of purposes",,,,,,,,,,,,,,,,,,,,
906001152877,Supporting Sustainable Land Management in Steppe and Semi-arid Zones through Integrated Territorial Planning and Agro-environmental Incentives,Global Environment Facility (GEF),,Funding,,,,,,,,Geocoding 2013,,,,,,DRAFT,410,GENERAL ENVIRONMENTAL PROTECTION,41000,"General environmental protection, combinations of purposes",,,,5699,5699,,,0,0,0,,,,,,,,,,,,,,410,General environmental protection,41000,"General environmental protection, combinations of purposes",,,,,,,,,,,,,,,,,,,,
906001152879,SIP: Mainstreaming Sustainable Land Management in Agropastoral Production Systems of Kenya,Global Environment Facility (GEF),,Funding,,,,,,,,Geocoding 2013,,,,,,DRAFT,410,GENERAL ENVIRONMENTAL PROTECTION,41000,"General environmental protection, combinations of purposes",,,,3370,3370,,,0,0,0,,,,,,,,,,,,,,410,General environmental protection,41000,"General environmental protection, combinations of purposes",,,,,,,,,,,,,,,,,,,,
906001152881,Ecosystem Restoration of Riparian Forests in Sao Paulo,Global Environment Facility (GEF),,Funding,,,,,,,,Geocoding 2013,,,,,,DRAFT,410,GENERAL ENVIRONMENTAL PROTECTION,41000,"General environmental protection, combinations of purposes",,,,2356,2356,,,0,0,0,,,,,,,,,,,,,,410,General environmental protection,41000,"General environmental protection, combinations of purposes",,,,,,,,,,,,,,,,,,,,
906001152883,LDC/SIDS Portfolio Project: Capacity Building for Sustainable Land Management in Burundi,Global Environment Facility (GEF),,Funding,,,,,,,,Geocoding 2013,,,,,,DRAFT,410,GENERAL ENVIRONMENTAL PROTECTION,41000,"General environmental protection, combinations of purposes",,,,3431,3431,,,0,0,0,,,,,,,,,,,,,,410,General environmental protection,41000,"General environmental protection, combinations of purposes",,,,,,,,,,,,,,,,,,,,
906001152885,LDC/SIDS Portfolio Project: Building Capacity and Mainstreaming Sustainable Land Management in Bhutan,Global Environment Facility (GEF),,Funding,,,,,,,,Geocoding 2013,,,,,,DRAFT,410,GENERAL ENVIRONMENTAL PROTECTION,41000,"General environmental protection, combinations of purposes",,,,3262,3262,,,0,0,0,,,,,,,,,,,,,,410,General environmental protection,41000,"General environmental protection, combinations of purposes",,,,,,,,,,,,,,,,,,,,
906001152887,PRC-GEF Partnership: Mainstreaming Biodiversity Protection within the Production Landscapes and Protected Areas of the Lake Aibi Basin,Global Environment Facility (GEF),,Funding,,,,,,,,Geocoding 2013,,,,,,DRAFT,410,GENERAL ENVIRONMENTAL PROTECTION,41000,"General environmental protection, combinations of purposes",,,,3611,3611,,,0,0,0,,,,,,,,,,,,,,410,General environmental protection,41000,"General environmental protection, combinations of purposes",,,,,,,,,,,,,,,,,,,,
906001152889,Caatinga Conservation and Sustainable Management Project,Global Environment Facility (GEF),,Funding,,,,,,,,Geocoding 2013,,,,,,DRAFT,410,GENERAL ENVIRONMENTAL PROTECTION,41000,"General environmental protection, combinations of purposes",,,,1476,1476,,,0,0,0,,,,,,,,,,,,,,410,General environmental protection,41000,"General environmental protection, combinations of purposes",,,,,,,,,,,,,,,,,,,,
906001152891,"CACILM: Central Asia Countries Initiative for Land Management (CACILM) Multicountry Partnership Framework Support Project-under CACILM Partnership Framework, Phase 1",Global Environment Facility (GEF),,Funding,,,,,,,,Geocoding 2013,,,,,,DRAFT,410,GENERAL ENVIRONMENTAL PROTECTION,41000,"General environmental protection, combinations of purposes",,,,3230,3230,,,0,0,0,,,,,,,,,,,,,,410,General environmental protection,41000,"General environmental protection, combinations of purposes",,,,,,,,,,,,,,,,,,,,
906001152893,Sustainable Management of Arid and Semi-arid Ecosystems to Combat Desertification in Patagonia (resubmission),Global Environment Facility (GEF),,Funding,,,,,,,,Geocoding 2013,,,,,,DRAFT,410,GENERAL ENVIRONMENTAL PROTECTION,41000,"General environmental protection, combinations of purposes",,,,2379,2379,,,0,0,0,,,,,,,,,,,,,,410,General environmental protection,41000,"General environmental protection, combinations of purposes",,,,,,,,,,,,,,,,,,,,
906001152895,SIP: Agricultural and Rural Rehabilitation and Development Initiative (ARRDI),Global Environment Facility (GEF),,Funding,,,,,,,,Geocoding 2013,,,,,,DRAFT,410,GENERAL ENVIRONMENTAL PROTECTION,41000,"General environmental protection, combinations of purposes",,,,3383,3383,,,0,0,0,,,,,,,,,,,,,,410,General environmental protection,41000,"General environmental protection, combinations of purposes",,,,,,,,,,,,,,,,,,,,
906001152897,SIP: Sustainable Land Management in Ghana,Global Environment Facility (GEF),,Funding,,,,,,,,Geocoding 2013,,,,,,DRAFT,410,GENERAL ENVIRONMENTAL PROTECTION,41000,"General environmental protection, combinations of purposes",,,,3369,3369,,,0,0,0,,,,,,,,,,,,,,410,General environmental protection,41000,"General environmental protection, combinations of purposes",,,,,,,,,,,,,,,,,,,,
906001152899,LDC/SIDS Portfolio Project: Capacity Building for Sustainable Land Management,Global Environment Facility (GEF),,Funding,,,,,,,,Geocoding 2013,,,,,,DRAFT,410,GENERAL ENVIRONMENTAL PROTECTION,41000,"General environmental protection, combinations of purposes",,,,2403,2403,,,0,0,0,,,,,,,,,,,,,,410,General environmental protection,41000,"General environmental protection, combinations of purposes",,,,,,,,,,,,,,,,,,,,
906001152901,Sustainable Land Management in Drought Prone  Areas of Nicaragua,Global Environment Facility (GEF),,Funding,,,,,,,,Geocoding 2013,,,,,,DRAFT,410,GENERAL ENVIRONMENTAL PROTECTION,41000,"General environmental protection, combinations of purposes",,,,2440,2440,,,0,0,0,,,,,,,,,,,,,,410,General environmental protection,41000,"General environmental protection, combinations of purposes",,,,,,,,,,,,,,,,,,,,
906001152903,Sharing Knowledge on the Use of Biochar for Sustainable Land Management,Global Environment Facility (GEF),,Funding,,,,,,,,Geocoding 2013,,,,,,DRAFT,410,GENERAL ENVIRONMENTAL PROTECTION,41000,"General environmental protection, combinations of purposes",,,,5824,5824,,,0,0,0,,,,,,,,,,,,,,410,General environmental protection,41000,"General environmental protection, combinations of purposes",,,,,,,,,,,,,,,,,,,,
906001152905,SIP: Participatory Enviornmental Protection and Poverty Reduction in the Oases of Mauritania,Global Environment Facility (GEF),,Funding,,,,,,,,Geocoding 2013,,,,,,DRAFT,410,GENERAL ENVIRONMENTAL PROTECTION,41000,"General environmental protection, combinations of purposes",,,,3379,3379,,,0,0,0,,,,,,,,,,,,,,410,General environmental protection,41000,"General environmental protection, combinations of purposes",,,,,,,,,,,,,,,,,,,,
906001152907,CACILM: Central Asian Countries Initiative for Land Management Multi-country Partnership Framework Phase 1,Global Environment Facility (GEF),,Funding,,,,,,,,Geocoding 2013,,,,,,DRAFT,410,GENERAL ENVIRONMENTAL PROTECTION,41000,"General environmental protection, combinations of purposes",,,,2504,2504,,,0,0,0,,,,,,,,,,,,,,410,General environmental protection,41000,"General environmental protection, combinations of purposes",,,,,,,,,,,,,,,,,,,,
906001152909,SFM Sustainable Forest Management in the Transboundary Gran Chaco American Ecosystem,Global Environment Facility (GEF),,Funding,,,,,,,,Geocoding 2013,,,,,,DRAFT,410,GENERAL ENVIRONMENTAL PROTECTION,41000,"General environmental protection, combinations of purposes",,,,2505,2505,,,0,0,0,,,,,,,,,,,,,,410,General environmental protection,41000,"General environmental protection, combinations of purposes",,,,,,,,,,,,,,,,,,,,
906001152911,Sustainable Land Management for Combating  Desertification (Phase I),Global Environment Facility (GEF),,Funding,,,,,,,,Geocoding 2013,,,,,,DRAFT,410,GENERAL ENVIRONMENTAL PROTECTION,41000,"General environmental protection, combinations of purposes",,,,2509,2509,,,0,0,0,,,,,,,,,,,,,,410,General environmental protection,41000,"General environmental protection, combinations of purposes",,,,,,,,,,,,,,,,,,,,
906001152913,SIP: Sustainable Land Management in Senegal,Global Environment Facility (GEF),,Funding,,,,,,,,Geocoding 2013,,,,,,DRAFT,410,GENERAL ENVIRONMENTAL PROTECTION,41000,"General environmental protection, combinations of purposes",,,,3385,3385,,,0,0,0,,,,,,,,,,,,,,410,General environmental protection,41000,"General environmental protection, combinations of purposes",,,,,,,,,,,,,,,,,,,,
906001152915,LDC/SIDS Portfolio Project: Capacity Building for Sustainable Land Management in the Dominican Republic,Global Environment Facility (GEF),,Funding,,,,,,,,Geocoding 2013,,,,,,DRAFT,410,GENERAL ENVIRONMENTAL PROTECTION,41000,"General environmental protection, combinations of purposes",,,,3456,3456,,,0,0,0,,,,,,,,,,,,,,410,General environmental protection,41000,"General environmental protection, combinations of purposes",,,,,,,,,,,,,,,,,,,,
906001152917,Sustainable Environmental Management for Sixaola River Basin,Global Environment Facility (GEF),,Funding,,,,,,,,Geocoding 2013,,,,,,DRAFT,410,GENERAL ENVIRONMENTAL PROTECTION,41000,"General environmental protection, combinations of purposes",,,,2517,2517,,,0,0,0,,,,,,,,,,,,,,410,General environmental protection,41000,"General environmental protection, combinations of purposes",,,,,,,,,,,,,,,,,,,,
906001152919,Sustainable Agro-Pastoral and Land Management Promotion under the National Community Development Program Support Program (PNDP),Global Environment Facility (GEF),,Funding,,,,,,,,Geocoding 2013,,,,,,DRAFT,410,GENERAL ENVIRONMENTAL PROTECTION,41000,"General environmental protection, combinations of purposes",,,,2549,2549,,,0,0,0,,,,,,,,,,,,,,410,General environmental protection,41000,"General environmental protection, combinations of purposes",,,,,,,,,,,,,,,,,,,,
906001152921,"CACILM: Southern Agriculture Area Development Project--under CACILM Partnership Framework, Phase 1",Global Environment Facility (GEF),,Funding,,,,,,,,Geocoding 2013,,,,,,DRAFT,410,GENERAL ENVIRONMENTAL PROTECTION,41000,"General environmental protection, combinations of purposes",,,,3233,3233,,,0,0,0,,,,,,,,,,,,,,410,General environmental protection,41000,"General environmental protection, combinations of purposes",,,,,,,,,,,,,,,,,,,,
906001152923,MENARID: Mainstreaming Sustainable Land and Water Management Practices,Global Environment Facility (GEF),,Funding,,,,,,,,Geocoding 2013,,,,,,DRAFT,410,GENERAL ENVIRONMENTAL PROTECTION,41000,"General environmental protection, combinations of purposes",,,,2631,2631,,,0,0,0,,,,,,,,,,,,,,410,General environmental protection,41000,"General environmental protection, combinations of purposes",,,,,,,,,,,,,,,,,,,,
906001152925,Conservation of Biodiversity and Mitigation of  Land Degradation Through Adaptive Management of Agricultural Heritage Systems,Global Environment Facility (GEF),,Funding,,,,,,,,Geocoding 2013,,,,,,DRAFT,410,GENERAL ENVIRONMENTAL PROTECTION,41000,"General environmental protection, combinations of purposes",,,,5481,5481,,,0,0,0,,,,,,,,,,,,,,410,General environmental protection,41000,"General environmental protection, combinations of purposes",,,,,,,,,,,,,,,,,,,,
906001152927,MENARID: Second Natural Resources Management Project,Global Environment Facility (GEF),,Funding,,,,,,,,Geocoding 2013,,,,,,DRAFT,410,GENERAL ENVIRONMENTAL PROTECTION,41000,"General environmental protection, combinations of purposes",,,,3669,3669,,,0,0,0,,,,,,,,,,,,,,410,General environmental protection,41000,"General environmental protection, combinations of purposes",,,,,,,,,,,,,,,,,,,,
906001152929,Capacity Building for Sustainable Land Management (SLM) in Bulgaria,Global Environment Facility (GEF),,Funding,,,,,,,,Geocoding 2013,,,,,,DRAFT,410,GENERAL ENVIRONMENTAL PROTECTION,41000,"General environmental protection, combinations of purposes",,,,2726,2726,,,0,0,0,,,,,,,,,,,,,,410,General environmental protection,41000,"General environmental protection, combinations of purposes",,,,,,,,,,,,,,,,,,,,
906001152931,SFM Rehabilitation of Forest Landscapes and Degraded Land with Particular Attention to Saline Soils and Areas Prone to Wind Erosion,Global Environment Facility (GEF),,Funding,,,,,,,,Geocoding 2013,,,,,,DRAFT,410,GENERAL ENVIRONMENTAL PROTECTION,41000,"General environmental protection, combinations of purposes",,,,3450,3450,,,0,0,0,,,,,,,,,,,,,,410,General environmental protection,41000,"General environmental protection, combinations of purposes",,,,,,,,,,,,,,,,,,,,
906001152933,Building Sustainable Capacity and Ownership to Implement UNCCD Objectives in Latvia,Global Environment Facility (GEF),,Funding,,,,,,,,Geocoding 2013,,,,,,DRAFT,410,GENERAL ENVIRONMENTAL PROTECTION,41000,"General environmental protection, combinations of purposes",,,,2739,2739,,,0,0,0,,,,,,,,,,,,,,410,General environmental protection,41000,"General environmental protection, combinations of purposes",,,,,,,,,,,,,,,,,,,,
906001152935,CACILM: Partnership Framework - Land Improvement Project,Global Environment Facility (GEF),,Funding,,,,,,,,Geocoding 2013,,,,,,DRAFT,410,GENERAL ENVIRONMENTAL PROTECTION,41000,"General environmental protection, combinations of purposes",,,,3232,3232,,,0,0,0,,,,,,,,,,,,,,410,General environmental protection,41000,"General environmental protection, combinations of purposes",,,,,,,,,,,,,,,,,,,,
906001152937,CACILM: Demonstrating Sustainable Mountain Pasture Management in Susamyr in Kyrgyzstan-under CACILM Patnership Framework Phase I,Global Environment Facility (GEF),,Funding,,,,,,,,Geocoding 2013,,,,,,DRAFT,410,GENERAL ENVIRONMENTAL PROTECTION,41000,"General environmental protection, combinations of purposes",,,,2743,2743,,,0,0,0,,,,,,,,,,,,,,410,General environmental protection,41000,"General environmental protection, combinations of purposes",,,,,,,,,,,,,,,,,,,,
906001152939,SFM Rehabilitation and Sustainable Use of Peatland Forests in South-East Asia,Global Environment Facility (GEF),,Funding,,,,,,,,Geocoding 2013,,,,,,DRAFT,410,GENERAL ENVIRONMENTAL PROTECTION,41000,"General environmental protection, combinations of purposes",,,,2751,2751,,,0,0,0,,,,,,,,,,,,,,410,General environmental protection,41000,"General environmental protection, combinations of purposes",,,,,,,,,,,,,,,,,,,,
906001152941,"Rehabilitation of Degraded Agricultural Lands in Kandy, Badulla and Nuwara Eliya Districts in the Central Highlands (CH)",Global Environment Facility (GEF),,Funding,,,,,,,,Geocoding 2013,,,,,,DRAFT,410,GENERAL ENVIRONMENTAL PROTECTION,41000,"General environmental protection, combinations of purposes",,,,5677,5677,,,0,0,0,,,,,,,,,,,,,,410,General environmental protection,41000,"General environmental protection, combinations of purposes",,,,,,,,,,,,,,,,,,,,
906001152943,Implementation of SLM Practices to Address Land Degradation and Mitigate Effects of Drought,Global Environment Facility (GEF),,Funding,,,,,,,,Geocoding 2013,,,,,,DRAFT,410,GENERAL ENVIRONMENTAL PROTECTION,41000,"General environmental protection, combinations of purposes",,,,5767,5767,,,0,0,0,,,,,,,,,,,,,,410,General environmental protection,41000,"General environmental protection, combinations of purposes",,,,,,,,,,,,,,,,,,,,
906001152945,SIP: Community-Based Integrated Natural Resources Management in Lake Tana Watershed,Global Environment Facility (GEF),,Funding,,,,,,,,Geocoding 2013,,,,,,DRAFT,410,GENERAL ENVIRONMENTAL PROTECTION,41000,"General environmental protection, combinations of purposes",,,,3367,3367,,,0,0,0,,,,,,,,,,,,,,410,General environmental protection,41000,"General environmental protection, combinations of purposes",,,,,,,,,,,,,,,,,,,,
906001152947,"CACILM: Capacity Building and on-the-ground Investments for Integrated and Sustainable Land Management - under CACILM Partnership Framework, Phase 1",Global Environment Facility (GEF),,Funding,,,,,,,,Geocoding 2013,,,,,,DRAFT,410,GENERAL ENVIRONMENTAL PROTECTION,41000,"General environmental protection, combinations of purposes",,,,3239,3239,,,0,0,0,,,,,,,,,,,,,,410,General environmental protection,41000,"General environmental protection, combinations of purposes",,,,,,,,,,,,,,,,,,,,
906001152949,"Securing Tenure Rights for Forest Landscape Dependent Communities: Linking Science with Policy to Advance Tenure Security, Sustainable Forest Management and People's Livelihoods  ",Global Environment Facility (GEF),,Funding,,,,,,,,Geocoding 2013,,,,,,DRAFT,410,GENERAL ENVIRONMENTAL PROTECTION,41000,"General environmental protection, combinations of purposes",,,,5797,5797,,,0,0,0,,,,,,,,,,,,,,410,General environmental protection,41000,"General environmental protection, combinations of purposes",,,,,,,,,,,,,,,,,,,,
906001152951,Zambezi Valley Market Led Smallholder Development,Global Environment Facility (GEF),,Funding,,,,,,,,Geocoding 2013,,,,,,DRAFT,410,GENERAL ENVIRONMENTAL PROTECTION,41000,"General environmental protection, combinations of purposes",,,,2889,2889,,,0,0,0,,,,,,,,,,,,,,410,General environmental protection,41000,"General environmental protection, combinations of purposes",,,,,,,,,,,,,,,,,,,,
906001152953,CBSP - A Regional Focus on Sustainable Timber Management in the Congo Basin,Global Environment Facility (GEF),,Funding,,,,,,,,Geocoding 2013,,,,,,DRAFT,410,GENERAL ENVIRONMENTAL PROTECTION,41000,"General environmental protection, combinations of purposes",,,,3822,3822,,,0,0,0,,,,,,,,,,,,,,410,General environmental protection,41000,"General environmental protection, combinations of purposes",,,,,,,,,,,,,,,,,,,,
906001152955,Mindanao Rural Development Program Phase II - Natural Resource Management Project,Global Environment Facility (GEF),,Funding,,,,,,,,Geocoding 2013,,,,,,DRAFT,410,GENERAL ENVIRONMENTAL PROTECTION,41000,"General environmental protection, combinations of purposes",,,,2975,2975,,,0,0,0,,,,,,,,,,,,,,410,General environmental protection,41000,"General environmental protection, combinations of purposes",,,,,,,,,,,,,,,,,,,,
906001152957,Sustainable Land Management of Lake Nyasa Catchment in Tanzania,Global Environment Facility (GEF),,Funding,,,,,,,,Geocoding 2013,,,,,,DRAFT,410,GENERAL ENVIRONMENTAL PROTECTION,41000,"General environmental protection, combinations of purposes",,,,5691,5691,,,0,0,0,,,,,,,,,,,,,,410,General environmental protection,41000,"General environmental protection, combinations of purposes",,,,,,,,,,,,,,,,,,,,
906001152959,SFM Safeguarding and Restoring Lebanon's Woodland Resources,Global Environment Facility (GEF),,Funding,,,,,,,,Geocoding 2013,,,,,,DRAFT,410,GENERAL ENVIRONMENTAL PROTECTION,41000,"General environmental protection, combinations of purposes",,,,3028,3028,,,0,0,0,,,,,,,,,,,,,,410,General environmental protection,41000,"General environmental protection, combinations of purposes",,,,,,,,,,,,,,,,,,,,
906001152961,Building the Foundation for Forest Landscape Restoration at Scale,Global Environment Facility (GEF),,Funding,,,,,,,,Geocoding 2013,,,,,,DRAFT,410,GENERAL ENVIRONMENTAL PROTECTION,41000,"General environmental protection, combinations of purposes",,,,5775,5775,,,0,0,0,,,,,,,,,,,,,,410,General environmental protection,41000,"General environmental protection, combinations of purposes",,,,,,,,,,,,,,,,,,,,
906001152963,Mainstreaming Sustainable Management of Tea Production Landscapes,Global Environment Facility (GEF),,Funding,,,,,,,,Geocoding 2013,,,,,,DRAFT,410,GENERAL ENVIRONMENTAL PROTECTION,41000,"General environmental protection, combinations of purposes",,,,5750,5750,,,0,0,0,,,,,,,,,,,,,,410,General environmental protection,41000,"General environmental protection, combinations of purposes",,,,,,,,,,,,,,,,,,,,
906001152965,LDC/SIDS Portfolio Project: Capacity Building for Sustainable Land Management,Global Environment Facility (GEF),,Funding,,,,,,,,Geocoding 2013,,,,,,DRAFT,410,GENERAL ENVIRONMENTAL PROTECTION,41000,"General environmental protection, combinations of purposes",,,,3316,3316,,,0,0,0,,,,,,,,,,,,,,410,General environmental protection,41000,"General environmental protection, combinations of purposes",,,,,,,,,,,,,,,,,,,,
906001152967,LDC/SIDS Portfolio Project: Capacitiy Building in and Mainstreaming of Sustainable Land Management in East Timor,Global Environment Facility (GEF),,Funding,,,,,,,,Geocoding 2013,,,,,,DRAFT,410,GENERAL ENVIRONMENTAL PROTECTION,41000,"General environmental protection, combinations of purposes",,,,3176,3176,,,0,0,0,,,,,,,,,,,,,,410,General environmental protection,41000,"General environmental protection, combinations of purposes",,,,,,,,,,,,,,,,,,,,
906001152969,LDC/SIDS Portfolio Project: Capacity Building for Sustainable Land Management in Samoa,Global Environment Facility (GEF),,Funding,,,,,,,,Geocoding 2013,,,,,,DRAFT,410,GENERAL ENVIRONMENTAL PROTECTION,41000,"General environmental protection, combinations of purposes",,,,3196,3196,,,0,0,0,,,,,,,,,,,,,,410,General environmental protection,41000,"General environmental protection, combinations of purposes",,,,,,,,,,,,,,,,,,,,
906001152971,LDC/SIDS Portfolio Project: Capacity Building for Sustainable Land Management in Niue,Global Environment Facility (GEF),,Funding,,,,,,,,Geocoding 2013,,,,,,DRAFT,410,GENERAL ENVIRONMENTAL PROTECTION,41000,"General environmental protection, combinations of purposes",,,,3213,3213,,,0,0,0,,,,,,,,,,,,,,410,General environmental protection,41000,"General environmental protection, combinations of purposes",,,,,,,,,,,,,,,,,,,,
906001152973,LDC/SIDS Portfolio Project: Legal and Institutional Capacity Building to Combat Land Degradation and Deforestation in Democratic Republic of Congo,Global Environment Facility (GEF),,Funding,,,,,,,,Geocoding 2013,,,,,,DRAFT,410,GENERAL ENVIRONMENTAL PROTECTION,41000,"General environmental protection, combinations of purposes",,,,3221,3221,,,0,0,0,,,,,,,,,,,,,,410,General environmental protection,41000,"General environmental protection, combinations of purposes",,,,,,,,,,,,,,,,,,,,
906001152975,LDC/SIDS Portfolio Project: Capacity Building for Sustainable Land Management in Republic Central Africa,Global Environment Facility (GEF),,Funding,,,,,,,,Geocoding 2013,,,,,,DRAFT,410,GENERAL ENVIRONMENTAL PROTECTION,41000,"General environmental protection, combinations of purposes",,,,3222,3222,,,0,0,0,,,,,,,,,,,,,,410,General environmental protection,41000,"General environmental protection, combinations of purposes",,,,,,,,,,,,,,,,,,,,
906001152977,Sustainable Land Management in the High Pamir and Pamir-Alai Mountains - and Integrated and Transboundary Initiative in Central Asia Phase I,Global Environment Facility (GEF),,Funding,,,,,,,,Geocoding 2013,,,,,,DRAFT,410,GENERAL ENVIRONMENTAL PROTECTION,41000,"General environmental protection, combinations of purposes",,,,2377,2377,,,0,0,0,,,,,,,,,,,,,,410,General environmental protection,41000,"General environmental protection, combinations of purposes",,,,,,,,,,,,,,,,,,,,
906001152979,Support to the Implementation of the Regional Environmental Action Plan in Central Asia,Global Environment Facility (GEF),,Funding,,,,,,,,Geocoding 2013,,,,,,DRAFT,410,GENERAL ENVIRONMENTAL PROTECTION,41000,"General environmental protection, combinations of purposes",,,,2175,2175,,,0,0,0,,,,,,,,,,,,,,410,General environmental protection,41000,"General environmental protection, combinations of purposes",,,,,,,,,,,,,,,,,,,,
906001152981,"CACILM: Achieving Ecosystem Stability on the Exposed Aral Seabed and the Kyzylkum Desert, Uzbekistan - under CACILM Partnership Framework, Phase 1",Global Environment Facility (GEF),,Funding,,,,,,,,Geocoding 2013,,,,,,DRAFT,410,GENERAL ENVIRONMENTAL PROTECTION,41000,"General environmental protection, combinations of purposes",,,,2740,2740,,,0,0,0,,,,,,,,,,,,,,410,General environmental protection,41000,"General environmental protection, combinations of purposes",,,,,,,,,,,,,,,,,,,,
906001152983,Disaster Hazard Mitigation Project (DHMP),Global Environment Facility (GEF),,Funding,,,,,,,,Geocoding 2013,,,,,,DRAFT,410,GENERAL ENVIRONMENTAL PROTECTION,41000,"General environmental protection, combinations of purposes",,,,2560,2560,,,0,0,0,,,,,,,,,,,,,,410,General environmental protection,41000,"General environmental protection, combinations of purposes",,,,,,,,,,,,,,,,,,,,
906001152985,"CACILM: Demonstrating Local Responses to Combating Land Degradation and Improving Sustainable Land Management in SW Tajikistan-under CACILM Partnership Framework, Phase 1",Global Environment Facility (GEF),,Funding,,,,,,,,Geocoding 2013,,,,,,DRAFT,410,GENERAL ENVIRONMENTAL PROTECTION,41000,"General environmental protection, combinations of purposes",,,,3237,3237,,,0,0,0,,,,,,,,,,,,,,410,General environmental protection,41000,"General environmental protection, combinations of purposes",,,,,,,,,,,,,,,,,,,,
906001152987,"CACILM: Rangeland Ecosystem Management-under CACILM Partnership Framework, Phase 1",Global Environment Facility (GEF),,Funding,,,,,,,,Geocoding 2013,,,,,,DRAFT,410,GENERAL ENVIRONMENTAL PROTECTION,41000,"General environmental protection, combinations of purposes",,,,3235,3235,,,0,0,0,,,,,,,,,,,,,,410,General environmental protection,41000,"General environmental protection, combinations of purposes",,,,,,,,,,,,,,,,,,,,
906001152989,"CACILM: Rural Development Project under CACILM Partnership Framework, Phase I",Global Environment Facility (GEF),,Funding,,,,,,,,Geocoding 2013,,,,,,DRAFT,410,GENERAL ENVIRONMENTAL PROTECTION,41000,"General environmental protection, combinations of purposes",,,,3234,3234,,,0,0,0,,,,,,,,,,,,,,410,General environmental protection,41000,"General environmental protection, combinations of purposes",,,,,,,,,,,,,,,,,,,,
906001152991,Capacity Building and On-the-Ground Investments for Integrated and Sustainable Land Management,Global Environment Facility (GEF),,Funding,,,,,,,,Geocoding 2013,,,,,,DRAFT,410,GENERAL ENVIRONMENTAL PROTECTION,41000,"General environmental protection, combinations of purposes",,,,2862,2862,,,0,0,0,,,,,,,,,,,,,,410,General environmental protection,41000,"General environmental protection, combinations of purposes",,,,,,,,,,,,,,,,,,,,
906001152993,Sustainable Land Management,Global Environment Facility (GEF),,Funding,,,,,,,,Geocoding 2013,,,,,,DRAFT,410,GENERAL ENVIRONMENTAL PROTECTION,41000,"General environmental protection, combinations of purposes",,,,2358,2358,,,0,0,0,,,,,,,,,,,,,,410,General environmental protection,41000,"General environmental protection, combinations of purposes",,,,,,,,,,,,,,,,,,,,
906001152995,Promoting Sustainable Land Management in Las Bambas,Global Environment Facility (GEF),,Funding,,,,,,,,Geocoding 2013,,,,,,DRAFT,410,GENERAL ENVIRONMENTAL PROTECTION,41000,"General environmental protection, combinations of purposes",,,,3276,3276,,,0,0,0,,,,,,,,,,,,,,410,General environmental protection,41000,"General environmental protection, combinations of purposes",,,,,,,,,,,,,,,,,,,,
906001152997,Establishing National Land Use and Land Degradation Profile toward Mainstreaming Sustainable Land Management Practices in Sector Policies – ENALULDEP/SLM,Global Environment Facility (GEF),,Funding,,,,,,,,Geocoding 2013,,,,,,DRAFT,410,GENERAL ENVIRONMENTAL PROTECTION,41000,"General environmental protection, combinations of purposes",,,,5823,5823,,,0,0,0,,,,,,,,,,,,,,410,General environmental protection,41000,"General environmental protection, combinations of purposes",,,,,,,,,,,,,,,,,,,,
906001152999,SFM Sustainable Land Management of the Upper Watersheds of South Western Haiti,Global Environment Facility (GEF),,Funding,,,,,,,,Geocoding 2013,,,,,,DRAFT,410,GENERAL ENVIRONMENTAL PROTECTION,41000,"General environmental protection, combinations of purposes",,,,3132,3132,,,0,0,0,,,,,,,,,,,,,,410,General environmental protection,41000,"General environmental protection, combinations of purposes",,,,,,,,,,,,,,,,,,,,
906001153001,CPP Namibia: Sustainable Land Management Support and Adaptive Management Project (NAM SLM SAM),Global Environment Facility (GEF),,Funding,,,,,,,,Geocoding 2013,,,,,,DRAFT,410,GENERAL ENVIRONMENTAL PROTECTION,41000,"General environmental protection, combinations of purposes",,,,3356,3356,,,0,0,0,,,,,,,,,,,,,,410,General environmental protection,41000,"General environmental protection, combinations of purposes",,,,,,,,,,,,,,,,,,,,
906001153003,CPP Namibia: Enhancing Institutional and Human Resource Capacity Through Local Level Coordination of Integrated Rangeland Management and Support (CALLC),Global Environment Facility (GEF),,Funding,,,,,,,,Geocoding 2013,,,,,,DRAFT,410,GENERAL ENVIRONMENTAL PROTECTION,41000,"General environmental protection, combinations of purposes",,,,3355,3355,,,0,0,0,,,,,,,,,,,,,,410,General environmental protection,41000,"General environmental protection, combinations of purposes",,,,,,,,,,,,,,,,,,,,
906001153005,LDC/SIDS Portfolio Project: Capacity Development for Sustainable Land Management in Seychelles,Global Environment Facility (GEF),,Funding,,,,,,,,Geocoding 2013,,,,,,DRAFT,410,GENERAL ENVIRONMENTAL PROTECTION,41000,"General environmental protection, combinations of purposes",,,,3360,3360,,,0,0,0,,,,,,,,,,,,,,410,General environmental protection,41000,"General environmental protection, combinations of purposes",,,,,,,,,,,,,,,,,,,,
906001153007,SIP: Sustainable Land Management Pilot Project,Global Environment Facility (GEF),,Funding,,,,,,,,Geocoding 2013,,,,,,DRAFT,410,GENERAL ENVIRONMENTAL PROTECTION,41000,"General environmental protection, combinations of purposes",,,,3364,3364,,,0,0,0,,,,,,,,,,,,,,410,General environmental protection,41000,"General environmental protection, combinations of purposes",,,,,,,,,,,,,,,,,,,,
906001153009,LDC/SIDS Portfolio Project: Sustainable Land Management in Comoros,Global Environment Facility (GEF),,Funding,,,,,,,,Geocoding 2013,,,,,,DRAFT,410,GENERAL ENVIRONMENTAL PROTECTION,41000,"General environmental protection, combinations of purposes",,,,3480,3480,,,0,0,0,,,,,,,,,,,,,,410,General environmental protection,41000,"General environmental protection, combinations of purposes",,,,,,,,,,,,,,,,,,,,
906001153011,SIP: Catchments and Landscape Management,Global Environment Facility (GEF),,Funding,,,,,,,,Geocoding 2013,,,,,,DRAFT,410,GENERAL ENVIRONMENTAL PROTECTION,41000,"General environmental protection, combinations of purposes",,,,3362,3362,,,0,0,0,,,,,,,,,,,,,,410,General environmental protection,41000,"General environmental protection, combinations of purposes",,,,,,,,,,,,,,,,,,,,
906001153013,SIP: Country Program for Sustainable Land Management (ECPSLM),Global Environment Facility (GEF),,Funding,,,,,,,,Geocoding 2013,,,,,,DRAFT,410,GENERAL ENVIRONMENTAL PROTECTION,41000,"General environmental protection, combinations of purposes",,,,2794,2794,,,0,0,0,,,,,,,,,,,,,,410,General environmental protection,41000,"General environmental protection, combinations of purposes",,,,,,,,,,,,,,,,,,,,
906001153015,SIP: Participatory Integrated Watershed Management Project (PIWAMP),Global Environment Facility (GEF),,Funding,,,,,,,,Geocoding 2013,,,,,,DRAFT,410,GENERAL ENVIRONMENTAL PROTECTION,41000,"General environmental protection, combinations of purposes",,,,3368,3368,,,0,0,0,,,,,,,,,,,,,,410,General environmental protection,41000,"General environmental protection, combinations of purposes",,,,,,,,,,,,,,,,,,,,
906001153017,"Sustainable Land Management for Mitigating Land Degradation, Enhancing Agricultural Biodiversity and Reducing Poverty (SLaM)",Global Environment Facility (GEF),,Funding,,,,,,,,Geocoding 2013,,,,,,DRAFT,410,GENERAL ENVIRONMENTAL PROTECTION,41000,"General environmental protection, combinations of purposes",,,,2402,2402,,,0,0,0,,,,,,,,,,,,,,410,General environmental protection,41000,"General environmental protection, combinations of purposes",,,,,,,,,,,,,,,,,,,,
906001153019,Agricultural Productivity and Sustainable Land Management,Global Environment Facility (GEF),,Funding,,,,,,,,Geocoding 2013,,,,,,DRAFT,410,GENERAL ENVIRONMENTAL PROTECTION,41000,"General environmental protection, combinations of purposes",,,,2355,2355,,,0,0,0,,,,,,,,,,,,,,410,General environmental protection,41000,"General environmental protection, combinations of purposes",,,,,,,,,,,,,,,,,,,,
906001153021,SIP: Capacity Building and Knowledge Management for Sustainable Land Management ,Global Environment Facility (GEF),,Funding,,,,,,,,Geocoding 2013,,,,,,DRAFT,410,GENERAL ENVIRONMENTAL PROTECTION,41000,"General environmental protection, combinations of purposes",,,,3372,3372,,,0,0,0,,,,,,,,,,,,,,410,General environmental protection,41000,"General environmental protection, combinations of purposes",,,,,,,,,,,,,,,,,,,,
906001153023,SIP: Stabilizing Rural Populations through Improved Systems for SLM and Local Governance of Lands in Southern Madagascar,Global Environment Facility (GEF),,Funding,,,,,,,,Geocoding 2013,,,,,,DRAFT,410,GENERAL ENVIRONMENTAL PROTECTION,41000,"General environmental protection, combinations of purposes",,,,3374,3374,,,0,0,0,,,,,,,,,,,,,,410,General environmental protection,41000,"General environmental protection, combinations of purposes",,,,,,,,,,,,,,,,,,,,
906001153025,SIP: Watershed Management,Global Environment Facility (GEF),,Funding,,,,,,,,Geocoding 2013,,,,,,DRAFT,410,GENERAL ENVIRONMENTAL PROTECTION,41000,"General environmental protection, combinations of purposes",,,,3373,3373,,,0,0,0,,,,,,,,,,,,,,410,General environmental protection,41000,"General environmental protection, combinations of purposes",,,,,,,,,,,,,,,,,,,,
906001153027,SIP: Private Public Sector Partnership on Capacity Building for SLM in the Shire River Basin,Global Environment Facility (GEF),,Funding,,,,,,,,Geocoding 2013,,,,,,DRAFT,410,GENERAL ENVIRONMENTAL PROTECTION,41000,"General environmental protection, combinations of purposes",,,,3376,3376,,,0,0,0,,,,,,,,,,,,,,410,General environmental protection,41000,"General environmental protection, combinations of purposes",,,,,,,,,,,,,,,,,,,,
906001153029,SIP: Agriculture Sector Development Programme -Support to SLM (ADP-SLM),Global Environment Facility (GEF),,Funding,,,,,,,,Geocoding 2013,,,,,,DRAFT,410,GENERAL ENVIRONMENTAL PROTECTION,41000,"General environmental protection, combinations of purposes",,,,3375,3375,,,0,0,0,,,,,,,,,,,,,,410,General environmental protection,41000,"General environmental protection, combinations of purposes",,,,,,,,,,,,,,,,,,,,
906001153031,SIP: Fostering Agricultural Productivity in Mali,Global Environment Facility (GEF),,Funding,,,,,,,,Geocoding 2013,,,,,,DRAFT,410,GENERAL ENVIRONMENTAL PROTECTION,41000,"General environmental protection, combinations of purposes",,,,3377,3377,,,0,0,0,,,,,,,,,,,,,,410,General environmental protection,41000,"General environmental protection, combinations of purposes",,,,,,,,,,,,,,,,,,,,
906001153033,Community-based Watershed Management Project,Global Environment Facility (GEF),,Funding,,,,,,,,Geocoding 2013,,,,,,DRAFT,410,GENERAL ENVIRONMENTAL PROTECTION,41000,"General environmental protection, combinations of purposes",,,,2459,2459,,,0,0,0,,,,,,,,,,,,,,410,General environmental protection,41000,"General environmental protection, combinations of purposes",,,,,,,,,,,,,,,,,,,,
906001153035,SIP: Community Driven SLM for Environmental and Food Security,Global Environment Facility (GEF),,Funding,,,,,,,,Geocoding 2013,,,,,,DRAFT,410,GENERAL ENVIRONMENTAL PROTECTION,41000,"General environmental protection, combinations of purposes",,,,3382,3382,,,0,0,0,,,,,,,,,,,,,,410,General environmental protection,41000,"General environmental protection, combinations of purposes",,,,,,,,,,,,,,,,,,,,
906001153037,SIP: Oasis Micro-Basin Sand Invasion Control in the Goure and Maine Regions (PLECO),Global Environment Facility (GEF),,Funding,,,,,,,,Geocoding 2013,,,,,,DRAFT,410,GENERAL ENVIRONMENTAL PROTECTION,41000,"General environmental protection, combinations of purposes",,,,3381,3381,,,0,0,0,,,,,,,,,,,,,,410,General environmental protection,41000,"General environmental protection, combinations of purposes",,,,,,,,,,,,,,,,,,,,
906001153039,Sustainable Co-Management of the Natural Resources of the Air-Tenere Complex,Global Environment Facility (GEF),,Funding,,,,,,,,Geocoding 2013,,,,,,DRAFT,410,GENERAL ENVIRONMENTAL PROTECTION,41000,"General environmental protection, combinations of purposes",,,,2380,2380,,,0,0,0,,,,,,,,,,,,,,410,General environmental protection,41000,"General environmental protection, combinations of purposes",,,,,,,,,,,,,,,,,,,,
906001153041,National Fadama Development Program II (NFDP II): Critical Ecosystem Management,Global Environment Facility (GEF),,Funding,,,,,,,,Geocoding 2013,,,,,,DRAFT,410,GENERAL ENVIRONMENTAL PROTECTION,41000,"General environmental protection, combinations of purposes",,,,1503,1503,,,0,0,0,,,,,,,,,,,,,,410,General environmental protection,41000,"General environmental protection, combinations of purposes",,,,,,,,,,,,,,,,,,,,
906001153043,Groundnut Basin Soil Management and Regeneration,Global Environment Facility (GEF),,Funding,,,,,,,,Geocoding 2013,,,,,,DRAFT,410,GENERAL ENVIRONMENTAL PROTECTION,41000,"General environmental protection, combinations of purposes",,,,2511,2511,,,0,0,0,,,,,,,,,,,,,,410,General environmental protection,41000,"General environmental protection, combinations of purposes",,,,,,,,,,,,,,,,,,,,
906001153045,"SIP: Integrated Ecosystem Management in Four Representative Landscapes of Senegal, Phase 2",Global Environment Facility (GEF),,Funding,,,,,,,,Geocoding 2013,,,,,,DRAFT,410,GENERAL ENVIRONMENTAL PROTECTION,41000,"General environmental protection, combinations of purposes",,,,2268,2268,,,0,0,0,,,,,,,,,,,,,,410,General environmental protection,41000,"General environmental protection, combinations of purposes",,,,,,,,,,,,,,,,,,,,
906001153047,SIP: Lower Usuthu Smallholder Irrigation Project (LUSIP),Global Environment Facility (GEF),,Funding,,,,,,,,Geocoding 2013,,,,,,DRAFT,410,GENERAL ENVIRONMENTAL PROTECTION,41000,"General environmental protection, combinations of purposes",,,,3390,3390,,,0,0,0,,,,,,,,,,,,,,410,General environmental protection,41000,"General environmental protection, combinations of purposes",,,,,,,,,,,,,,,,,,,,
906001153049,SIP: Reducing Land Degradation on the Highlands of Kilimanjaro,Global Environment Facility (GEF),,Funding,,,,,,,,Geocoding 2013,,,,,,DRAFT,410,GENERAL ENVIRONMENTAL PROTECTION,41000,"General environmental protection, combinations of purposes",,,,3391,3391,,,0,0,0,,,,,,,,,,,,,,410,General environmental protection,41000,"General environmental protection, combinations of purposes",,,,,,,,,,,,,,,,,,,,
906001153051,Integrated Landscape Management for Improved Livelihoods and Ecosystem Resilience in Mount Elgon ,Global Environment Facility (GEF),,Funding,,,,,,,,Geocoding 2013,,,,,,DRAFT,410,GENERAL ENVIRONMENTAL PROTECTION,41000,"General environmental protection, combinations of purposes",,,,5718,5718,,,0,0,0,,,,,,,,,,,,,,410,General environmental protection,41000,"General environmental protection, combinations of purposes",,,,,,,,,,,,,,,,,,,,
906001153053,SIP: Enabling Environment for SLM to overcome land degradation in the cattle corridor of Uganda.,Global Environment Facility (GEF),,Funding,,,,,,,,Geocoding 2013,,,,,,DRAFT,410,GENERAL ENVIRONMENTAL PROTECTION,41000,"General environmental protection, combinations of purposes",,,,3393,3393,,,0,0,0,,,,,,,,,,,,,,410,General environmental protection,41000,"General environmental protection, combinations of purposes",,,,,,,,,,,,,,,,,,,,
906001153055,"SIP: Kalahari-Namib Project: Enhancing Decision-making through Interactive Environmental Learning and Action in Molopo-Nossob River Basin in Botswana, Namibia and South Africa",Global Environment Facility (GEF),,Funding,,,,,,,,Geocoding 2013,,,,,,DRAFT,410,GENERAL ENVIRONMENTAL PROTECTION,41000,"General environmental protection, combinations of purposes",,,,3403,3403,,,0,0,0,,,,,,,,,,,,,,410,General environmental protection,41000,"General environmental protection, combinations of purposes",,,,,,,,,,,,,,,,,,,,
906001153057,SIP: Equatorial Africa Deposition Network (EADN),Global Environment Facility (GEF),,Funding,,,,,,,,Geocoding 2013,,,,,,DRAFT,410,GENERAL ENVIRONMENTAL PROTECTION,41000,"General environmental protection, combinations of purposes",,,,3401,3401,,,0,0,0,,,,,,,,,,,,,,410,General environmental protection,41000,"General environmental protection, combinations of purposes",,,,,,,,,,,,,,,,,,,,
906001153059,SIP: Lake Victoria Environmental Management Project II,Global Environment Facility (GEF),,Funding,,,,,,,,Geocoding 2013,,,,,,DRAFT,410,GENERAL ENVIRONMENTAL PROTECTION,41000,"General environmental protection, combinations of purposes",,,,3399,3399,,,0,0,0,,,,,,,,,,,,,,410,General environmental protection,41000,"General environmental protection, combinations of purposes",,,,,,,,,,,,,,,,,,,,
906001153061,SIP: Eastern Nile Transboundary Watershed Management in Support of ENSAP Implementation,Global Environment Facility (GEF),,Funding,,,,,,,,Geocoding 2013,,,,,,DRAFT,410,GENERAL ENVIRONMENTAL PROTECTION,41000,"General environmental protection, combinations of purposes",,,,3398,3398,,,0,0,0,,,,,,,,,,,,,,410,General environmental protection,41000,"General environmental protection, combinations of purposes",,,,,,,,,,,,,,,,,,,,
906001153063,SIP: Institutional Support to New Partnership for Africa’s Development (NEPAD) and Regional Economic Communities (RECs) for Sustainable Land Management (SLM) Scale-up in Sub-Saharan Africa (SSA),Global Environment Facility (GEF),,Funding,,,,,,,,Geocoding 2013,,,,,,DRAFT,410,GENERAL ENVIRONMENTAL PROTECTION,41000,"General environmental protection, combinations of purposes",,,,3395,3395,,,0,0,0,,,,,,,,,,,,,,410,General environmental protection,41000,"General environmental protection, combinations of purposes",,,,,,,,,,,,,,,,,,,,
906001153065,LDC/SIDS Portfolio: Improving Agricultural Extension Services for Sustainable Land Use Management in Rwanda,Global Environment Facility (GEF),,Funding,,,,,,,,Geocoding 2013,,,,,,DRAFT,410,GENERAL ENVIRONMENTAL PROTECTION,41000,"General environmental protection, combinations of purposes",,,,3422,3422,,,0,0,0,,,,,,,,,,,,,,410,General environmental protection,41000,"General environmental protection, combinations of purposes",,,,,,,,,,,,,,,,,,,,
906001153067,SFM Strengthening Sustainable Forest Management and the Development of Bio-energy Markets to Promote Environmental Sustainability and to Reduce Green House Gas Emissions in Cambodia,Global Environment Facility (GEF),,Funding,,,,,,,,Geocoding 2013,,,,,,DRAFT,410,GENERAL ENVIRONMENTAL PROTECTION,41000,"General environmental protection, combinations of purposes",,,,3635,3635,,,0,0,0,,,,,,,,,,,,,,410,General environmental protection,41000,"General environmental protection, combinations of purposes",,,,,,,,,,,,,,,,,,,,
906001153069,Agricultural Rehabilitation and Sustainable Land Management Project,Global Environment Facility (GEF),,Funding,,,,,,,,Geocoding 2013,,,,,,DRAFT,410,GENERAL ENVIRONMENTAL PROTECTION,41000,"General environmental protection, combinations of purposes",,,,2357,2357,,,0,0,0,,,,,,,,,,,,,,410,General environmental protection,41000,"General environmental protection, combinations of purposes",,,,,,,,,,,,,,,,,,,,
906001153071,LDC/SIDS Portfolio Project: Sustainable Land Management,Global Environment Facility (GEF),,Funding,,,,,,,,Geocoding 2013,,,,,,DRAFT,410,GENERAL ENVIRONMENTAL PROTECTION,41000,"General environmental protection, combinations of purposes",,,,3432,3432,,,0,0,0,,,,,,,,,,,,,,410,General environmental protection,41000,"General environmental protection, combinations of purposes",,,,,,,,,,,,,,,,,,,,
906001153073,Capacity Development for Implementing Rio Conventions through Enhancing Incentive Mechanism for Sustainable Watershed/Land Management,Global Environment Facility (GEF),,Funding,,,,,,,,Geocoding 2013,,,,,,DRAFT,410,GENERAL ENVIRONMENTAL PROTECTION,41000,"General environmental protection, combinations of purposes",,,,5848,5848,,,0,0,0,,,,,,,,,,,,,,410,General environmental protection,41000,"General environmental protection, combinations of purposes",,,,,,,,,,,,,,,,,,,,
906001153075,Sustainable Land Management and Climate Change Mitigation Co-benefits SLM CCMC,Global Environment Facility (GEF),,Funding,,,,,,,,Geocoding 2013,,,,,,DRAFT,410,GENERAL ENVIRONMENTAL PROTECTION,41000,"General environmental protection, combinations of purposes",,,,5698,5698,,,0,0,0,,,,,,,,,,,,,,410,General environmental protection,41000,"General environmental protection, combinations of purposes",,,,,,,,,,,,,,,,,,,,
906001153077,MENARID: Institutional Strengthening and Coherence for Integrated Natural Resources Management,Global Environment Facility (GEF),,Funding,,,,,,,,Geocoding 2013,,,,,,DRAFT,410,GENERAL ENVIRONMENTAL PROTECTION,41000,"General environmental protection, combinations of purposes",,,,2732,2732,,,0,0,0,,,,,,,,,,,,,,410,General environmental protection,41000,"General environmental protection, combinations of purposes",,,,,,,,,,,,,,,,,,,,
906001153079,Demonstrating Sustainable Land Management in the Upper Sabana Yegua Watershed System,Global Environment Facility (GEF),,Funding,,,,,,,,Geocoding 2013,,,,,,DRAFT,410,GENERAL ENVIRONMENTAL PROTECTION,41000,"General environmental protection, combinations of purposes",,,,2512,2512,,,0,0,0,,,,,,,,,,,,,,410,General environmental protection,41000,"General environmental protection, combinations of purposes",,,,,,,,,,,,,,,,,,,,
906001153081,LDC/SIDS Portfolio Project: Capacity Building for Sustainable Land Management in the Commonwealth Dominica,Global Environment Facility (GEF),,Funding,,,,,,,,Geocoding 2013,,,,,,DRAFT,410,GENERAL ENVIRONMENTAL PROTECTION,41000,"General environmental protection, combinations of purposes",,,,3460,3460,,,0,0,0,,,,,,,,,,,,,,410,General environmental protection,41000,"General environmental protection, combinations of purposes",,,,,,,,,,,,,,,,,,,,
906001153083,SLEM/CPP: Integrated Land Use Management to Combat Land Degradation in Madja Pradesh,Global Environment Facility (GEF),,Funding,,,,,,,,Geocoding 2013,,,,,,DRAFT,410,GENERAL ENVIRONMENTAL PROTECTION,41000,"General environmental protection, combinations of purposes",,,,3472,3472,,,0,0,0,,,,,,,,,,,,,,410,General environmental protection,41000,"General environmental protection, combinations of purposes",,,,,,,,,,,,,,,,,,,,
906001153085,SLEM/CPP: Sustainable Land Water and Biodiversity Conservation and Management for Improved Livelihoods in Uttarakhand Watershed Sector,Global Environment Facility (GEF),,Funding,,,,,,,,Geocoding 2013,,,,,,DRAFT,410,GENERAL ENVIRONMENTAL PROTECTION,41000,"General environmental protection, combinations of purposes",,,,3471,3471,,,0,0,0,,,,,,,,,,,,,,410,General environmental protection,41000,"General environmental protection, combinations of purposes",,,,,,,,,,,,,,,,,,,,
906001153087,SLEM/CPP: Sustainable Rural Livelihood Security through Innovations in Land and Ecosystem Management,Global Environment Facility (GEF),,Funding,,,,,,,,Geocoding 2013,,,,,,DRAFT,410,GENERAL ENVIRONMENTAL PROTECTION,41000,"General environmental protection, combinations of purposes",,,,3470,3470,,,0,0,0,,,,,,,,,,,,,,410,General environmental protection,41000,"General environmental protection, combinations of purposes",,,,,,,,,,,,,,,,,,,,
906001153089,SLEM/CPP: Sustainable Land Management in Shifting Cultivation Areas of Nagaland for Ecological and Livelihood Security,Global Environment Facility (GEF),,Funding,,,,,,,,Geocoding 2013,,,,,,DRAFT,410,GENERAL ENVIRONMENTAL PROTECTION,41000,"General environmental protection, combinations of purposes",,,,3469,3469,,,0,0,0,,,,,,,,,,,,,,410,General environmental protection,41000,"General environmental protection, combinations of purposes",,,,,,,,,,,,,,,,,,,,
906001153091,"SLEM/CPP: Institutional Coordination, Policy Outreach and M & E Project under Sustainable Land and Ecosystem Management Partnership Program",Global Environment Facility (GEF),,Funding,,,,,,,,Geocoding 2013,,,,,,DRAFT,410,GENERAL ENVIRONMENTAL PROTECTION,41000,"General environmental protection, combinations of purposes",,,,3468,3468,,,0,0,0,,,,,,,,,,,,,,410,General environmental protection,41000,"General environmental protection, combinations of purposes",,,,,,,,,,,,,,,,,,,,
906001153093,LDC/SIDS Portfolio Project: Mainstreaming and Capacity Building for Sustainable Land Management in Belize,Global Environment Facility (GEF),,Funding,,,,,,,,Geocoding 2013,,,,,,DRAFT,410,GENERAL ENVIRONMENTAL PROTECTION,41000,"General environmental protection, combinations of purposes",,,,3475,3475,,,0,0,0,,,,,,,,,,,,,,410,General environmental protection,41000,"General environmental protection, combinations of purposes",,,,,,,,,,,,,,,,,,,,
906001153095,"SIP: Integrated Ecological Planning and Sustainable Land Management in Coastal Ecosystems in the Comoros in the Three Island of (Grand Comore, Anjouan, and Moheli)",Global Environment Facility (GEF),,Funding,,,,,,,,Geocoding 2013,,,,,,DRAFT,410,GENERAL ENVIRONMENTAL PROTECTION,41000,"General environmental protection, combinations of purposes",,,,3363,3363,,,0,0,0,,,,,,,,,,,,,,410,General environmental protection,41000,"General environmental protection, combinations of purposes",,,,,,,,,,,,,,,,,,,,
906001153097,LDC/SIDS Portfolio Project: Sustainable Land Management in Guinea-Bissau,Global Environment Facility (GEF),,Funding,,,,,,,,Geocoding 2013,,,,,,DRAFT,410,GENERAL ENVIRONMENTAL PROTECTION,41000,"General environmental protection, combinations of purposes",,,,3481,3481,,,0,0,0,,,,,,,,,,,,,,410,General environmental protection,41000,"General environmental protection, combinations of purposes",,,,,,,,,,,,,,,,,,,,
906001153099,PRC-GEF Partnership: Sustainable Development in Poor Rural Areas,Global Environment Facility (GEF),,Funding,,,,,,,,Geocoding 2013,,,,,,DRAFT,410,GENERAL ENVIRONMENTAL PROTECTION,41000,"General environmental protection, combinations of purposes",,,,3608,3608,,,0,0,0,,,,,,,,,,,,,,410,General environmental protection,41000,"General environmental protection, combinations of purposes",,,,,,,,,,,,,,,,,,,,
906001153101,PRC-GEF Partnership: Capacity and Management Support for Combating Land Degradation in Dryland Ecosystems,Global Environment Facility (GEF),,Funding,,,,,,,,Geocoding 2013,,,,,,DRAFT,410,GENERAL ENVIRONMENTAL PROTECTION,41000,"General environmental protection, combinations of purposes",,,,3484,3484,,,0,0,0,,,,,,,,,,,,,,410,General environmental protection,41000,"General environmental protection, combinations of purposes",,,,,,,,,,,,,,,,,,,,
906001153103,LDC/SIDS Portfolio Project: Capacity Building and Mainstreaming of Sustainable Land Management in Suriname,Global Environment Facility (GEF),,Funding,,,,,,,,Geocoding 2013,,,,,,DRAFT,410,GENERAL ENVIRONMENTAL PROTECTION,41000,"General environmental protection, combinations of purposes",,,,3486,3486,,,0,0,0,,,,,,,,,,,,,,410,General environmental protection,41000,"General environmental protection, combinations of purposes",,,,,,,,,,,,,,,,,,,,
906001153105,LDC/SIDS Portfolio Project: Capacity Building for Sustainable Land Management in Jamaica,Global Environment Facility (GEF),,Funding,,,,,,,,Geocoding 2013,,,,,,DRAFT,410,GENERAL ENVIRONMENTAL PROTECTION,41000,"General environmental protection, combinations of purposes",,,,3487,3487,,,0,0,0,,,,,,,,,,,,,,410,General environmental protection,41000,"General environmental protection, combinations of purposes",,,,,,,,,,,,,,,,,,,,
906001153107,LDC/SIDS Portfolio Project: Capacity Building for Sustainable Land Management in Kiribati,Global Environment Facility (GEF),,Funding,,,,,,,,Geocoding 2013,,,,,,DRAFT,410,GENERAL ENVIRONMENTAL PROTECTION,41000,"General environmental protection, combinations of purposes",,,,3488,3488,,,0,0,0,,,,,,,,,,,,,,410,General environmental protection,41000,"General environmental protection, combinations of purposes",,,,,,,,,,,,,,,,,,,,
906001153109,LDC/SIDS Portfolio Project: Capacity Building for Sustainable Land Management in the Solomon Islands,Global Environment Facility (GEF),,Funding,,,,,,,,Geocoding 2013,,,,,,DRAFT,410,GENERAL ENVIRONMENTAL PROTECTION,41000,"General environmental protection, combinations of purposes",,,,3489,3489,,,0,0,0,,,,,,,,,,,,,,410,General environmental protection,41000,"General environmental protection, combinations of purposes",,,,,,,,,,,,,,,,,,,,
906001153111,Community-based Land Management,Global Environment Facility (GEF),,Funding,,,,,,,,Geocoding 2013,,,,,,DRAFT,410,GENERAL ENVIRONMENTAL PROTECTION,41000,"General environmental protection, combinations of purposes",,,,1877,1877,,,0,0,0,,,,,,,,,,,,,,410,General environmental protection,41000,"General environmental protection, combinations of purposes",,,,,,,,,,,,,,,,,,,,
906001153113,LDC/SIDS Portfolio Project: Capacity Building and Mainstreaming of Sustainable Land Management in St. Vincent and the Grenadines,Global Environment Facility (GEF),,Funding,,,,,,,,Geocoding 2013,,,,,,DRAFT,410,GENERAL ENVIRONMENTAL PROTECTION,41000,"General environmental protection, combinations of purposes",,,,3491,3491,,,0,0,0,,,,,,,,,,,,,,410,General environmental protection,41000,"General environmental protection, combinations of purposes",,,,,,,,,,,,,,,,,,,,
906001153115,LDC/SIDS Portfolio Project: Capacity Building for Sustainable Land Management for Nauru,Global Environment Facility (GEF),,Funding,,,,,,,,Geocoding 2013,,,,,,DRAFT,410,GENERAL ENVIRONMENTAL PROTECTION,41000,"General environmental protection, combinations of purposes",,,,3492,3492,,,0,0,0,,,,,,,,,,,,,,410,General environmental protection,41000,"General environmental protection, combinations of purposes",,,,,,,,,,,,,,,,,,,,
906001153117,LDC/SIDS Portfolio Project: Capacity Building and Mainstreaming of Sustainable Land Management,Global Environment Facility (GEF),,Funding,,,,,,,,Geocoding 2013,,,,,,DRAFT,410,GENERAL ENVIRONMENTAL PROTECTION,41000,"General environmental protection, combinations of purposes",,,,3493,3493,,,0,0,0,,,,,,,,,,,,,,410,General environmental protection,41000,"General environmental protection, combinations of purposes",,,,,,,,,,,,,,,,,,,,
906001153119,LDC/SIDS Portfolio Project: Capacity Building for Sustainable Land Management in St. Kitts and Nevis,Global Environment Facility (GEF),,Funding,,,,,,,,Geocoding 2013,,,,,,DRAFT,410,GENERAL ENVIRONMENTAL PROTECTION,41000,"General environmental protection, combinations of purposes",,,,3494,3494,,,0,0,0,,,,,,,,,,,,,,410,General environmental protection,41000,"General environmental protection, combinations of purposes",,,,,,,,,,,,,,,,,,,,
906001153121,LDC/SIDS Portfolio Project: Capacity Building for Sustainable Land Management in Barbados,Global Environment Facility (GEF),,Funding,,,,,,,,Geocoding 2013,,,,,,DRAFT,410,GENERAL ENVIRONMENTAL PROTECTION,41000,"General environmental protection, combinations of purposes",,,,3497,3497,,,0,0,0,,,,,,,,,,,,,,410,General environmental protection,41000,"General environmental protection, combinations of purposes",,,,,,,,,,,,,,,,,,,,
906001153123,LDC/SIDS Portfolio Project: Capacity Building for Sustainable Land Management in the FSM,Global Environment Facility (GEF),,Funding,,,,,,,,Geocoding 2013,,,,,,DRAFT,410,GENERAL ENVIRONMENTAL PROTECTION,41000,"General environmental protection, combinations of purposes",,,,3498,3498,,,0,0,0,,,,,,,,,,,,,,410,General environmental protection,41000,"General environmental protection, combinations of purposes",,,,,,,,,,,,,,,,,,,,
906001153125,LDC/SIDS Portfolio Project: Capacity building and Mainstreaming of Sustainable Land Management in Saint Lucia,Global Environment Facility (GEF),,Funding,,,,,,,,Geocoding 2013,,,,,,DRAFT,410,GENERAL ENVIRONMENTAL PROTECTION,41000,"General environmental protection, combinations of purposes",,,,3500,3500,,,0,0,0,,,,,,,,,,,,,,410,General environmental protection,41000,"General environmental protection, combinations of purposes",,,,,,,,,,,,,,,,,,,,
906001153127,LDC/SIDS Portfolio Project: Capacity Building for Sustainable Land Management for Mitigation of Land Degradation in Palau,Global Environment Facility (GEF),,Funding,,,,,,,,Geocoding 2013,,,,,,DRAFT,410,GENERAL ENVIRONMENTAL PROTECTION,41000,"General environmental protection, combinations of purposes",,,,3501,3501,,,0,0,0,,,,,,,,,,,,,,410,General environmental protection,41000,"General environmental protection, combinations of purposes",,,,,,,,,,,,,,,,,,,,
906001153129,LDC/SIDS Portfolio Project: Capacity Building and Mainstreaming for Sustainable Land Management in Vanuatu,Global Environment Facility (GEF),,Funding,,,,,,,,Geocoding 2013,,,,,,DRAFT,410,GENERAL ENVIRONMENTAL PROTECTION,41000,"General environmental protection, combinations of purposes",,,,3502,3502,,,0,0,0,,,,,,,,,,,,,,410,General environmental protection,41000,"General environmental protection, combinations of purposes",,,,,,,,,,,,,,,,,,,,
906001153131,LDC/SIDS Portfolio Project: Capacity Building for Sustainable Land Management in Papua New Guinea,Global Environment Facility (GEF),,Funding,,,,,,,,Geocoding 2013,,,,,,DRAFT,410,GENERAL ENVIRONMENTAL PROTECTION,41000,"General environmental protection, combinations of purposes",,,,3503,3503,,,0,0,0,,,,,,,,,,,,,,410,General environmental protection,41000,"General environmental protection, combinations of purposes",,,,,,,,,,,,,,,,,,,,
906001153133,LDC/SIDS Portfolio Project: Capacity Building for Sustainable Land Management in Tuvalu,Global Environment Facility (GEF),,Funding,,,,,,,,Geocoding 2013,,,,,,DRAFT,410,GENERAL ENVIRONMENTAL PROTECTION,41000,"General environmental protection, combinations of purposes",,,,3504,3504,,,0,0,0,,,,,,,,,,,,,,410,General environmental protection,41000,"General environmental protection, combinations of purposes",,,,,,,,,,,,,,,,,,,,
906001153135,LDC/SIDS Portfolio Project: Building Capacity and Mainstreaming Sustainable LandManagement in Maldives,Global Environment Facility (GEF),,Funding,,,,,,,,Geocoding 2013,,,,,,DRAFT,410,GENERAL ENVIRONMENTAL PROTECTION,41000,"General environmental protection, combinations of purposes",,,,3505,3505,,,0,0,0,,,,,,,,,,,,,,410,General environmental protection,41000,"General environmental protection, combinations of purposes",,,,,,,,,,,,,,,,,,,,
906001153137,"LDC/SIDS Portfolio Project: Strengthening of Legal, Institutional and Individual Capacities for the Sustainable Land and Forest Management in Equatorial Guinea",Global Environment Facility (GEF),,Funding,,,,,,,,Geocoding 2013,,,,,,DRAFT,410,GENERAL ENVIRONMENTAL PROTECTION,41000,"General environmental protection, combinations of purposes",,,,3506,3506,,,0,0,0,,,,,,,,,,,,,,410,General environmental protection,41000,"General environmental protection, combinations of purposes",,,,,,,,,,,,,,,,,,,,
906001153139,LDC/SIDS Portfolio Project: Capacity Building for Sustainable Land Management in the Cook Islands,Global Environment Facility (GEF),,Funding,,,,,,,,Geocoding 2013,,,,,,DRAFT,410,GENERAL ENVIRONMENTAL PROTECTION,41000,"General environmental protection, combinations of purposes",,,,3508,3508,,,0,0,0,,,,,,,,,,,,,,410,General environmental protection,41000,"General environmental protection, combinations of purposes",,,,,,,,,,,,,,,,,,,,
906001153141,LDC/SIDS Portfolio Project: Capacity building for Sustainable Land Management in Trinidad & Tobago,Global Environment Facility (GEF),,Funding,,,,,,,,Geocoding 2013,,,,,,DRAFT,410,GENERAL ENVIRONMENTAL PROTECTION,41000,"General environmental protection, combinations of purposes",,,,3509,3509,,,0,0,0,,,,,,,,,,,,,,410,General environmental protection,41000,"General environmental protection, combinations of purposes",,,,,,,,,,,,,,,,,,,,
906001153143,LDC/SIDS Portfolio Project: Capacity Building for Sustainable Land Management in Sierra Leone,Global Environment Facility (GEF),,Funding,,,,,,,,Geocoding 2013,,,,,,DRAFT,410,GENERAL ENVIRONMENTAL PROTECTION,41000,"General environmental protection, combinations of purposes",,,,3510,3510,,,0,0,0,,,,,,,,,,,,,,410,General environmental protection,41000,"General environmental protection, combinations of purposes",,,,,,,,,,,,,,,,,,,,
906001153145,LDC/SIDS Portfolio Project: Legal and Institutional Capacity Development for the Mitigation of Soil Degradation and Deforestation in São Tomé & Príncipe,Global Environment Facility (GEF),,Funding,,,,,,,,Geocoding 2013,,,,,,DRAFT,410,GENERAL ENVIRONMENTAL PROTECTION,41000,"General environmental protection, combinations of purposes",,,,3511,3511,,,0,0,0,,,,,,,,,,,,,,410,General environmental protection,41000,"General environmental protection, combinations of purposes",,,,,,,,,,,,,,,,,,,,
906001153147,LDC/SIDS Portfolio Project: Capacity building and Mainstreaming of Sustainable Land,Global Environment Facility (GEF),,Funding,,,,,,,,Geocoding 2013,,,,,,DRAFT,410,GENERAL ENVIRONMENTAL PROTECTION,41000,"General environmental protection, combinations of purposes",,,,3512,3512,,,0,0,0,,,,,,,,,,,,,,410,General environmental protection,41000,"General environmental protection, combinations of purposes",,,,,,,,,,,,,,,,,,,,
906001153149,LDC/SIDS Portfolio Project: Capacity Development and Mainstreaming for Sustainable Land Management in Guyana,Global Environment Facility (GEF),,Funding,,,,,,,,Geocoding 2013,,,,,,DRAFT,410,GENERAL ENVIRONMENTAL PROTECTION,41000,"General environmental protection, combinations of purposes",,,,3516,3516,,,0,0,0,,,,,,,,,,,,,,410,General environmental protection,41000,"General environmental protection, combinations of purposes",,,,,,,,,,,,,,,,,,,,
906001153151,SIP: Harmonizing support: a national program integrating water harvesting schemes and sustainable land management,Global Environment Facility (GEF),,Funding,,,,,,,,Geocoding 2013,,,,,,DRAFT,410,GENERAL ENVIRONMENTAL PROTECTION,41000,"General environmental protection, combinations of purposes",,,,3529,3529,,,0,0,0,,,,,,,,,,,,,,410,General environmental protection,41000,"General environmental protection, combinations of purposes",,,,,,,,,,,,,,,,,,,,
906001153153,CPP: National Subprogram for Coordination and Institutional Development on Sustainable Land Management,Global Environment Facility (GEF),,Funding,,,,,,,,Geocoding 2013,,,,,,DRAFT,410,GENERAL ENVIRONMENTAL PROTECTION,41000,"General environmental protection, combinations of purposes",,,,3884,3884,,,0,0,0,,,,,,,,,,,,,,410,General environmental protection,41000,"General environmental protection, combinations of purposes",,,,,,,,,,,,,,,,,,,,
906001153155,Mainstreaming Biodiversity in Sustainable Cattle Ranching,Global Environment Facility (GEF),,Funding,,,,,,,,Geocoding 2013,,,,,,DRAFT,410,GENERAL ENVIRONMENTAL PROTECTION,41000,"General environmental protection, combinations of purposes",,,,3574,3574,,,0,0,0,,,,,,,,,,,,,,410,General environmental protection,41000,"General environmental protection, combinations of purposes",,,,,,,,,,,,,,,,,,,,
906001153157,"CPP Cuba: Coordination, Monitoring and Evaluation of Cuba Country Pilot Partnership on Sustainable Land Management",Global Environment Facility (GEF),,Funding,,,,,,,,Geocoding 2013,,,,,,DRAFT,410,GENERAL ENVIRONMENTAL PROTECTION,41000,"General environmental protection, combinations of purposes",,,,3587,3587,,,0,0,0,,,,,,,,,,,,,,410,General environmental protection,41000,"General environmental protection, combinations of purposes",,,,,,,,,,,,,,,,,,,,
906001153159,"CPP Cuba: Capacity Building for Planning, Decision Making and Regulatory Systems & Awareness Building/Sustainable Land Management in Severely Degraded Ecosystems",Global Environment Facility (GEF),,Funding,,,,,,,,Geocoding 2013,,,,,,DRAFT,410,GENERAL ENVIRONMENTAL PROTECTION,41000,"General environmental protection, combinations of purposes",,,,3578,3578,,,0,0,0,,,,,,,,,,,,,,410,General environmental protection,41000,"General environmental protection, combinations of purposes",,,,,,,,,,,,,,,,,,,,
906001153161,PRC-GEF Partnership: Forestry and Ecological Restoration  in Three Northwest Provinces (formerly Silk Road Ecosystem Restoration Project),Global Environment Facility (GEF),,Funding,,,,,,,,Geocoding 2013,,,,,,DRAFT,410,GENERAL ENVIRONMENTAL PROTECTION,41000,"General environmental protection, combinations of purposes",,,,3483,3483,,,0,0,0,,,,,,,,,,,,,,410,General environmental protection,41000,"General environmental protection, combinations of purposes",,,,,,,,,,,,,,,,,,,,
906001153163,PRC-GEF Partnership: An IEM Approach to the Conservation of Biodiversity in Dryland Ecosystems - under the PRC-GEF Partnership on Land Degradation in Dryland Ecosystem Program,Global Environment Facility (GEF),,Funding,,,,,,,,Geocoding 2013,,,,,,DRAFT,410,GENERAL ENVIRONMENTAL PROTECTION,41000,"General environmental protection, combinations of purposes",,,,2369,2369,,,0,0,0,,,,,,,,,,,,,,410,General environmental protection,41000,"General environmental protection, combinations of purposes",,,,,,,,,,,,,,,,,,,,
906001153165,SFM: Promotion of Sustainable Forest and Land Management in the Vietnam Uplands,Global Environment Facility (GEF),,Funding,,,,,,,,Geocoding 2013,,,,,,DRAFT,410,GENERAL ENVIRONMENTAL PROTECTION,41000,"General environmental protection, combinations of purposes",,,,3627,3627,,,0,0,0,,,,,,,,,,,,,,410,General environmental protection,41000,"General environmental protection, combinations of purposes",,,,,,,,,,,,,,,,,,,,
906001153167,MENARID: Cross Cutting M & E Functions and Knowledge Management for INRM within the MENARID Programme Framework,Global Environment Facility (GEF),,Funding,,,,,,,,Geocoding 2013,,,,,,DRAFT,410,GENERAL ENVIRONMENTAL PROTECTION,41000,"General environmental protection, combinations of purposes",,,,3628,3628,,,0,0,0,,,,,,,,,,,,,,410,General environmental protection,41000,"General environmental protection, combinations of purposes",,,,,,,,,,,,,,,,,,,,
906001153169,LDC/SIDS Portfolio Project: Capacitiy Building in and Mainstreaming of Sustainable Land Management in Cambodia,Global Environment Facility (GEF),,Funding,,,,,,,,Geocoding 2013,,,,,,DRAFT,410,GENERAL ENVIRONMENTAL PROTECTION,41000,"General environmental protection, combinations of purposes",,,,3427,3427,,,0,0,0,,,,,,,,,,,,,,410,General environmental protection,41000,"General environmental protection, combinations of purposes",,,,,,,,,,,,,,,,,,,,
906001153171,Global Support Programme: Increasing the Quantity and Improving the Quality of Information for the Review of Implementation of the UNCCD Implementation,Global Environment Facility (GEF),,Funding,,,,,,,,Geocoding 2013,,,,,,DRAFT,410,GENERAL ENVIRONMENTAL PROTECTION,41000,"General environmental protection, combinations of purposes",,,,5541,5541,,,0,0,0,,,,,,,,,,,,,,410,General environmental protection,41000,"General environmental protection, combinations of purposes",,,,,,,,,,,,,,,,,,,,
906001153173,MENARID: Support to Sustainable Land Management in the Siliana Governorate,Global Environment Facility (GEF),,Funding,,,,,,,,Geocoding 2013,,,,,,DRAFT,410,GENERAL ENVIRONMENTAL PROTECTION,41000,"General environmental protection, combinations of purposes",,,,2709,2709,,,0,0,0,,,,,,,,,,,,,,410,General environmental protection,41000,"General environmental protection, combinations of purposes",,,,,,,,,,,,,,,,,,,,
906001153175,SFM Sustainable Management of Biodiversity and Water Resources in the Ibarra-San Lorenzo Corridor,Global Environment Facility (GEF),,Funding,,,,,,,,Geocoding 2013,,,,,,DRAFT,410,GENERAL ENVIRONMENTAL PROTECTION,41000,"General environmental protection, combinations of purposes",,,,3717,3717,,,0,0,0,,,,,,,,,,,,,,410,General environmental protection,41000,"General environmental protection, combinations of purposes",,,,,,,,,,,,,,,,,,,,
906001153177,Montenegro Institutional Development and Agriculture Strengthening (MIDAS),Global Environment Facility (GEF),,Funding,,,,,,,,Geocoding 2013,,,,,,DRAFT,410,GENERAL ENVIRONMENTAL PROTECTION,41000,"General environmental protection, combinations of purposes",,,,3774,3774,,,0,0,0,,,,,,,,,,,,,,410,General environmental protection,41000,"General environmental protection, combinations of purposes",,,,,,,,,,,,,,,,,,,,
906001153179,SIP: Stimulating Community Initiatives in Sustainable Land Management (SCI-SLM),Global Environment Facility (GEF),,Funding,,,,,,,,Geocoding 2013,,,,,,DRAFT,410,GENERAL ENVIRONMENTAL PROTECTION,41000,"General environmental protection, combinations of purposes",,,,2184,2184,,,0,0,0,,,,,,,,,,,,,,410,General environmental protection,41000,"General environmental protection, combinations of purposes",,,,,,,,,,,,,,,,,,,,
906001153181,"A Global Initiative on Landscapes for People, Food and Nature",Global Environment Facility (GEF),,Funding,,,,,,,,Geocoding 2013,,,,,,DRAFT,410,GENERAL ENVIRONMENTAL PROTECTION,41000,"General environmental protection, combinations of purposes",,,,4806,4806,,,0,0,0,,,,,,,,,,,,,,410,General environmental protection,41000,"General environmental protection, combinations of purposes",,,,,,,,,,,,,,,,,,,,
906001153183,Reducing Conflicting Water Uses in the Artibonite River Basin through Development and Adoption of a Multi-focal Area Strategic Action Programme,Global Environment Facility (GEF),,Funding,,,,,,,,Geocoding 2013,,,,,,DRAFT,410,GENERAL ENVIRONMENTAL PROTECTION,41000,"General environmental protection, combinations of purposes",,,,2929,2929,,,0,0,0,,,,,,,,,,,,,,410,General environmental protection,41000,"General environmental protection, combinations of purposes",,,,,,,,,,,,,,,,,,,,
906001153185,Conservation and Sustainable use of Biodiversity and Land in Andean Vertical Ecosystems,Global Environment Facility (GEF),,Funding,,,,,,,,Geocoding 2013,,,,,,DRAFT,410,GENERAL ENVIRONMENTAL PROTECTION,41000,"General environmental protection, combinations of purposes",,,,3831,3831,,,0,0,0,,,,,,,,,,,,,,410,General environmental protection,41000,"General environmental protection, combinations of purposes",,,,,,,,,,,,,,,,,,,,
906001153187,SIP: Transboundary Agro-Ecosystem Management Programme for the Kagera River Basin (Kagera TAMP),Global Environment Facility (GEF),,Funding,,,,,,,,Geocoding 2013,,,,,,DRAFT,410,GENERAL ENVIRONMENTAL PROTECTION,41000,"General environmental protection, combinations of purposes",,,,2139,2139,,,0,0,0,,,,,,,,,,,,,,410,General environmental protection,41000,"General environmental protection, combinations of purposes",,,,,,,,,,,,,,,,,,,,
906001153189,CPP: Burkina Faso - Sub-programme of the Northern Region-under Partnership Programme for Sustainable Land Management,Global Environment Facility (GEF),,Funding,,,,,,,,Geocoding 2013,,,,,,DRAFT,410,GENERAL ENVIRONMENTAL PROTECTION,41000,"General environmental protection, combinations of purposes",,,,3567,3567,,,0,0,0,,,,,,,,,,,,,,410,General environmental protection,41000,"General environmental protection, combinations of purposes",,,,,,,,,,,,,,,,,,,,
906001153191,Sustainable Management of Inland Wetlands in Southern Africa: A Livelihoods and Ecosystem Approach,Global Environment Facility (GEF),,Funding,,,,,,,,Geocoding 2013,,,,,,DRAFT,410,GENERAL ENVIRONMENTAL PROTECTION,41000,"General environmental protection, combinations of purposes",,,,2052,2052,,,0,0,0,,,,,,,,,,,,,,410,General environmental protection,41000,"General environmental protection, combinations of purposes",,,,,,,,,,,,,,,,,,,,
906001153193,SFM Facilitating financing for Sustainable Forest Management in SIDS and LFCCs,Global Environment Facility (GEF),,Funding,,,,,,,,Geocoding 2013,,,,,,DRAFT,410,GENERAL ENVIRONMENTAL PROTECTION,41000,"General environmental protection, combinations of purposes",,,,4235,4235,,,0,0,0,,,,,,,,,,,,,,410,General environmental protection,41000,"General environmental protection, combinations of purposes",,,,,,,,,,,,,,,,,,,,
906001153195,Enabling Paradigm Shift on Monitoring and Assessment within the UNCCD - Piloting the Reporting of the Performance Indicators 2010,Global Environment Facility (GEF),,Funding,,,,,,,,Geocoding 2013,,,,,,DRAFT,410,GENERAL ENVIRONMENTAL PROTECTION,41000,"General environmental protection, combinations of purposes",,,,4017,4017,,,0,0,0,,,,,,,,,,,,,,410,General environmental protection,41000,"General environmental protection, combinations of purposes",,,,,,,,,,,,,,,,,,,,
906001153197,Development and Implementation of a Sustainable Resource Management Plan for Marsabit Mountain and its associated Watersheds,Global Environment Facility (GEF),,Funding,,,,,,,,Geocoding 2013,,,,,,DRAFT,410,GENERAL ENVIRONMENTAL PROTECTION,41000,"General environmental protection, combinations of purposes",,,,1666,1666,,,0,0,0,,,,,,,,,,,,,,410,General environmental protection,41000,"General environmental protection, combinations of purposes",,,,,,,,,,,,,,,,,,,,
906001153199,Fifth Operational Phase of the GEF Small Grants Programme,Global Environment Facility (GEF),,Funding,,,,,,,,Geocoding 2013,,,,,,DRAFT,410,GENERAL ENVIRONMENTAL PROTECTION,41000,"General environmental protection, combinations of purposes",,,,4382,4382,,,0,0,0,,,,,,,,,,,,,,410,General environmental protection,41000,"General environmental protection, combinations of purposes",,,,,,,,,,,,,,,,,,,,
906001153201,Environmental Services Project,Global Environment Facility (GEF),,Funding,,,,,,,,Geocoding 2013,,,,,,DRAFT,410,GENERAL ENVIRONMENTAL PROTECTION,41000,"General environmental protection, combinations of purposes",,,,4778,4778,,,0,0,0,,,,,,,,,,,,,,410,General environmental protection,41000,"General environmental protection, combinations of purposes",,,,,,,,,,,,,,,,,,,,
906001153203,SFM Capacity Development for Climate Change Mitigation through Sustainable Forest Management in non-Annex I Countries,Global Environment Facility (GEF),,Funding,,,,,,,,Geocoding 2013,,,,,,DRAFT,410,GENERAL ENVIRONMENTAL PROTECTION,41000,"General environmental protection, combinations of purposes",,,,3818,3818,,,0,0,0,,,,,,,,,,,,,,410,General environmental protection,41000,"General environmental protection, combinations of purposes",,,,,,,,,,,,,,,,,,,,
906001153205,MENARID: Participatory Control of Desertification and Poverty Reduction in the Arid and Semi Arid High Plateau Ecosystems of Eastern Morocco,Global Environment Facility (GEF),,Funding,,,,,,,,Geocoding 2013,,,,,,DRAFT,410,GENERAL ENVIRONMENTAL PROTECTION,41000,"General environmental protection, combinations of purposes",,,,2632,2632,,,0,0,0,,,,,,,,,,,,,,410,General environmental protection,41000,"General environmental protection, combinations of purposes",,,,,,,,,,,,,,,,,,,,
906001153207,Enabling Sustainable Dryland Management Through Mobile Pastoral Custodianship: World Initiative on Sustainable Pastoralism (add on),Global Environment Facility (GEF),,Funding,,,,,,,,Geocoding 2013,,,,,,DRAFT,410,GENERAL ENVIRONMENTAL PROTECTION,41000,"General environmental protection, combinations of purposes",,,,3660,3660,,,0,0,0,,,,,,,,,,,,,,410,General environmental protection,41000,"General environmental protection, combinations of purposes",,,,,,,,,,,,,,,,,,,,
906001153209,Sustainable Land Management in the Churia Range,Global Environment Facility (GEF),,Funding,,,,,,,,Geocoding 2013,,,,,,DRAFT,410,GENERAL ENVIRONMENTAL PROTECTION,41000,"General environmental protection, combinations of purposes",,,,5596,5596,,,0,0,0,,,,,,,,,,,,,,410,General environmental protection,41000,"General environmental protection, combinations of purposes",,,,,,,,,,,,,,,,,,,,
906001153211,R2R Integrated Environmental Management of the Fanga’uta Lagoon Catchment,Global Environment Facility (GEF),,Funding,,,,,,,,Geocoding 2013,,,,,,DRAFT,410,GENERAL ENVIRONMENTAL PROTECTION,41000,"General environmental protection, combinations of purposes",,,,5663,5663,,,0,0,0,,,,,,,,,,,,,,410,General environmental protection,41000,"General environmental protection, combinations of purposes",,,,,,,,,,,,,,,,,,,,
906001153213,Participatory Coastal Zone Restoration and Sustainable Management in the Eastern Province of Post-Tsunami Sri Lanka,Global Environment Facility (GEF),,Funding,,,,,,,,Geocoding 2013,,,,,,DRAFT,410,GENERAL ENVIRONMENTAL PROTECTION,41000,"General environmental protection, combinations of purposes",,,,2753,2753,,,0,0,0,,,,,,,,,,,,,,410,General environmental protection,41000,"General environmental protection, combinations of purposes",,,,,,,,,,,,,,,,,,,,
906001153215,SFM: Sustainable Management of the Miombo Woodland Resources of Western Tanzania,Global Environment Facility (GEF),,Funding,,,,,,,,Geocoding 2013,,,,,,DRAFT,410,GENERAL ENVIRONMENTAL PROTECTION,41000,"General environmental protection, combinations of purposes",,,,3000,3000,,,0,0,0,,,,,,,,,,,,,,410,General environmental protection,41000,"General environmental protection, combinations of purposes",,,,,,,,,,,,,,,,,,,,
906001153217,"SFM: Carbon Benefits Project (CBP): Modeling, Measurement and Monitoring",Global Environment Facility (GEF),,Funding,,,,,,,,Geocoding 2013,,,,,,DRAFT,410,GENERAL ENVIRONMENTAL PROTECTION,41000,"General environmental protection, combinations of purposes",,,,3449,3449,,,0,0,0,,,,,,,,,,,,,,410,General environmental protection,41000,"General environmental protection, combinations of purposes",,,,,,,,,,,,,,,,,,,,
906001153219,Forest Protection and Reforestation,Global Environment Facility (GEF),,Funding,,,,,,,,Geocoding 2013,,,,,,DRAFT,410,GENERAL ENVIRONMENTAL PROTECTION,41000,"General environmental protection, combinations of purposes",,,,2354,2354,,,0,0,0,,,,,,,,,,,,,,410,General environmental protection,41000,"General environmental protection, combinations of purposes",,,,,,,,,,,,,,,,,,,,
906001153221,Land Degradation Offset and Mitigation in Western Mongolia,Global Environment Facility (GEF),,Funding,,,,,,,,Geocoding 2013,,,,,,DRAFT,410,GENERAL ENVIRONMENTAL PROTECTION,41000,"General environmental protection, combinations of purposes",,,,5700,5700,,,0,0,0,,,,,,,,,,,,,,410,General environmental protection,41000,"General environmental protection, combinations of purposes",,,,,,,,,,,,,,,,,,,,
906001153223,SIP: Sustainable Land Management Country Program,Global Environment Facility (GEF),,Funding,,,,,,,,Geocoding 2013,,,,,,DRAFT,410,GENERAL ENVIRONMENTAL PROTECTION,41000,"General environmental protection, combinations of purposes",,,,3392,3392,,,0,0,0,,,,,,,,,,,,,,410,General environmental protection,41000,"General environmental protection, combinations of purposes",,,,,,,,,,,,,,,,,,,,
906001153225,Supporting Capacity Building for the Third National Reporting to CRIC-5/COP-8,Global Environment Facility (GEF),,Funding,,,,,,,,Geocoding 2013,,,,,,DRAFT,410,GENERAL ENVIRONMENTAL PROTECTION,41000,"General environmental protection, combinations of purposes",,,,3060,3060,,,0,0,0,,,,,,,,,,,,,,410,General environmental protection,41000,"General environmental protection, combinations of purposes",,,,,,,,,,,,,,,,,,,,
906001153227,National Program Support for Environment and Natural Resources Management Project (NPS-ENRMP),Global Environment Facility (GEF),,Funding,,,,,,,,Geocoding 2013,,,,,,DRAFT,410,GENERAL ENVIRONMENTAL PROTECTION,41000,"General environmental protection, combinations of purposes",,,,2761,2761,,,0,0,0,,,,,,,,,,,,,,410,General environmental protection,41000,"General environmental protection, combinations of purposes",,,,,,,,,,,,,,,,,,,,
906001153229,Supporting Capacity Building for the Third National Reporting to CRIC-5/COP-8,Global Environment Facility (GEF),,Funding,,,,,,,,Geocoding 2013,,,,,,DRAFT,410,GENERAL ENVIRONMENTAL PROTECTION,41000,"General environmental protection, combinations of purposes",,,,3036,3036,,,0,0,0,,,,,,,,,,,,,,410,General environmental protection,41000,"General environmental protection, combinations of purposes",,,,,,,,,,,,,,,,,,,,
906001153231,Sustainable Land Management Promotion ,Global Environment Facility (GEF),,Funding,,,,,,,,Geocoding 2013,,,,,,DRAFT,410,GENERAL ENVIRONMENTAL PROTECTION,41000,"General environmental protection, combinations of purposes",,,,5785,5785,,,0,0,0,,,,,,,,,,,,,,410,General environmental protection,41000,"General environmental protection, combinations of purposes",,,,,,,,,,,,,,,,,,,,
906001153233,Using SLM to Improve the Integrity of the Makgadikgadi Ecosystem and to Secure the Livelihoods of Rangeland Dependent Communities,Global Environment Facility (GEF),,Funding,,,,,,,,Geocoding 2013,,,,,,DRAFT,410,GENERAL ENVIRONMENTAL PROTECTION,41000,"General environmental protection, combinations of purposes",,,,5789,5789,,,0,0,0,,,,,,,,,,,,,,410,General environmental protection,41000,"General environmental protection, combinations of purposes",,,,,,,,,,,,,,,,,,,,
906001153235,Ensuring Impacts from SLM - Development of a Global Indicator System,Global Environment Facility (GEF),,Funding,,,,,,,,Geocoding 2013,,,,,,DRAFT,410,GENERAL ENVIRONMENTAL PROTECTION,41000,"General environmental protection, combinations of purposes",,,,2863,2863,,,0,0,0,,,,,,,,,,,,,,410,General environmental protection,41000,"General environmental protection, combinations of purposes",,,,,,,,,,,,,,,,,,,,
906001153237,Fouta Djallon Highlands Integrated Natural Resources Management Project (FDH-INRM) (Tranches 1 and 2),Global Environment Facility (GEF),,Funding,,,,,,,,Geocoding 2013,,,,,,DRAFT,410,GENERAL ENVIRONMENTAL PROTECTION,41000,"General environmental protection, combinations of purposes",,,,1431,1431,,,0,0,0,,,,,,,,,,,,,,410,General environmental protection,41000,"General environmental protection, combinations of purposes",,,,,,,,,,,,,,,,,,,,
906001153239,Enhanced Cross-Sectoral Land Management through Land Use Pressure Reduction and Planning,Global Environment Facility (GEF),,Funding,,,,,,,,Geocoding 2013,,,,,,DRAFT,410,GENERAL ENVIRONMENTAL PROTECTION,41000,"General environmental protection, combinations of purposes",,,,5822,5822,,,0,0,0,,,,,,,,,,,,,,410,General environmental protection,41000,"General environmental protection, combinations of purposes",,,,,,,,,,,,,,,,,,,,
906001153241,LDC/SIDS Portfolio Project: Capacity Building and Resource Mobilization for Sustainable Land Management in Bangladesh,Global Environment Facility (GEF),,Funding,,,,,,,,Geocoding 2013,,,,,,DRAFT,410,GENERAL ENVIRONMENTAL PROTECTION,41000,"General environmental protection, combinations of purposes",,,,3306,3306,,,0,0,0,,,,,,,,,,,,,,410,General environmental protection,41000,"General environmental protection, combinations of purposes",,,,,,,,,,,,,,,,,,,,
906001153243,LDC and SIDS Targeted Portfolio Approach For Capacity Development and Mainstreaming of Sustainable Land Management,Global Environment Facility (GEF),,Funding,,,,,,,,Geocoding 2013,,,,,,DRAFT,410,GENERAL ENVIRONMENTAL PROTECTION,41000,"General environmental protection, combinations of purposes",,,,2441,2441,,,0,0,0,,,,,,,,,,,,,,410,General environmental protection,41000,"General environmental protection, combinations of purposes",,,,,,,,,,,,,,,,,,,,
906001153245,Applying Landscape and Sustainable Land Management (L-SLM) for Mitigating Land Degradation and Contributing to Poverty Reduction in Rural Areas,Global Environment Facility (GEF),,Funding,,,,,,,,Geocoding 2013,,,,,,DRAFT,410,GENERAL ENVIRONMENTAL PROTECTION,41000,"General environmental protection, combinations of purposes",,,,5825,5825,,,0,0,0,,,,,,,,,,,,,,410,General environmental protection,41000,"General environmental protection, combinations of purposes",,,,,,,,,,,,,,,,,,,,
906001153247,SFM Strengthening Community Based Forest and Watershed Management (SCBFWM),Global Environment Facility (GEF),,Funding,,,,,,,,Geocoding 2013,,,,,,DRAFT,410,GENERAL ENVIRONMENTAL PROTECTION,41000,"General environmental protection, combinations of purposes",,,,3443,3443,,,0,0,0,,,,,,,,,,,,,,410,General environmental protection,41000,"General environmental protection, combinations of purposes",,,,,,,,,,,,,,,,,,,,
906001153249,Enabling Sustainable Dryland Management Through Mobile Pastoral Custodianship,Global Environment Facility (GEF),,Funding,,,,,,,,Geocoding 2013,,,,,,DRAFT,410,GENERAL ENVIRONMENTAL PROTECTION,41000,"General environmental protection, combinations of purposes",,,,2193,2193,,,0,0,0,,,,,,,,,,,,,,410,General environmental protection,41000,"General environmental protection, combinations of purposes",,,,,,,,,,,,,,,,,,,,
906001153251,Land Degradation Assessment in Drylands (LADA),Global Environment Facility (GEF),,Funding,,,,,,,,Geocoding 2013,,,,,,DRAFT,410,GENERAL ENVIRONMENTAL PROTECTION,41000,"General environmental protection, combinations of purposes",,,,1329,1329,,,0,0,0,,,,,,,,,,,,,,410,General environmental protection,41000,"General environmental protection, combinations of purposes",,,,,,,,,,,,,,,,,,,,
906001153253,Barriers and Best Practices in Integrated Management of Mountain Ecosystems,Global Environment Facility (GEF),,Funding,,,,,,,,Geocoding 2013,,,,,,DRAFT,410,GENERAL ENVIRONMENTAL PROTECTION,41000,"General environmental protection, combinations of purposes",,,,1328,1328,,,0,0,0,,,,,,,,,,,,,,410,General environmental protection,41000,"General environmental protection, combinations of purposes",,,,,,,,,,,,,,,,,,,,