AidData ID,Project Title,Source Label,Source ID,Transaction Type,Date (DD/MM/YYYY),Year,Funding Region,Funding Organization,Funding Organisation ISO,Provider Name,Receiver Region,Receiver Country,Receiver Country ISO,Amount (Original Currency),Original Currency,Amount (Constant USD2011),Amount (Nominal USD2011),Type of Assistance,Receiver
906001152851,The Global Environmental Commons. Solutions for a Crowded Planet,Geocoding 2013,3290,Commitment Loan / Grant Amount,1/1/2016,2016,Multilaterals,Global Environment Facility (GEF),,,"Bilateral, unspecified",Global,,0,USD,0,0,Not Reported,
906001152853,Enabling the use of Global Data Sources to assess and Monitor Land Degradation at Multiple Scales,Geocoding 2013,3290,Commitment Loan / Grant Amount,1/1/2016,2016,Multilaterals,Global Environment Facility (GEF),,,"Bilateral, unspecified",Global,,0,USD,0,0,Not Reported,
906001152855,Adaptive Management and Monitoring of the Maghreb's Oases Systems,Geocoding 2013,3290,Commitment Loan / Grant Amount,1/1/2016,2016,Multilaterals,Global Environment Facility (GEF),,,"Africa, Regional Programs","Africa, Regional Programs Multi-Country",,0,USD,0,0,Not Reported,
906001152857,Sustainable Land Management in the Semi-Arid Sertao,Geocoding 2013,3290,Commitment Loan / Grant Amount,1/1/2016,2016,Multilaterals,Global Environment Facility (GEF),,,South America,Brazil,BR,0,USD,0,0,Not Reported,
906001152859,"SIP: Scaling up SLM Practice, Knowledge, and Coordination in Key Nigerian States",Geocoding 2013,3290,Commitment Loan / Grant Amount,1/1/2016,2016,Multilaterals,Global Environment Facility (GEF),,,"Africa, South of Sahara",Nigeria,NG,0,USD,0,0,Not Reported,
906001152861,Fifth Operational Phase of the GEF Small Grants Program in Kenya ,Geocoding 2013,3290,Commitment Loan / Grant Amount,1/1/2016,2016,Multilaterals,Global Environment Facility (GEF),,,"Africa, South of Sahara",Kenya,KE,0,USD,0,0,Not Reported,
906001152863,LDC/SIDS Portfolio Project: Capacity Building to Combat Desertification and Land Degradation in Guinea,Geocoding 2013,3290,Commitment Loan / Grant Amount,1/1/2016,2016,Multilaterals,Global Environment Facility (GEF),,,"Africa, South of Sahara",Guinea,GN,0,USD,0,0,Not Reported,
906001152865,CBSP-Capacity Building for Regional Coordination of Sustainable Forest Management in the Congo Basin under the GEF Program for the Congo Basin,Geocoding 2013,3290,Commitment Loan / Grant Amount,1/1/2016,2016,Multilaterals,Global Environment Facility (GEF),,,"Africa, Regional Programs","Africa, Regional Programs Multi-Country",,0,USD,0,0,Not Reported,
906001152867,SIP: Monitoring Carbon and Environmental and Socio-Economic Co-Benefits of BioCF Projects in SSA ,Geocoding 2013,3290,Commitment Loan / Grant Amount,1/1/2016,2016,Multilaterals,Global Environment Facility (GEF),,,"Africa, Regional Programs","Africa, Regional Programs Multi-Country",,0,USD,0,0,Not Reported,
906001152869,CACILM: Multicountry Capacity Building Project,Geocoding 2013,3290,Commitment Loan / Grant Amount,1/1/2016,2016,Multilaterals,Global Environment Facility (GEF),,,"Central Asia, Regional Programs","Central Asia, Regional Programs Multi-Country",,0,USD,0,0,Not Reported,
906001152871,CBSP Enhancing Institutional Capacities on REDD issues for Sustainable Forest Management in the Congo Basin,Geocoding 2013,3290,Commitment Loan / Grant Amount,1/1/2016,2016,Multilaterals,Global Environment Facility (GEF),,,"Africa, Regional Programs","Africa, Regional Programs Multi-Country",,0,USD,0,0,Not Reported,
906001152873,Support to 16 GEF Eligible Parties for Alignment of  National Action Programs and Reporting  Process under UNCCD,Geocoding 2013,3290,Commitment Loan / Grant Amount,1/1/2016,2016,Multilaterals,Global Environment Facility (GEF),,,"Bilateral, unspecified",Global,,0,USD,0,0,Not Reported,
906001152875,SIP: Innovations in Micro Irrigation for Dryland Farmers,Geocoding 2013,3290,Commitment Loan / Grant Amount,1/1/2016,2016,Multilaterals,Global Environment Facility (GEF),,,"Africa, South of Sahara",Senegal,SN,0,USD,0,0,Not Reported,
906001152877,Supporting Sustainable Land Management in Steppe and Semi-arid Zones through Integrated Territorial Planning and Agro-environmental Incentives,Geocoding 2013,3290,Commitment Loan / Grant Amount,1/1/2016,2016,Multilaterals,Global Environment Facility (GEF),,,South & Central Asia,Kazakhstan,KZ,0,USD,0,0,Not Reported,
906001152879,SIP: Mainstreaming Sustainable Land Management in Agropastoral Production Systems of Kenya,Geocoding 2013,3290,Commitment Loan / Grant Amount,1/1/2016,2016,Multilaterals,Global Environment Facility (GEF),,,"Africa, South of Sahara",Kenya,KE,0,USD,0,0,Not Reported,
906001152881,Ecosystem Restoration of Riparian Forests in Sao Paulo,Geocoding 2013,3290,Commitment Loan / Grant Amount,1/1/2016,2016,Multilaterals,Global Environment Facility (GEF),,,South America,Brazil,BR,0,USD,0,0,Not Reported,
906001152883,LDC/SIDS Portfolio Project: Capacity Building for Sustainable Land Management in Burundi,Geocoding 2013,3290,Commitment Loan / Grant Amount,1/1/2016,2016,Multilaterals,Global Environment Facility (GEF),,,"Africa, South of Sahara",Burundi,BI,0,USD,0,0,Not Reported,
906001152885,LDC/SIDS Portfolio Project: Building Capacity and Mainstreaming Sustainable Land Management in Bhutan,Geocoding 2013,3290,Commitment Loan / Grant Amount,1/1/2016,2016,Multilaterals,Global Environment Facility (GEF),,,South & Central Asia,Bhutan,BT,0,USD,0,0,Not Reported,
906001152887,PRC-GEF Partnership: Mainstreaming Biodiversity Protection within the Production Landscapes and Protected Areas of the Lake Aibi Basin,Geocoding 2013,3290,Commitment Loan / Grant Amount,1/1/2016,2016,Multilaterals,Global Environment Facility (GEF),,,Far East Asia,China,CN,0,USD,0,0,Not Reported,
906001152889,Caatinga Conservation and Sustainable Management Project,Geocoding 2013,3290,Commitment Loan / Grant Amount,1/1/2016,2016,Multilaterals,Global Environment Facility (GEF),,,South America,Brazil,BR,0,USD,0,0,Not Reported,
906001152891,"CACILM: Central Asia Countries Initiative for Land Management (CACILM) Multicountry Partnership Framework Support Project-under CACILM Partnership Framework, Phase 1",Geocoding 2013,3290,Commitment Loan / Grant Amount,1/1/2016,2016,Multilaterals,Global Environment Facility (GEF),,,"Central Asia, Regional Programs","Central Asia, Regional Programs Multi-Country",,0,USD,0,0,Not Reported,
906001152893,Sustainable Management of Arid and Semi-arid Ecosystems to Combat Desertification in Patagonia (resubmission),Geocoding 2013,3290,Commitment Loan / Grant Amount,1/1/2016,2016,Multilaterals,Global Environment Facility (GEF),,,South America,Argentina,AR,0,USD,0,0,Not Reported,
906001152895,SIP: Agricultural and Rural Rehabilitation and Development Initiative (ARRDI),Geocoding 2013,3290,Commitment Loan / Grant Amount,1/1/2016,2016,Multilaterals,Global Environment Facility (GEF),,,"Africa, South of Sahara",Niger,NE,0,USD,0,0,Not Reported,
906001152897,SIP: Sustainable Land Management in Ghana,Geocoding 2013,3290,Commitment Loan / Grant Amount,1/1/2016,2016,Multilaterals,Global Environment Facility (GEF),,,"Africa, South of Sahara",Ghana,GH,0,USD,0,0,Not Reported,
906001152899,LDC/SIDS Portfolio Project: Capacity Building for Sustainable Land Management,Geocoding 2013,3290,Commitment Loan / Grant Amount,1/1/2016,2016,Multilaterals,Global Environment Facility (GEF),,,"Africa, South of Sahara",Mauritius,MU,0,USD,0,0,Not Reported,
906001152901,Sustainable Land Management in Drought Prone  Areas of Nicaragua,Geocoding 2013,3290,Commitment Loan / Grant Amount,1/1/2016,2016,Multilaterals,Global Environment Facility (GEF),,,North & Central America,Nicaragua,NI,0,USD,0,0,Not Reported,
906001152903,Sharing Knowledge on the Use of Biochar for Sustainable Land Management,Geocoding 2013,3290,Commitment Loan / Grant Amount,1/1/2016,2016,Multilaterals,Global Environment Facility (GEF),,,"Bilateral, unspecified",Global,,0,USD,0,0,Not Reported,
906001152905,SIP: Participatory Enviornmental Protection and Poverty Reduction in the Oases of Mauritania,Geocoding 2013,3290,Commitment Loan / Grant Amount,1/1/2016,2016,Multilaterals,Global Environment Facility (GEF),,,"Africa, South of Sahara",Mauritania,MR,0,USD,0,0,Not Reported,
906001152907,CACILM: Central Asian Countries Initiative for Land Management Multi-country Partnership Framework Phase 1,Geocoding 2013,3290,Commitment Loan / Grant Amount,1/1/2016,2016,Multilaterals,Global Environment Facility (GEF),,,"Central Asia, Regional Programs","Central Asia, Regional Programs Multi-Country",,0,USD,0,0,Not Reported,
906001152909,SFM Sustainable Forest Management in the Transboundary Gran Chaco American Ecosystem,Geocoding 2013,3290,Commitment Loan / Grant Amount,1/1/2016,2016,Multilaterals,Global Environment Facility (GEF),,,South America,South America Multi-Country,,0,USD,0,0,Not Reported,
906001152911,Sustainable Land Management for Combating  Desertification (Phase I),Geocoding 2013,3290,Commitment Loan / Grant Amount,1/1/2016,2016,Multilaterals,Global Environment Facility (GEF),,,South & Central Asia,Pakistan,PK,0,USD,0,0,Not Reported,
906001152913,SIP: Sustainable Land Management in Senegal,Geocoding 2013,3290,Commitment Loan / Grant Amount,1/1/2016,2016,Multilaterals,Global Environment Facility (GEF),,,"Africa, South of Sahara",Senegal,SN,0,USD,0,0,Not Reported,
906001152915,LDC/SIDS Portfolio Project: Capacity Building for Sustainable Land Management in the Dominican Republic,Geocoding 2013,3290,Commitment Loan / Grant Amount,1/1/2016,2016,Multilaterals,Global Environment Facility (GEF),,,North & Central America,Dominican Republic,DO,0,USD,0,0,Not Reported,
906001152917,Sustainable Environmental Management for Sixaola River Basin,Geocoding 2013,3290,Commitment Loan / Grant Amount,1/1/2016,2016,Multilaterals,Global Environment Facility (GEF),,,"North & Central America, regional","North & Central America, regional Multi-Country",,0,USD,0,0,Not Reported,
906001152919,Sustainable Agro-Pastoral and Land Management Promotion under the National Community Development Program Support Program (PNDP),Geocoding 2013,3290,Commitment Loan / Grant Amount,1/1/2016,2016,Multilaterals,Global Environment Facility (GEF),,,"Africa, South of Sahara",Cameroon,CM,0,USD,0,0,Not Reported,
906001152921,"CACILM: Southern Agriculture Area Development Project--under CACILM Partnership Framework, Phase 1",Geocoding 2013,3290,Commitment Loan / Grant Amount,1/1/2016,2016,Multilaterals,Global Environment Facility (GEF),,,South & Central Asia,Kyrgyz Republic,KG,0,USD,0,0,Not Reported,
906001152923,MENARID: Mainstreaming Sustainable Land and Water Management Practices,Geocoding 2013,3290,Commitment Loan / Grant Amount,1/1/2016,2016,Multilaterals,Global Environment Facility (GEF),,,Middle East,Jordan,JO,0,USD,0,0,Not Reported,
906001152925,Conservation of Biodiversity and Mitigation of  Land Degradation Through Adaptive Management of Agricultural Heritage Systems,Geocoding 2013,3290,Commitment Loan / Grant Amount,1/1/2016,2016,Multilaterals,Global Environment Facility (GEF),,,"Africa, North of Sahara",Morocco,MA,0,USD,0,0,Not Reported,
906001152927,MENARID: Second Natural Resources Management Project,Geocoding 2013,3290,Commitment Loan / Grant Amount,1/1/2016,2016,Multilaterals,Global Environment Facility (GEF),,,"Africa, North of Sahara",Tunisia,TN,0,USD,0,0,Not Reported,
906001152929,Capacity Building for Sustainable Land Management (SLM) in Bulgaria,Geocoding 2013,3290,Commitment Loan / Grant Amount,1/1/2016,2016,Multilaterals,Global Environment Facility (GEF),,,Europe,Bulgaria,BG,0,USD,0,0,Not Reported,
906001152931,SFM Rehabilitation of Forest Landscapes and Degraded Land with Particular Attention to Saline Soils and Areas Prone to Wind Erosion,Geocoding 2013,3290,Commitment Loan / Grant Amount,1/1/2016,2016,Multilaterals,Global Environment Facility (GEF),,,Middle East,Iran,IR,0,USD,0,0,Not Reported,
906001152933,Building Sustainable Capacity and Ownership to Implement UNCCD Objectives in Latvia,Geocoding 2013,3290,Commitment Loan / Grant Amount,1/1/2016,2016,Multilaterals,Global Environment Facility (GEF),,,Europe,Latvia,LV,0,USD,0,0,Not Reported,
906001152935,CACILM: Partnership Framework - Land Improvement Project,Geocoding 2013,3290,Commitment Loan / Grant Amount,1/1/2016,2016,Multilaterals,Global Environment Facility (GEF),,,South & Central Asia,Uzbekistan,UZ,0,USD,0,0,Not Reported,
906001152937,CACILM: Demonstrating Sustainable Mountain Pasture Management in Susamyr in Kyrgyzstan-under CACILM Patnership Framework Phase I,Geocoding 2013,3290,Commitment Loan / Grant Amount,1/1/2016,2016,Multilaterals,Global Environment Facility (GEF),,,South & Central Asia,Kyrgyz Republic,KG,0,USD,0,0,Not Reported,
906001152939,SFM Rehabilitation and Sustainable Use of Peatland Forests in South-East Asia,Geocoding 2013,3290,Commitment Loan / Grant Amount,1/1/2016,2016,Multilaterals,Global Environment Facility (GEF),,,"Asia, Regional Programs","Asia, Regional Programs Multi-Country",,0,USD,0,0,Not Reported,
906001152941,"Rehabilitation of Degraded Agricultural Lands in Kandy, Badulla and Nuwara Eliya Districts in the Central Highlands (CH)",Geocoding 2013,3290,Commitment Loan / Grant Amount,1/1/2016,2016,Multilaterals,Global Environment Facility (GEF),,,South & Central Asia,Sri Lanka,LK,0,USD,0,0,Not Reported,
906001152943,Implementation of SLM Practices to Address Land Degradation and Mitigate Effects of Drought,Geocoding 2013,3290,Commitment Loan / Grant Amount,1/1/2016,2016,Multilaterals,Global Environment Facility (GEF),,,Far East Asia,Philippines,PH,0,USD,0,0,Not Reported,
906001152945,SIP: Community-Based Integrated Natural Resources Management in Lake Tana Watershed,Geocoding 2013,3290,Commitment Loan / Grant Amount,1/1/2016,2016,Multilaterals,Global Environment Facility (GEF),,,"Africa, South of Sahara",Ethiopia,ET,0,USD,0,0,Not Reported,
906001152947,"CACILM: Capacity Building and on-the-ground Investments for Integrated and Sustainable Land Management - under CACILM Partnership Framework, Phase 1",Geocoding 2013,3290,Commitment Loan / Grant Amount,1/1/2016,2016,Multilaterals,Global Environment Facility (GEF),,,South & Central Asia,Turkmenistan,TM,0,USD,0,0,Not Reported,
906001152949,"Securing Tenure Rights for Forest Landscape Dependent Communities: Linking Science with Policy to Advance Tenure Security, Sustainable Forest Management and People's Livelihoods  ",Geocoding 2013,3290,Commitment Loan / Grant Amount,1/1/2016,2016,Multilaterals,Global Environment Facility (GEF),,,"Bilateral, unspecified",Global,,0,USD,0,0,Not Reported,
906001152951,Zambezi Valley Market Led Smallholder Development,Geocoding 2013,3290,Commitment Loan / Grant Amount,1/1/2016,2016,Multilaterals,Global Environment Facility (GEF),,,"Africa, South of Sahara",Mozambique,MZ,0,USD,0,0,Not Reported,
906001152953,CBSP - A Regional Focus on Sustainable Timber Management in the Congo Basin,Geocoding 2013,3290,Commitment Loan / Grant Amount,1/1/2016,2016,Multilaterals,Global Environment Facility (GEF),,,"Bilateral, unspecified",Global,,0,USD,0,0,Not Reported,Regional
906001152955,Mindanao Rural Development Program Phase II - Natural Resource Management Project,Geocoding 2013,3290,Commitment Loan / Grant Amount,1/1/2016,2016,Multilaterals,Global Environment Facility (GEF),,,Far East Asia,Philippines,PH,0,USD,0,0,Not Reported,
906001152957,Sustainable Land Management of Lake Nyasa Catchment in Tanzania,Geocoding 2013,3290,Commitment Loan / Grant Amount,1/1/2016,2016,Multilaterals,Global Environment Facility (GEF),,,"Africa, South of Sahara",Tanzania,TZ,0,USD,0,0,Not Reported,
906001152959,SFM Safeguarding and Restoring Lebanon's Woodland Resources,Geocoding 2013,3290,Commitment Loan / Grant Amount,1/1/2016,2016,Multilaterals,Global Environment Facility (GEF),,,Middle East,Lebanon,LB,0,USD,0,0,Not Reported,
906001152961,Building the Foundation for Forest Landscape Restoration at Scale,Geocoding 2013,3290,Commitment Loan / Grant Amount,1/1/2016,2016,Multilaterals,Global Environment Facility (GEF),,,"Bilateral, unspecified",Global,,0,USD,0,0,Not Reported,
906001152963,Mainstreaming Sustainable Management of Tea Production Landscapes,Geocoding 2013,3290,Commitment Loan / Grant Amount,1/1/2016,2016,Multilaterals,Global Environment Facility (GEF),,,"Bilateral, unspecified",Global,,0,USD,0,0,Not Reported,
906001152965,LDC/SIDS Portfolio Project: Capacity Building for Sustainable Land Management,Geocoding 2013,3290,Commitment Loan / Grant Amount,1/1/2016,2016,Multilaterals,Global Environment Facility (GEF),,,North & Central America,Haiti,HT,0,USD,0,0,Not Reported,
906001152967,LDC/SIDS Portfolio Project: Capacitiy Building in and Mainstreaming of Sustainable Land Management in East Timor,Geocoding 2013,3290,Commitment Loan / Grant Amount,1/1/2016,2016,Multilaterals,Global Environment Facility (GEF),,,Far East Asia,Timor-Leste,TL,0,USD,0,0,Not Reported,
906001152969,LDC/SIDS Portfolio Project: Capacity Building for Sustainable Land Management in Samoa,Geocoding 2013,3290,Commitment Loan / Grant Amount,1/1/2016,2016,Multilaterals,Global Environment Facility (GEF),,,Oceania,Samoa,WS,0,USD,0,0,Not Reported,
906001152971,LDC/SIDS Portfolio Project: Capacity Building for Sustainable Land Management in Niue,Geocoding 2013,3290,Commitment Loan / Grant Amount,1/1/2016,2016,Multilaterals,Global Environment Facility (GEF),,,Oceania,Niue,NU,0,USD,0,0,Not Reported,
906001152973,LDC/SIDS Portfolio Project: Legal and Institutional Capacity Building to Combat Land Degradation and Deforestation in Democratic Republic of Congo,Geocoding 2013,3290,Commitment Loan / Grant Amount,1/1/2016,2016,Multilaterals,Global Environment Facility (GEF),,,"Africa, South of Sahara","Congo, Democratic Republic of",CD,0,USD,0,0,Not Reported,
906001152975,LDC/SIDS Portfolio Project: Capacity Building for Sustainable Land Management in Republic Central Africa,Geocoding 2013,3290,Commitment Loan / Grant Amount,1/1/2016,2016,Multilaterals,Global Environment Facility (GEF),,,"Africa, South of Sahara",Central African Republic,CF,0,USD,0,0,Not Reported,
906001152977,Sustainable Land Management in the High Pamir and Pamir-Alai Mountains - and Integrated and Transboundary Initiative in Central Asia Phase I,Geocoding 2013,3290,Commitment Loan / Grant Amount,1/1/2016,2016,Multilaterals,Global Environment Facility (GEF),,,"Central Asia, Regional Programs","Central Asia, Regional Programs Multi-Country",,0,USD,0,0,Not Reported,
906001152979,Support to the Implementation of the Regional Environmental Action Plan in Central Asia,Geocoding 2013,3290,Commitment Loan / Grant Amount,1/1/2016,2016,Multilaterals,Global Environment Facility (GEF),,,"Central Asia, Regional Programs","Central Asia, Regional Programs Multi-Country",,0,USD,0,0,Not Reported,
906001152981,"CACILM: Achieving Ecosystem Stability on the Exposed Aral Seabed and the Kyzylkum Desert, Uzbekistan - under CACILM Partnership Framework, Phase 1",Geocoding 2013,3290,Commitment Loan / Grant Amount,1/1/2016,2016,Multilaterals,Global Environment Facility (GEF),,,South & Central Asia,Uzbekistan,UZ,0,USD,0,0,Not Reported,
906001152983,Disaster Hazard Mitigation Project (DHMP),Geocoding 2013,3290,Commitment Loan / Grant Amount,1/1/2016,2016,Multilaterals,Global Environment Facility (GEF),,,South & Central Asia,Kyrgyz Republic,KG,0,USD,0,0,Not Reported,
906001152985,"CACILM: Demonstrating Local Responses to Combating Land Degradation and Improving Sustainable Land Management in SW Tajikistan-under CACILM Partnership Framework, Phase 1",Geocoding 2013,3290,Commitment Loan / Grant Amount,1/1/2016,2016,Multilaterals,Global Environment Facility (GEF),,,South & Central Asia,Tajikistan,TJ,0,USD,0,0,Not Reported,
906001152987,"CACILM: Rangeland Ecosystem Management-under CACILM Partnership Framework, Phase 1",Geocoding 2013,3290,Commitment Loan / Grant Amount,1/1/2016,2016,Multilaterals,Global Environment Facility (GEF),,,South & Central Asia,Kazakhstan,KZ,0,USD,0,0,Not Reported,
906001152989,"CACILM: Rural Development Project under CACILM Partnership Framework, Phase I",Geocoding 2013,3290,Commitment Loan / Grant Amount,1/1/2016,2016,Multilaterals,Global Environment Facility (GEF),,,South & Central Asia,Tajikistan,TJ,0,USD,0,0,Not Reported,
906001152991,Capacity Building and On-the-Ground Investments for Integrated and Sustainable Land Management,Geocoding 2013,3290,Commitment Loan / Grant Amount,1/1/2016,2016,Multilaterals,Global Environment Facility (GEF),,,South & Central Asia,Turkmenistan,TM,0,USD,0,0,Not Reported,
906001152993,Sustainable Land Management,Geocoding 2013,3290,Commitment Loan / Grant Amount,1/1/2016,2016,Multilaterals,Global Environment Facility (GEF),,,South & Central Asia,Bhutan,BT,0,USD,0,0,Not Reported,
906001152995,Promoting Sustainable Land Management in Las Bambas,Geocoding 2013,3290,Commitment Loan / Grant Amount,1/1/2016,2016,Multilaterals,Global Environment Facility (GEF),,,South America,Peru,PE,0,USD,0,0,Not Reported,
906001152997,Establishing National Land Use and Land Degradation Profile toward Mainstreaming Sustainable Land Management Practices in Sector Policies – ENALULDEP/SLM,Geocoding 2013,3290,Commitment Loan / Grant Amount,1/1/2016,2016,Multilaterals,Global Environment Facility (GEF),,,South & Central Asia,Bangladesh,BD,0,USD,0,0,Not Reported,
906001152999,SFM Sustainable Land Management of the Upper Watersheds of South Western Haiti,Geocoding 2013,3290,Commitment Loan / Grant Amount,1/1/2016,2016,Multilaterals,Global Environment Facility (GEF),,,North & Central America,Haiti,HT,0,USD,0,0,Not Reported,
906001153001,CPP Namibia: Sustainable Land Management Support and Adaptive Management Project (NAM SLM SAM),Geocoding 2013,3290,Commitment Loan / Grant Amount,1/1/2016,2016,Multilaterals,Global Environment Facility (GEF),,,"Africa, South of Sahara",Namibia,NA,0,USD,0,0,Not Reported,
906001153003,CPP Namibia: Enhancing Institutional and Human Resource Capacity Through Local Level Coordination of Integrated Rangeland Management and Support (CALLC),Geocoding 2013,3290,Commitment Loan / Grant Amount,1/1/2016,2016,Multilaterals,Global Environment Facility (GEF),,,"Africa, South of Sahara",Namibia,NA,0,USD,0,0,Not Reported,
906001153005,LDC/SIDS Portfolio Project: Capacity Development for Sustainable Land Management in Seychelles,Geocoding 2013,3290,Commitment Loan / Grant Amount,1/1/2016,2016,Multilaterals,Global Environment Facility (GEF),,,"Africa, South of Sahara",Seychelles,SC,0,USD,0,0,Not Reported,
906001153007,SIP: Sustainable Land Management Pilot Project,Geocoding 2013,3290,Commitment Loan / Grant Amount,1/1/2016,2016,Multilaterals,Global Environment Facility (GEF),,,"Africa, South of Sahara",Eritrea,ER,0,USD,0,0,Not Reported,
906001153009,LDC/SIDS Portfolio Project: Sustainable Land Management in Comoros,Geocoding 2013,3290,Commitment Loan / Grant Amount,1/1/2016,2016,Multilaterals,Global Environment Facility (GEF),,,"Africa, South of Sahara",Comoros,KM,0,USD,0,0,Not Reported,
906001153011,SIP: Catchments and Landscape Management,Geocoding 2013,3290,Commitment Loan / Grant Amount,1/1/2016,2016,Multilaterals,Global Environment Facility (GEF),,,"Africa, South of Sahara",Eritrea,ER,0,USD,0,0,Not Reported,
906001153013,SIP: Country Program for Sustainable Land Management (ECPSLM),Geocoding 2013,3290,Commitment Loan / Grant Amount,1/1/2016,2016,Multilaterals,Global Environment Facility (GEF),,,"Africa, South of Sahara",Ethiopia,ET,0,USD,0,0,Not Reported,
906001153015,SIP: Participatory Integrated Watershed Management Project (PIWAMP),Geocoding 2013,3290,Commitment Loan / Grant Amount,1/1/2016,2016,Multilaterals,Global Environment Facility (GEF),,,"Africa, South of Sahara",Gambia,GM,0,USD,0,0,Not Reported,
906001153017,"Sustainable Land Management for Mitigating Land Degradation, Enhancing Agricultural Biodiversity and Reducing Poverty (SLaM)",Geocoding 2013,3290,Commitment Loan / Grant Amount,1/1/2016,2016,Multilaterals,Global Environment Facility (GEF),,,"Africa, South of Sahara",Ghana,GH,0,USD,0,0,Not Reported,
906001153019,Agricultural Productivity and Sustainable Land Management,Geocoding 2013,3290,Commitment Loan / Grant Amount,1/1/2016,2016,Multilaterals,Global Environment Facility (GEF),,,"Africa, South of Sahara",Kenya,KE,0,USD,0,0,Not Reported,
906001153021,SIP: Capacity Building and Knowledge Management for Sustainable Land Management ,Geocoding 2013,3290,Commitment Loan / Grant Amount,1/1/2016,2016,Multilaterals,Global Environment Facility (GEF),,,"Africa, South of Sahara",Lesotho,LS,0,USD,0,0,Not Reported,
906001153023,SIP: Stabilizing Rural Populations through Improved Systems for SLM and Local Governance of Lands in Southern Madagascar,Geocoding 2013,3290,Commitment Loan / Grant Amount,1/1/2016,2016,Multilaterals,Global Environment Facility (GEF),,,"Africa, South of Sahara",Madagascar,MG,0,USD,0,0,Not Reported,
906001153025,SIP: Watershed Management,Geocoding 2013,3290,Commitment Loan / Grant Amount,1/1/2016,2016,Multilaterals,Global Environment Facility (GEF),,,"Africa, South of Sahara",Madagascar,MG,0,USD,0,0,Not Reported,
906001153027,SIP: Private Public Sector Partnership on Capacity Building for SLM in the Shire River Basin,Geocoding 2013,3290,Commitment Loan / Grant Amount,1/1/2016,2016,Multilaterals,Global Environment Facility (GEF),,,"Africa, South of Sahara",Malawi,MW,0,USD,0,0,Not Reported,
906001153029,SIP: Agriculture Sector Development Programme -Support to SLM (ADP-SLM),Geocoding 2013,3290,Commitment Loan / Grant Amount,1/1/2016,2016,Multilaterals,Global Environment Facility (GEF),,,"Africa, South of Sahara",Malawi,MW,0,USD,0,0,Not Reported,
906001153031,SIP: Fostering Agricultural Productivity in Mali,Geocoding 2013,3290,Commitment Loan / Grant Amount,1/1/2016,2016,Multilaterals,Global Environment Facility (GEF),,,"Africa, South of Sahara",Mali,ML,0,USD,0,0,Not Reported,
906001153033,Community-based Watershed Management Project,Geocoding 2013,3290,Commitment Loan / Grant Amount,1/1/2016,2016,Multilaterals,Global Environment Facility (GEF),,,"Africa, South of Sahara",Mauritania,MR,0,USD,0,0,Not Reported,
906001153035,SIP: Community Driven SLM for Environmental and Food Security,Geocoding 2013,3290,Commitment Loan / Grant Amount,1/1/2016,2016,Multilaterals,Global Environment Facility (GEF),,,"Africa, South of Sahara",Niger,NE,0,USD,0,0,Not Reported,
906001153037,SIP: Oasis Micro-Basin Sand Invasion Control in the Goure and Maine Regions (PLECO),Geocoding 2013,3290,Commitment Loan / Grant Amount,1/1/2016,2016,Multilaterals,Global Environment Facility (GEF),,,"Africa, South of Sahara",Niger,NE,0,USD,0,0,Not Reported,
906001153039,Sustainable Co-Management of the Natural Resources of the Air-Tenere Complex,Geocoding 2013,3290,Commitment Loan / Grant Amount,1/1/2016,2016,Multilaterals,Global Environment Facility (GEF),,,"Africa, South of Sahara",Niger,NE,0,USD,0,0,Not Reported,
906001153041,National Fadama Development Program II (NFDP II): Critical Ecosystem Management,Geocoding 2013,3290,Commitment Loan / Grant Amount,1/1/2016,2016,Multilaterals,Global Environment Facility (GEF),,,"Africa, South of Sahara",Nigeria,NG,0,USD,0,0,Not Reported,
906001153043,Groundnut Basin Soil Management and Regeneration,Geocoding 2013,3290,Commitment Loan / Grant Amount,1/1/2016,2016,Multilaterals,Global Environment Facility (GEF),,,"Africa, South of Sahara",Senegal,SN,0,USD,0,0,Not Reported,
906001153045,"SIP: Integrated Ecosystem Management in Four Representative Landscapes of Senegal, Phase 2",Geocoding 2013,3290,Commitment Loan / Grant Amount,1/1/2016,2016,Multilaterals,Global Environment Facility (GEF),,,"Africa, South of Sahara",Senegal,SN,0,USD,0,0,Not Reported,
906001153047,SIP: Lower Usuthu Smallholder Irrigation Project (LUSIP),Geocoding 2013,3290,Commitment Loan / Grant Amount,1/1/2016,2016,Multilaterals,Global Environment Facility (GEF),,,"Africa, South of Sahara",Swaziland,SZ,0,USD,0,0,Not Reported,
906001153049,SIP: Reducing Land Degradation on the Highlands of Kilimanjaro,Geocoding 2013,3290,Commitment Loan / Grant Amount,1/1/2016,2016,Multilaterals,Global Environment Facility (GEF),,,"Africa, South of Sahara",Tanzania,TZ,0,USD,0,0,Not Reported,
906001153051,Integrated Landscape Management for Improved Livelihoods and Ecosystem Resilience in Mount Elgon ,Geocoding 2013,3290,Commitment Loan / Grant Amount,1/1/2016,2016,Multilaterals,Global Environment Facility (GEF),,,"Africa, South of Sahara",Uganda,UG,0,USD,0,0,Not Reported,
906001153053,SIP: Enabling Environment for SLM to overcome land degradation in the cattle corridor of Uganda.,Geocoding 2013,3290,Commitment Loan / Grant Amount,1/1/2016,2016,Multilaterals,Global Environment Facility (GEF),,,"Africa, South of Sahara",Uganda,UG,0,USD,0,0,Not Reported,
906001153055,"SIP: Kalahari-Namib Project: Enhancing Decision-making through Interactive Environmental Learning and Action in Molopo-Nossob River Basin in Botswana, Namibia and South Africa",Geocoding 2013,3290,Commitment Loan / Grant Amount,1/1/2016,2016,Multilaterals,Global Environment Facility (GEF),,,"Africa, Regional Programs","Africa, Regional Programs Multi-Country",,0,USD,0,0,Not Reported,
906001153057,SIP: Equatorial Africa Deposition Network (EADN),Geocoding 2013,3290,Commitment Loan / Grant Amount,1/1/2016,2016,Multilaterals,Global Environment Facility (GEF),,,"Africa, Regional Programs","Africa, Regional Programs Multi-Country",,0,USD,0,0,Not Reported,
906001153059,SIP: Lake Victoria Environmental Management Project II,Geocoding 2013,3290,Commitment Loan / Grant Amount,1/1/2016,2016,Multilaterals,Global Environment Facility (GEF),,,"Africa, Regional Programs","Africa, Regional Programs Multi-Country",,0,USD,0,0,Not Reported,
906001153061,SIP: Eastern Nile Transboundary Watershed Management in Support of ENSAP Implementation,Geocoding 2013,3290,Commitment Loan / Grant Amount,1/1/2016,2016,Multilaterals,Global Environment Facility (GEF),,,"Africa, Regional Programs","Africa, Regional Programs Multi-Country",,0,USD,0,0,Not Reported,
906001153063,SIP: Institutional Support to New Partnership for Africa’s Development (NEPAD) and Regional Economic Communities (RECs) for Sustainable Land Management (SLM) Scale-up in Sub-Saharan Africa (SSA),Geocoding 2013,3290,Commitment Loan / Grant Amount,1/1/2016,2016,Multilaterals,Global Environment Facility (GEF),,,"Africa, Regional Programs","Africa, Regional Programs Multi-Country",,0,USD,0,0,Not Reported,
906001153065,LDC/SIDS Portfolio: Improving Agricultural Extension Services for Sustainable Land Use Management in Rwanda,Geocoding 2013,3290,Commitment Loan / Grant Amount,1/1/2016,2016,Multilaterals,Global Environment Facility (GEF),,,"Africa, South of Sahara",Rwanda,RW,0,USD,0,0,Not Reported,
906001153067,SFM Strengthening Sustainable Forest Management and the Development of Bio-energy Markets to Promote Environmental Sustainability and to Reduce Green House Gas Emissions in Cambodia,Geocoding 2013,3290,Commitment Loan / Grant Amount,1/1/2016,2016,Multilaterals,Global Environment Facility (GEF),,,Far East Asia,Cambodia,KH,0,USD,0,0,Not Reported,
906001153069,Agricultural Rehabilitation and Sustainable Land Management Project,Geocoding 2013,3290,Commitment Loan / Grant Amount,1/1/2016,2016,Multilaterals,Global Environment Facility (GEF),,,"Africa, South of Sahara",Burundi,BI,0,USD,0,0,Not Reported,
906001153071,LDC/SIDS Portfolio Project: Sustainable Land Management,Geocoding 2013,3290,Commitment Loan / Grant Amount,1/1/2016,2016,Multilaterals,Global Environment Facility (GEF),,,"Africa, South of Sahara",Angola,AO,0,USD,0,0,Not Reported,
906001153073,Capacity Development for Implementing Rio Conventions through Enhancing Incentive Mechanism for Sustainable Watershed/Land Management,Geocoding 2013,3290,Commitment Loan / Grant Amount,1/1/2016,2016,Multilaterals,Global Environment Facility (GEF),,,Far East Asia,Indonesia,ID,0,USD,0,0,Not Reported,
906001153075,Sustainable Land Management and Climate Change Mitigation Co-benefits SLM CCMC,Geocoding 2013,3290,Commitment Loan / Grant Amount,1/1/2016,2016,Multilaterals,Global Environment Facility (GEF),,,"Bilateral, unspecified",Global,,0,USD,0,0,Not Reported,
906001153077,MENARID: Institutional Strengthening and Coherence for Integrated Natural Resources Management,Geocoding 2013,3290,Commitment Loan / Grant Amount,1/1/2016,2016,Multilaterals,Global Environment Facility (GEF),,,Middle East,Iran,IR,0,USD,0,0,Not Reported,
906001153079,Demonstrating Sustainable Land Management in the Upper Sabana Yegua Watershed System,Geocoding 2013,3290,Commitment Loan / Grant Amount,1/1/2016,2016,Multilaterals,Global Environment Facility (GEF),,,North & Central America,Dominican Republic,DO,0,USD,0,0,Not Reported,
906001153081,LDC/SIDS Portfolio Project: Capacity Building for Sustainable Land Management in the Commonwealth Dominica,Geocoding 2013,3290,Commitment Loan / Grant Amount,1/1/2016,2016,Multilaterals,Global Environment Facility (GEF),,,North & Central America,Dominica,DM,0,USD,0,0,Not Reported,
906001153083,SLEM/CPP: Integrated Land Use Management to Combat Land Degradation in Madja Pradesh,Geocoding 2013,3290,Commitment Loan / Grant Amount,1/1/2016,2016,Multilaterals,Global Environment Facility (GEF),,,South & Central Asia,India,IN,0,USD,0,0,Not Reported,
906001153085,SLEM/CPP: Sustainable Land Water and Biodiversity Conservation and Management for Improved Livelihoods in Uttarakhand Watershed Sector,Geocoding 2013,3290,Commitment Loan / Grant Amount,1/1/2016,2016,Multilaterals,Global Environment Facility (GEF),,,South & Central Asia,India,IN,0,USD,0,0,Not Reported,
906001153087,SLEM/CPP: Sustainable Rural Livelihood Security through Innovations in Land and Ecosystem Management,Geocoding 2013,3290,Commitment Loan / Grant Amount,1/1/2016,2016,Multilaterals,Global Environment Facility (GEF),,,South & Central Asia,India,IN,0,USD,0,0,Not Reported,
906001153089,SLEM/CPP: Sustainable Land Management in Shifting Cultivation Areas of Nagaland for Ecological and Livelihood Security,Geocoding 2013,3290,Commitment Loan / Grant Amount,1/1/2016,2016,Multilaterals,Global Environment Facility (GEF),,,South & Central Asia,India,IN,0,USD,0,0,Not Reported,
906001153091,"SLEM/CPP: Institutional Coordination, Policy Outreach and M & E Project under Sustainable Land and Ecosystem Management Partnership Program",Geocoding 2013,3290,Commitment Loan / Grant Amount,1/1/2016,2016,Multilaterals,Global Environment Facility (GEF),,,South & Central Asia,India,IN,0,USD,0,0,Not Reported,
906001153093,LDC/SIDS Portfolio Project: Mainstreaming and Capacity Building for Sustainable Land Management in Belize,Geocoding 2013,3290,Commitment Loan / Grant Amount,1/1/2016,2016,Multilaterals,Global Environment Facility (GEF),,,North & Central America,Belize,BZ,0,USD,0,0,Not Reported,
906001153095,"SIP: Integrated Ecological Planning and Sustainable Land Management in Coastal Ecosystems in the Comoros in the Three Island of (Grand Comore, Anjouan, and Moheli)",Geocoding 2013,3290,Commitment Loan / Grant Amount,1/1/2016,2016,Multilaterals,Global Environment Facility (GEF),,,"Africa, South of Sahara",Comoros,KM,0,USD,0,0,Not Reported,
906001153097,LDC/SIDS Portfolio Project: Sustainable Land Management in Guinea-Bissau,Geocoding 2013,3290,Commitment Loan / Grant Amount,1/1/2016,2016,Multilaterals,Global Environment Facility (GEF),,,"Africa, South of Sahara",Guinea-Bissau,GW,0,USD,0,0,Not Reported,
906001153099,PRC-GEF Partnership: Sustainable Development in Poor Rural Areas,Geocoding 2013,3290,Commitment Loan / Grant Amount,1/1/2016,2016,Multilaterals,Global Environment Facility (GEF),,,Far East Asia,China,CN,0,USD,0,0,Not Reported,
906001153101,PRC-GEF Partnership: Capacity and Management Support for Combating Land Degradation in Dryland Ecosystems,Geocoding 2013,3290,Commitment Loan / Grant Amount,1/1/2016,2016,Multilaterals,Global Environment Facility (GEF),,,Far East Asia,China,CN,0,USD,0,0,Not Reported,
906001153103,LDC/SIDS Portfolio Project: Capacity Building and Mainstreaming of Sustainable Land Management in Suriname,Geocoding 2013,3290,Commitment Loan / Grant Amount,1/1/2016,2016,Multilaterals,Global Environment Facility (GEF),,,South America,Suriname,SR,0,USD,0,0,Not Reported,
906001153105,LDC/SIDS Portfolio Project: Capacity Building for Sustainable Land Management in Jamaica,Geocoding 2013,3290,Commitment Loan / Grant Amount,1/1/2016,2016,Multilaterals,Global Environment Facility (GEF),,,North & Central America,Jamaica,JM,0,USD,0,0,Not Reported,
906001153107,LDC/SIDS Portfolio Project: Capacity Building for Sustainable Land Management in Kiribati,Geocoding 2013,3290,Commitment Loan / Grant Amount,1/1/2016,2016,Multilaterals,Global Environment Facility (GEF),,,Oceania,Kiribati,KI,0,USD,0,0,Not Reported,
906001153109,LDC/SIDS Portfolio Project: Capacity Building for Sustainable Land Management in the Solomon Islands,Geocoding 2013,3290,Commitment Loan / Grant Amount,1/1/2016,2016,Multilaterals,Global Environment Facility (GEF),,,Oceania,Solomon Islands,SB,0,USD,0,0,Not Reported,
906001153111,Community-based Land Management,Geocoding 2013,3290,Commitment Loan / Grant Amount,1/1/2016,2016,Multilaterals,Global Environment Facility (GEF),,,"Africa, South of Sahara",Guinea,GN,0,USD,0,0,Not Reported,
906001153113,LDC/SIDS Portfolio Project: Capacity Building and Mainstreaming of Sustainable Land Management in St. Vincent and the Grenadines,Geocoding 2013,3290,Commitment Loan / Grant Amount,1/1/2016,2016,Multilaterals,Global Environment Facility (GEF),,,North & Central America,St.Vincent & Grenadines,VC,0,USD,0,0,Not Reported,
906001153115,LDC/SIDS Portfolio Project: Capacity Building for Sustainable Land Management for Nauru,Geocoding 2013,3290,Commitment Loan / Grant Amount,1/1/2016,2016,Multilaterals,Global Environment Facility (GEF),,,Oceania,Nauru,NR,0,USD,0,0,Not Reported,
906001153117,LDC/SIDS Portfolio Project: Capacity Building and Mainstreaming of Sustainable Land Management,Geocoding 2013,3290,Commitment Loan / Grant Amount,1/1/2016,2016,Multilaterals,Global Environment Facility (GEF),,,Oceania,Fiji,FJ,0,USD,0,0,Not Reported,
906001153119,LDC/SIDS Portfolio Project: Capacity Building for Sustainable Land Management in St. Kitts and Nevis,Geocoding 2013,3290,Commitment Loan / Grant Amount,1/1/2016,2016,Multilaterals,Global Environment Facility (GEF),,,North & Central America,St. Kitts & Nevis,KN,0,USD,0,0,Not Reported,
906001153121,LDC/SIDS Portfolio Project: Capacity Building for Sustainable Land Management in Barbados,Geocoding 2013,3290,Commitment Loan / Grant Amount,1/1/2016,2016,Multilaterals,Global Environment Facility (GEF),,,North & Central America,Barbados,BB,0,USD,0,0,Not Reported,
906001153123,LDC/SIDS Portfolio Project: Capacity Building for Sustainable Land Management in the FSM,Geocoding 2013,3290,Commitment Loan / Grant Amount,1/1/2016,2016,Multilaterals,Global Environment Facility (GEF),,,Oceania,"Micronesia, Federated States of",FM,0,USD,0,0,Not Reported,
906001153125,LDC/SIDS Portfolio Project: Capacity building and Mainstreaming of Sustainable Land Management in Saint Lucia,Geocoding 2013,3290,Commitment Loan / Grant Amount,1/1/2016,2016,Multilaterals,Global Environment Facility (GEF),,,North & Central America,St. Lucia,LC,0,USD,0,0,Not Reported,
906001153127,LDC/SIDS Portfolio Project: Capacity Building for Sustainable Land Management for Mitigation of Land Degradation in Palau,Geocoding 2013,3290,Commitment Loan / Grant Amount,1/1/2016,2016,Multilaterals,Global Environment Facility (GEF),,,Oceania,Palau,PW,0,USD,0,0,Not Reported,
906001153129,LDC/SIDS Portfolio Project: Capacity Building and Mainstreaming for Sustainable Land Management in Vanuatu,Geocoding 2013,3290,Commitment Loan / Grant Amount,1/1/2016,2016,Multilaterals,Global Environment Facility (GEF),,,Oceania,Vanuatu,VU,0,USD,0,0,Not Reported,
906001153131,LDC/SIDS Portfolio Project: Capacity Building for Sustainable Land Management in Papua New Guinea,Geocoding 2013,3290,Commitment Loan / Grant Amount,1/1/2016,2016,Multilaterals,Global Environment Facility (GEF),,,Oceania,Papua New Guinea,PG,0,USD,0,0,Not Reported,
906001153133,LDC/SIDS Portfolio Project: Capacity Building for Sustainable Land Management in Tuvalu,Geocoding 2013,3290,Commitment Loan / Grant Amount,1/1/2016,2016,Multilaterals,Global Environment Facility (GEF),,,Oceania,Tuvalu,TV,0,USD,0,0,Not Reported,
906001153135,LDC/SIDS Portfolio Project: Building Capacity and Mainstreaming Sustainable LandManagement in Maldives,Geocoding 2013,3290,Commitment Loan / Grant Amount,1/1/2016,2016,Multilaterals,Global Environment Facility (GEF),,,South & Central Asia,Maldives,MV,0,USD,0,0,Not Reported,
906001153137,"LDC/SIDS Portfolio Project: Strengthening of Legal, Institutional and Individual Capacities for the Sustainable Land and Forest Management in Equatorial Guinea",Geocoding 2013,3290,Commitment Loan / Grant Amount,1/1/2016,2016,Multilaterals,Global Environment Facility (GEF),,,"Africa, South of Sahara",Equatorial Guinea,GQ,0,USD,0,0,Not Reported,
906001153139,LDC/SIDS Portfolio Project: Capacity Building for Sustainable Land Management in the Cook Islands,Geocoding 2013,3290,Commitment Loan / Grant Amount,1/1/2016,2016,Multilaterals,Global Environment Facility (GEF),,,Oceania,Cook Islands,CK,0,USD,0,0,Not Reported,
906001153141,LDC/SIDS Portfolio Project: Capacity building for Sustainable Land Management in Trinidad & Tobago,Geocoding 2013,3290,Commitment Loan / Grant Amount,1/1/2016,2016,Multilaterals,Global Environment Facility (GEF),,,North & Central America,Trinidad & Tobago,TT,0,USD,0,0,Not Reported,
906001153143,LDC/SIDS Portfolio Project: Capacity Building for Sustainable Land Management in Sierra Leone,Geocoding 2013,3290,Commitment Loan / Grant Amount,1/1/2016,2016,Multilaterals,Global Environment Facility (GEF),,,"Africa, South of Sahara",Sierra Leone,SL,0,USD,0,0,Not Reported,
906001153145,LDC/SIDS Portfolio Project: Legal and Institutional Capacity Development for the Mitigation of Soil Degradation and Deforestation in São Tomé & Príncipe,Geocoding 2013,3290,Commitment Loan / Grant Amount,1/1/2016,2016,Multilaterals,Global Environment Facility (GEF),,,"Africa, South of Sahara",Sao Tome & Principe,ST,0,USD,0,0,Not Reported,
906001153147,LDC/SIDS Portfolio Project: Capacity building and Mainstreaming of Sustainable Land,Geocoding 2013,3290,Commitment Loan / Grant Amount,1/1/2016,2016,Multilaterals,Global Environment Facility (GEF),,,North & Central America,Grenada,GD,0,USD,0,0,Not Reported,
906001153149,LDC/SIDS Portfolio Project: Capacity Development and Mainstreaming for Sustainable Land Management in Guyana,Geocoding 2013,3290,Commitment Loan / Grant Amount,1/1/2016,2016,Multilaterals,Global Environment Facility (GEF),,,South America,Guyana,GY,0,USD,0,0,Not Reported,
906001153151,SIP: Harmonizing support: a national program integrating water harvesting schemes and sustainable land management,Geocoding 2013,3290,Commitment Loan / Grant Amount,1/1/2016,2016,Multilaterals,Global Environment Facility (GEF),,,"Africa, South of Sahara",Djibouti,DJ,0,USD,0,0,Not Reported,
906001153153,CPP: National Subprogram for Coordination and Institutional Development on Sustainable Land Management,Geocoding 2013,3290,Commitment Loan / Grant Amount,1/1/2016,2016,Multilaterals,Global Environment Facility (GEF),,,"Africa, South of Sahara",Burkina Faso,BF,0,USD,0,0,Not Reported,
906001153155,Mainstreaming Biodiversity in Sustainable Cattle Ranching,Geocoding 2013,3290,Commitment Loan / Grant Amount,1/1/2016,2016,Multilaterals,Global Environment Facility (GEF),,,South America,Colombia,CO,0,USD,0,0,Not Reported,
906001153157,"CPP Cuba: Coordination, Monitoring and Evaluation of Cuba Country Pilot Partnership on Sustainable Land Management",Geocoding 2013,3290,Commitment Loan / Grant Amount,1/1/2016,2016,Multilaterals,Global Environment Facility (GEF),,,North & Central America,Cuba,CU,0,USD,0,0,Not Reported,
906001153159,"CPP Cuba: Capacity Building for Planning, Decision Making and Regulatory Systems & Awareness Building/Sustainable Land Management in Severely Degraded Ecosystems",Geocoding 2013,3290,Commitment Loan / Grant Amount,1/1/2016,2016,Multilaterals,Global Environment Facility (GEF),,,North & Central America,Cuba,CU,0,USD,0,0,Not Reported,
906001153161,PRC-GEF Partnership: Forestry and Ecological Restoration  in Three Northwest Provinces (formerly Silk Road Ecosystem Restoration Project),Geocoding 2013,3290,Commitment Loan / Grant Amount,1/1/2016,2016,Multilaterals,Global Environment Facility (GEF),,,Far East Asia,China,CN,0,USD,0,0,Not Reported,
906001153163,PRC-GEF Partnership: An IEM Approach to the Conservation of Biodiversity in Dryland Ecosystems - under the PRC-GEF Partnership on Land Degradation in Dryland Ecosystem Program,Geocoding 2013,3290,Commitment Loan / Grant Amount,1/1/2016,2016,Multilaterals,Global Environment Facility (GEF),,,Far East Asia,China,CN,0,USD,0,0,Not Reported,
906001153165,SFM: Promotion of Sustainable Forest and Land Management in the Vietnam Uplands,Geocoding 2013,3290,Commitment Loan / Grant Amount,1/1/2016,2016,Multilaterals,Global Environment Facility (GEF),,,Far East Asia,Viet Nam,VN,0,USD,0,0,Not Reported,
906001153167,MENARID: Cross Cutting M & E Functions and Knowledge Management for INRM within the MENARID Programme Framework,Geocoding 2013,3290,Commitment Loan / Grant Amount,1/1/2016,2016,Multilaterals,Global Environment Facility (GEF),,,"Bilateral, unspecified",Global,,0,USD,0,0,Not Reported,Regional
906001153169,LDC/SIDS Portfolio Project: Capacitiy Building in and Mainstreaming of Sustainable Land Management in Cambodia,Geocoding 2013,3290,Commitment Loan / Grant Amount,1/1/2016,2016,Multilaterals,Global Environment Facility (GEF),,,Far East Asia,Cambodia,KH,0,USD,0,0,Not Reported,
906001153171,Global Support Programme: Increasing the Quantity and Improving the Quality of Information for the Review of Implementation of the UNCCD Implementation,Geocoding 2013,3290,Commitment Loan / Grant Amount,1/1/2016,2016,Multilaterals,Global Environment Facility (GEF),,,"Bilateral, unspecified",Global,,0,USD,0,0,Not Reported,
906001153173,MENARID: Support to Sustainable Land Management in the Siliana Governorate,Geocoding 2013,3290,Commitment Loan / Grant Amount,1/1/2016,2016,Multilaterals,Global Environment Facility (GEF),,,"Africa, North of Sahara",Tunisia,TN,0,USD,0,0,Not Reported,
906001153175,SFM Sustainable Management of Biodiversity and Water Resources in the Ibarra-San Lorenzo Corridor,Geocoding 2013,3290,Commitment Loan / Grant Amount,1/1/2016,2016,Multilaterals,Global Environment Facility (GEF),,,South America,Ecuador,EC,0,USD,0,0,Not Reported,
906001153177,Montenegro Institutional Development and Agriculture Strengthening (MIDAS),Geocoding 2013,3290,Commitment Loan / Grant Amount,1/1/2016,2016,Multilaterals,Global Environment Facility (GEF),,,Europe,Montenegro,ME,0,USD,0,0,Not Reported,
906001153179,SIP: Stimulating Community Initiatives in Sustainable Land Management (SCI-SLM),Geocoding 2013,3290,Commitment Loan / Grant Amount,1/1/2016,2016,Multilaterals,Global Environment Facility (GEF),,,"Africa, Regional Programs","Africa, Regional Programs Multi-Country",,0,USD,0,0,Not Reported,
906001153181,"A Global Initiative on Landscapes for People, Food and Nature",Geocoding 2013,3290,Commitment Loan / Grant Amount,1/1/2016,2016,Multilaterals,Global Environment Facility (GEF),,,"Bilateral, unspecified",Global,,0,USD,0,0,Not Reported,
906001153183,Reducing Conflicting Water Uses in the Artibonite River Basin through Development and Adoption of a Multi-focal Area Strategic Action Programme,Geocoding 2013,3290,Commitment Loan / Grant Amount,1/1/2016,2016,Multilaterals,Global Environment Facility (GEF),,,"Bilateral, unspecified",Global,,0,USD,0,0,Not Reported,Regional
906001153185,Conservation and Sustainable use of Biodiversity and Land in Andean Vertical Ecosystems,Geocoding 2013,3290,Commitment Loan / Grant Amount,1/1/2016,2016,Multilaterals,Global Environment Facility (GEF),,,South America,Bolivia,BO,0,USD,0,0,Not Reported,
906001153187,SIP: Transboundary Agro-Ecosystem Management Programme for the Kagera River Basin (Kagera TAMP),Geocoding 2013,3290,Commitment Loan / Grant Amount,1/1/2016,2016,Multilaterals,Global Environment Facility (GEF),,,"Africa, Regional Programs","Africa, Regional Programs Multi-Country",,0,USD,0,0,Not Reported,
906001153189,CPP: Burkina Faso - Sub-programme of the Northern Region-under Partnership Programme for Sustainable Land Management,Geocoding 2013,3290,Commitment Loan / Grant Amount,1/1/2016,2016,Multilaterals,Global Environment Facility (GEF),,,"Africa, South of Sahara",Burkina Faso,BF,0,USD,0,0,Not Reported,
906001153191,Sustainable Management of Inland Wetlands in Southern Africa: A Livelihoods and Ecosystem Approach,Geocoding 2013,3290,Commitment Loan / Grant Amount,1/1/2016,2016,Multilaterals,Global Environment Facility (GEF),,,"Africa, Regional Programs","Africa, Regional Programs Multi-Country",,0,USD,0,0,Not Reported,
906001153193,SFM Facilitating financing for Sustainable Forest Management in SIDS and LFCCs,Geocoding 2013,3290,Commitment Loan / Grant Amount,1/1/2016,2016,Multilaterals,Global Environment Facility (GEF),,,"Bilateral, unspecified",Global,,0,USD,0,0,Not Reported,
906001153195,Enabling Paradigm Shift on Monitoring and Assessment within the UNCCD - Piloting the Reporting of the Performance Indicators 2010,Geocoding 2013,3290,Commitment Loan / Grant Amount,1/1/2016,2016,Multilaterals,Global Environment Facility (GEF),,,"Bilateral, unspecified",Global,,0,USD,0,0,Not Reported,
906001153197,Development and Implementation of a Sustainable Resource Management Plan for Marsabit Mountain and its associated Watersheds,Geocoding 2013,3290,Commitment Loan / Grant Amount,1/1/2016,2016,Multilaterals,Global Environment Facility (GEF),,,"Africa, South of Sahara",Kenya,KE,0,USD,0,0,Not Reported,
906001153199,Fifth Operational Phase of the GEF Small Grants Programme,Geocoding 2013,3290,Commitment Loan / Grant Amount,1/1/2016,2016,Multilaterals,Global Environment Facility (GEF),,,North & Central America,Costa Rica,CR,0,USD,0,0,Not Reported,
906001153201,Environmental Services Project,Geocoding 2013,3290,Commitment Loan / Grant Amount,1/1/2016,2016,Multilaterals,Global Environment Facility (GEF),,,Europe,Albania,AL,0,USD,0,0,Not Reported,
906001153203,SFM Capacity Development for Climate Change Mitigation through Sustainable Forest Management in non-Annex I Countries,Geocoding 2013,3290,Commitment Loan / Grant Amount,1/1/2016,2016,Multilaterals,Global Environment Facility (GEF),,,"Bilateral, unspecified",Global,,0,USD,0,0,Not Reported,
906001153205,MENARID: Participatory Control of Desertification and Poverty Reduction in the Arid and Semi Arid High Plateau Ecosystems of Eastern Morocco,Geocoding 2013,3290,Commitment Loan / Grant Amount,1/1/2016,2016,Multilaterals,Global Environment Facility (GEF),,,"Africa, North of Sahara",Morocco,MA,0,USD,0,0,Not Reported,
906001153207,Enabling Sustainable Dryland Management Through Mobile Pastoral Custodianship: World Initiative on Sustainable Pastoralism (add on),Geocoding 2013,3290,Commitment Loan / Grant Amount,1/1/2016,2016,Multilaterals,Global Environment Facility (GEF),,,"Bilateral, unspecified",Global,,0,USD,0,0,Not Reported,
906001153209,Sustainable Land Management in the Churia Range,Geocoding 2013,3290,Commitment Loan / Grant Amount,1/1/2016,2016,Multilaterals,Global Environment Facility (GEF),,,South & Central Asia,Nepal,NP,0,USD,0,0,Not Reported,
906001153211,R2R Integrated Environmental Management of the Fanga’uta Lagoon Catchment,Geocoding 2013,3290,Commitment Loan / Grant Amount,1/1/2016,2016,Multilaterals,Global Environment Facility (GEF),,,Oceania,Tonga,TO,0,USD,0,0,Not Reported,
906001153213,Participatory Coastal Zone Restoration and Sustainable Management in the Eastern Province of Post-Tsunami Sri Lanka,Geocoding 2013,3290,Commitment Loan / Grant Amount,1/1/2016,2016,Multilaterals,Global Environment Facility (GEF),,,South & Central Asia,Sri Lanka,LK,0,USD,0,0,Not Reported,
906001153215,SFM: Sustainable Management of the Miombo Woodland Resources of Western Tanzania,Geocoding 2013,3290,Commitment Loan / Grant Amount,1/1/2016,2016,Multilaterals,Global Environment Facility (GEF),,,"Africa, South of Sahara",Tanzania,TZ,0,USD,0,0,Not Reported,
906001153217,"SFM: Carbon Benefits Project (CBP): Modeling, Measurement and Monitoring",Geocoding 2013,3290,Commitment Loan / Grant Amount,1/1/2016,2016,Multilaterals,Global Environment Facility (GEF),,,"Bilateral, unspecified",Global,,0,USD,0,0,Not Reported,
906001153219,Forest Protection and Reforestation,Geocoding 2013,3290,Commitment Loan / Grant Amount,1/1/2016,2016,Multilaterals,Global Environment Facility (GEF),,,South & Central Asia,Kazakhstan,KZ,0,USD,0,0,Not Reported,
906001153221,Land Degradation Offset and Mitigation in Western Mongolia,Geocoding 2013,3290,Commitment Loan / Grant Amount,1/1/2016,2016,Multilaterals,Global Environment Facility (GEF),,,Far East Asia,Mongolia,MN,0,USD,0,0,Not Reported,
906001153223,SIP: Sustainable Land Management Country Program,Geocoding 2013,3290,Commitment Loan / Grant Amount,1/1/2016,2016,Multilaterals,Global Environment Facility (GEF),,,"Africa, South of Sahara",Uganda,UG,0,USD,0,0,Not Reported,
906001153225,Supporting Capacity Building for the Third National Reporting to CRIC-5/COP-8,Geocoding 2013,3290,Commitment Loan / Grant Amount,1/1/2016,2016,Multilaterals,Global Environment Facility (GEF),,,"Bilateral, unspecified",Global,,0,USD,0,0,Not Reported,
906001153227,National Program Support for Environment and Natural Resources Management Project (NPS-ENRMP),Geocoding 2013,3290,Commitment Loan / Grant Amount,1/1/2016,2016,Multilaterals,Global Environment Facility (GEF),,,Far East Asia,Philippines,PH,0,USD,0,0,Not Reported,
906001153229,Supporting Capacity Building for the Third National Reporting to CRIC-5/COP-8,Geocoding 2013,3290,Commitment Loan / Grant Amount,1/1/2016,2016,Multilaterals,Global Environment Facility (GEF),,,"Bilateral, unspecified",Global,,0,USD,0,0,Not Reported,
906001153231,Sustainable Land Management Promotion ,Geocoding 2013,3290,Commitment Loan / Grant Amount,1/1/2016,2016,Multilaterals,Global Environment Facility (GEF),,,North & Central America,Mexico,MX,0,USD,0,0,Not Reported,
906001153233,Using SLM to Improve the Integrity of the Makgadikgadi Ecosystem and to Secure the Livelihoods of Rangeland Dependent Communities,Geocoding 2013,3290,Commitment Loan / Grant Amount,1/1/2016,2016,Multilaterals,Global Environment Facility (GEF),,,"Africa, South of Sahara",Botswana,BW,0,USD,0,0,Not Reported,
906001153235,Ensuring Impacts from SLM - Development of a Global Indicator System,Geocoding 2013,3290,Commitment Loan / Grant Amount,1/1/2016,2016,Multilaterals,Global Environment Facility (GEF),,,"Bilateral, unspecified",Global,,0,USD,0,0,Not Reported,
906001153237,Fouta Djallon Highlands Integrated Natural Resources Management Project (FDH-INRM) (Tranches 1 and 2),Geocoding 2013,3290,Commitment Loan / Grant Amount,1/1/2016,2016,Multilaterals,Global Environment Facility (GEF),,,"Africa, Regional Programs","Africa, Regional Programs Multi-Country",,0,USD,0,0,Not Reported,
906001153239,Enhanced Cross-Sectoral Land Management through Land Use Pressure Reduction and Planning,Geocoding 2013,3290,Commitment Loan / Grant Amount,1/1/2016,2016,Multilaterals,Global Environment Facility (GEF),,,Europe,Serbia,RS,0,USD,0,0,Not Reported,
906001153241,LDC/SIDS Portfolio Project: Capacity Building and Resource Mobilization for Sustainable Land Management in Bangladesh,Geocoding 2013,3290,Commitment Loan / Grant Amount,1/1/2016,2016,Multilaterals,Global Environment Facility (GEF),,,South & Central Asia,Bangladesh,BD,0,USD,0,0,Not Reported,
906001153243,LDC and SIDS Targeted Portfolio Approach For Capacity Development and Mainstreaming of Sustainable Land Management,Geocoding 2013,3290,Commitment Loan / Grant Amount,1/1/2016,2016,Multilaterals,Global Environment Facility (GEF),,,"Bilateral, unspecified",Global,,0,USD,0,0,Not Reported,
906001153245,Applying Landscape and Sustainable Land Management (L-SLM) for Mitigating Land Degradation and Contributing to Poverty Reduction in Rural Areas,Geocoding 2013,3290,Commitment Loan / Grant Amount,1/1/2016,2016,Multilaterals,Global Environment Facility (GEF),,,South & Central Asia,Georgia,GE,0,USD,0,0,Not Reported,
906001153247,SFM Strengthening Community Based Forest and Watershed Management (SCBFWM),Geocoding 2013,3290,Commitment Loan / Grant Amount,1/1/2016,2016,Multilaterals,Global Environment Facility (GEF),,,Far East Asia,Indonesia,ID,0,USD,0,0,Not Reported,
906001153249,Enabling Sustainable Dryland Management Through Mobile Pastoral Custodianship,Geocoding 2013,3290,Commitment Loan / Grant Amount,1/1/2016,2016,Multilaterals,Global Environment Facility (GEF),,,"Bilateral, unspecified",Global,,0,USD,0,0,Not Reported,
906001153251,Land Degradation Assessment in Drylands (LADA),Geocoding 2013,3290,Commitment Loan / Grant Amount,1/1/2016,2016,Multilaterals,Global Environment Facility (GEF),,,"Bilateral, unspecified",Global,,0,USD,0,0,Not Reported,
906001153253,Barriers and Best Practices in Integrated Management of Mountain Ecosystems,Geocoding 2013,3290,Commitment Loan / Grant Amount,1/1/2016,2016,Multilaterals,Global Environment Facility (GEF),,,"Bilateral, unspecified",Global,,0,USD,0,0,Not Reported,