X,Y,SP_ID,id,latitude,longitude
102.75,37.750064506789414,1,1,37.7500645000,102.7500000000
85.5,41.500082157048084,2,2,41.5000821000,85.5000000000
106.0,37.250062508192961,3,3,37.2500625000,106.0000000000
96.0,36.000057815726528,4,4,36.0000578000,96.0000000000
105.0,35.000054348414345,5,5,35.0000543000,105.0000000000
109.0,36.000057815726528,6,6,36.0000578000,109.0000000000
114.75,43.500093947945693,7,7,43.5000939000,114.7500000000
3.70111,32.474886571775869,8,8,32.4748865000,3.7011100000
-69.73064,-16.008856160673403,9,9,-16.0088560000,-69.7306400000
-71.0,-30.000040086676748,10,10,-30.0000400000,-71.0000000000
-72.02603,-13.08602274917412,11,11,-13.0860220000,-72.0260300000
105.0,35.000054348414345,12,12,35.0000543000,105.0000000000
121.999999999999787,13.000012653571657,13,13,13.0000126000,122.0000000000
120.69132,28.142385821691054,14,14,28.1423858000,120.6913200000
-70.0,-15.000014945136384,15,15,-15.0000140000,-70.0000000000
3.0,28.00003551355606,16,16,28.0000355000,3.0000000000
121.16667,16.833347187454123,17,17,16.8333471000,121.1666700000
-73.91667,-42.666758798364299,18,18,-42.6667580000,-73.9166700000
9.0,34.000051111223506,19,19,34.0000511000,9.0000000000
-75.25,-10.000009459356527,20,20,-10.0000090000,-75.2500000000
-72.25,-13.000012653571664,21,21,-13.0000120000,-72.2500000000
8.75,34.500052702374035,22,22,34.5000527000,8.7500000000
112.25,37.666734168615406,23,23,37.6667341000,112.2500000000
106.0,37.250062508192961,24,24,37.2500625000,106.0000000000
102.75,37.750064506789414,25,25,37.7500645000,102.7500000000
105.0,35.000054348414345,26,26,35.0000543000,105.0000000000
172.984,1.421001291195304,27,27,1.4210012900,172.9840000000
178.0,-18.000018696440215,28,28,-18.0000180000,178.0000000000
167.0,-16.000016149831986,29,29,-16.0000160000,167.0000000000
159.0,-8.000007456139851,30,30,-8.0000074000,159.0000000000
147.0,-6.000005528219649,31,31,-6.0000055000,147.0000000000
179.144779999999855,-8.517197966099825,32,32,-8.5171979000,179.1447800000
-172.13333,-13.800013552620472,33,33,-13.8000130000,-172.1333300000
166.933,-0.517000469437496,34,34,-0.5170004000,166.9330000000
134.621,7.503006970828359,35,35,7.5030069700,134.6210000000
-169.86667,-19.033350092906783,36,36,-19.0333500000,-169.8666700000
-159.78516,-21.248443301963349,37,37,-21.2484430000,-159.7851600000
171.236,7.113006593044581,38,38,7.1130065900,171.2360000000
158.162,6.924006410877799,39,39,6.9240064100,158.1620000000
-175.0,-20.000021455120052,40,40,-20.0000210000,-175.0000000000
35.78007,31.355573514130992,41,41,31.3555735000,35.7800700000
36.58333,30.333370903248024,42,42,30.3333709000,36.5833300000
35.61188993650002,30.68151206851859,43,43,30.6815120000,35.6118899000
35.58333,30.750041947629768,44,44,30.7500419000,35.5833300000
35.82527,31.161253004980047,45,45,31.1612530000,35.8252700000
35.54781,30.827922145821706,46,46,30.8279221000,35.5478100000
35.75605,31.008172608207808,47,47,31.0081726000,35.7560500000
35.556093862299981,30.498061459156915,48,48,30.4980614000,35.5560938000
35.44144,30.32986089456293,49,49,30.3298608000,35.4414400000
35.75,31.166713019201953,50,50,31.1667130000,35.7500000000
-2.56247,33.849560642691415,51,51,33.8495606000,-2.5624700000
-2.820957680700001,33.707982344582476,52,52,33.7079823000,-2.8209576000
-1.88151,32.448086495982558,53,53,32.4480864000,-1.8815100000
-1.87936,34.338632182808745,54,54,34.3386321000,-1.8793600000
-1.54034,32.244365924093074,55,55,32.2443659000,-1.5403400000
-1.78552,33.915700848029587,56,56,33.9157008000,-1.7855200000
-2.55645,33.21060870478496,57,57,33.2106087000,-2.5564500000
-3.07021,33.533109672663457,58,58,33.5331096000,-3.0702100000
-2.3138,33.893820780000482,59,59,33.8938207000,-2.3138000000
-1.96537,33.173298594132007,60,60,33.1732985000,-1.9653700000
-2.11053,34.009271140082483,61,61,34.0092711000,-2.1105300000
-6.0,32.000045248005087,62,62,32.0000452000,-6.0000000000
9.61547,36.10632819863546,63,63,36.1063281000,9.6154700000
9.21237,35.648056567622525,64,64,35.6480565000,9.2123700000
9.39902,35.982697753447241,65,65,35.9826977000,9.3990200000
9.15529,36.18304847685954,66,66,36.1830484000,9.1552900000
9.615727492099996,35.99214250442089,67,67,35.9921425000,9.6157274900
9.5,36.25005872110745,68,68,36.2500587000,9.5000000000
9.33333,36.000057815726535,69,69,36.0000578000,9.3333300000
9.320377670899999,36.340558853318761,70,70,36.3405588000,9.3203776700
9.46114,36.365409144275887,71,71,36.3654091000,9.4611400000
9.38447,35.796767091159886,72,72,35.7967670000,9.3844700000
49.0,31.500043896703424,73,73,31.5000438000,49.0000000000
60.5,28.500036607105251,74,74,28.5000366000,60.5000000000
50.75,32.166715708072282,75,75,32.1667157000,50.7500000000
55.58333,32.500046643050503,76,76,32.5000466000,55.5833300000
47.066,34.663253233483715,77,77,34.6632532000,47.0660000000
56.15,32.016715293800168,78,78,32.0167152000,56.1500000000
47.065,34.314222104732522,79,79,34.3142221000,47.0650000000
57.0,37.500063498381841,80,80,37.5000634000,57.0000000000
53.0,32.000045248005122,81,81,32.0000452000,53.0000000000
55.0,35.500056051948818,82,82,35.5000560000,55.0000000000
51.41667,35.666726633052633,83,83,35.6667266000,51.4166700000
116.096980759899978,38.985587365254162,84,84,38.9855873000,116.0969800000
114.96,38.73906868353933,85,85,38.7390686000,114.9600000000
115.65,39.016739912747255,86,86,39.0167399000,115.6500000000
115.48,38.866069242560791,87,87,38.8660692000,115.4800000000
115.766994880100057,39.28342728187463,88,88,39.2834272000,115.7669940000
116.016286719300027,39.109808029045183,89,89,39.1098080000,116.0162860000
115.33333,38.950069615256012,90,90,38.9500696000,115.3333300000
115.93333,38.916739467093286,91,91,38.9167394000,115.9333300000
115.56639,38.483957576581055,92,92,38.4839575000,115.5663900000
114.99556,38.513127702086493,93,93,38.5131277000,114.9955600000
115.66667,39.000069838222757,94,94,39.0000698000,115.6666700000
115.483312000899886,39.352898036533546,95,95,39.3528980000,115.4833120000
115.63361,38.55756789381855,96,96,38.5575678000,115.6336100000
115.441637120899912,38.322392428764083,97,97,38.3223924000,115.4416370000
109.0,36.000057815726528,98,98,36.0000578000,109.0000000000
108.39237,34.053191277799222,99,99,34.0531912000,108.3923700000
12.5,6.000005528219623,100,100,6.0000055200,12.5000000000
15.5,-1.00000090827451,101,101,-1.0000009000,15.5000000000
10.5,1.700001545258661,102,102,1.7000015400,10.5000000000
21.0,7.00000648406021,103,103,7.0000064800,21.0000000000
23.5,-2.500002275559662,104,104,-2.5000022000,23.5000000000
11.75,-1.00000090827451,105,105,-1.0000009000,11.7500000000
47.5,15.500015542187215,106,106,15.5000155000,47.5000000000
114.87496,31.651884302557484,107,107,31.6518843000,114.8749600000
114.43663,32.032005335847032,108,108,32.0320053000,114.4366300000
113.99333,32.017845296906231,109,109,32.0178452000,113.9933300000
115.367890000000116,31.76421460531845,110,110,31.7642146000,115.3678900000
114.82166,31.936995075236037,111,111,31.9369950000,114.8216600000
114.85333,32.075045454425464,112,112,32.0750454000,114.8533300000
79.0,22.000024465567357,113,113,22.0000244000,79.0000000000
94.83333,26.750032911817371,114,114,26.7500329000,94.8333300000
94.51675,26.313962045919919,115,115,26.3139620000,94.5167500000
94.25,26.166701758135499,116,116,26.1667017000,94.2500000000
92.65354,11.83376138079684,117,117,11.8337613000,92.6535400000
73.77,24.330028352283815,118,118,24.3300283000,73.7700000000
76.10229,32.571516846147141,119,119,32.5715168000,76.1022900000
92.83333,12.50001210263723,120,120,12.5000121000,92.8333300000
89.0,22.00002446556736,121,121,22.0000244000,89.0000000000
78.5,19.500020743499679,122,122,19.5000207000,78.5000000000
76.33333,29.250038308238459,123,123,29.2500383000,76.3333300000
76.0,19.500020743499675,124,124,19.5000207000,76.0000000000
84.41667,20.500022182443931,125,125,20.5000221000,84.4166700000
78.5,23.500026916188361,126,126,23.5000269000,78.5000000000
89.0,23.000026079374393,127,127,23.0000260000,89.0000000000
79.41667,29.200038192479994,128,128,29.2000381000,79.4166700000
79.25,30.250040697557754,129,129,30.2500406000,79.2500000000
78.5,31.000042587240852,130,130,31.0000425000,78.5000000000
79.83224,29.973190021616663,131,131,29.9731900000,79.8322400000
79.06517,30.608761590514945,132,132,30.6087615000,79.0651700000
78.8,22.116694649896839,133,133,22.1166946000,78.8000000000
82.0,24.250028211220741,134,134,24.2500282000,82.0000000000
82.42073,24.216698152620165,135,135,24.2166981000,82.4207300000
80.83054,23.528766964920695,136,136,23.5287669000,80.8305400000
78.5,23.500026916188361,137,137,23.5000269000,78.5000000000
77.83333,21.833354203994872,138,138,21.8333542000,77.8333300000
105.0,35.000054348414345,139,139,35.0000543000,105.0000000000
102.75,37.750064506789414,140,140,37.7500645000,102.7500000000
85.5,41.500082157048084,141,141,41.5000821000,85.5000000000
109.0,36.000057815726528,142,142,36.0000578000,109.0000000000
102.75,37.750064506789414,143,143,37.7500645000,102.7500000000
109.0,36.000057815726528,144,144,36.0000578000,109.0000000000
96.0,36.000057815726528,145,145,36.0000578000,96.0000000000
106.0,37.250062508192961,146,146,37.2500625000,106.0000000000
85.5,41.500082157048084,147,147,41.5000821000,85.5000000000
114.75,43.500093947945693,148,148,43.5000939000,114.7500000000
-15.0,11.300010812059618,149,149,11.3000108000,-15.0000000000
-14.16667,12.166681739790556,150,150,12.1666817000,-14.1666700000
-14.71667,12.166681739790551,151,151,12.1666817000,-14.7166700000
-14.627385926300002,11.618742970393997,152,152,11.6187429000,-14.6273850000
-14.251104189500001,11.817754113019731,153,153,11.8177541000,-14.2511040000
120.0,-5.000004586144104,154,154,-5.0000045000,120.0000000000
121.999999999999787,13.000012653571657,155,155,13.0000126000,122.0000000000
112.5,2.500002275559678,156,156,2.5000022700,112.5000000000
167.0,-16.000016149831986,157,157,-16.0000160000,167.0000000000
147.0,-6.000005528219649,158,158,-6.0000055000,147.0000000000
178.0,-18.000018696440215,159,159,-18.0000180000,178.0000000000
159.0,-8.000007456139851,160,160,-8.0000074000,159.0000000000
125.75,-8.833338280451693,161,161,-8.8333382000,125.7500000000
107.83333,30.083370289267389,162,162,30.0833702000,107.8333300000
113.66667,34.000051111223506,163,163,34.0000511000,113.6666700000
109.0,36.000057815726528,164,164,36.0000578000,109.0000000000
82.83,44.650101676037067,165,165,44.6501016000,82.8300000000
85.5,41.500082157048084,166,166,41.5000821000,85.5000000000
81.95,44.983434062611245,167,167,44.9834340000,81.9500000000
82.68333,44.866773219474275,168,168,44.8667732000,82.6833300000
83.0,44.883433339357502,169,169,44.8834333000,83.0000000000
158.162,6.924006410877799,170,170,6.9240064100,158.1620000000
134.621,7.503006970828359,171,171,7.5030069700,134.6210000000
171.236,7.113006593044581,172,172,7.1130065900,171.2360000000
36.0,31.000042587240856,173,173,31.0000425000,36.0000000000
3.0,28.00003551355606,174,174,28.0000355000,3.0000000000
47.5,15.500015542187215,175,175,15.5000155000,47.5000000000
53.0,32.000045248005122,176,176,32.0000452000,53.0000000000
9.0,34.000051111223506,177,177,34.0000511000,9.0000000000
30.0,27.00003341769845,178,178,27.0000334000,30.0000000000
-6.0,32.000045248005087,179,179,32.0000452000,-6.0000000000
8.13352,33.919730860570446,180,180,33.9197308000,8.1335200000
8.96903,33.704440195314113,181,181,33.7044401000,8.9690300000
7.25,33.166718574645344,182,182,33.1667185000,7.2500000000
-0.29388,27.874325243519866,183,183,27.8743252000,-0.2938800000
5.32502,31.949365109077561,184,184,31.9493651000,5.3250200000
9.0,34.000051111223506,185,185,34.0000511000,9.0000000000
17.0,28.000035513556039,186,186,28.0000355000,17.0000000000
172.984,1.421001291195304,187,187,1.4210012900,172.9840000000
-169.86667,-19.033350092906783,188,188,-19.0333500000,-169.8666700000
171.236,7.113006593044581,189,189,7.1130065900,171.2360000000
147.0,-6.000005528219649,190,190,-6.0000055000,147.0000000000
134.621,7.503006970828359,191,191,7.5030069700,134.6210000000
-172.13333,-13.800013552620472,192,192,-13.8000130000,-172.1333300000
167.0,-16.000016149831986,193,193,-16.0000160000,167.0000000000
158.162,6.924006410877799,194,194,6.9240064100,158.1620000000
-159.78516,-21.248443301963349,195,195,-21.2484430000,-159.7851600000
-175.0,-20.000021455120052,196,196,-20.0000210000,-175.0000000000
11.0,33.333379070814821,197,197,33.3333790000,11.0000000000
10.16579,36.819030842511175,198,198,36.8190308000,10.1657900000
8.75,36.666730266195231,199,199,36.6667302000,8.7500000000
8.78333,35.250055192826473,200,200,35.2500551000,8.7833300000
120.56549,33.596159864309946,201,201,33.5961598000,120.5654900000
120.55451,33.210258703745737,202,202,33.2102587000,120.5545100000
120.24694,33.755800353152942,203,203,33.7558003000,120.2469400000
104.49377,32.416716407430783,204,204,32.4167164000,104.4937700000
103.62811,31.029462663164018,205,205,31.0294626000,103.6281100000
104.40163,31.162793008990853,206,206,31.1627930000,104.4016300000
104.77486,30.898372325929092,207,207,30.8983723000,104.7748600000
105.2222,32.520716701692194,208,208,32.5207167000,105.2222000000
104.80235,31.462493796932787,209,209,31.4624937000,104.8023500000
104.566670000000101,31.533373985459146,210,210,31.5333739000,104.5666700000
103.5637,30.733071904570121,211,211,30.7330719000,103.5637000000
102.49419,31.142922957270478,212,212,31.1429229000,102.4941900000
104.75359,31.911255004902568,213,213,31.9112550000,104.7535900000
106.04278,31.920365029782101,214,214,31.9203650000,106.0427800000
105.95783,32.307446100373838,215,215,32.3074461000,105.9578300000
103.92189,31.114122882419473,216,216,31.1141228000,103.9218900000
104.53667,31.331853451648527,217,217,31.3318534000,104.5366700000
103.28709,31.158612998105273,218,218,31.1586129000,103.2870900000
104.03461,31.22490317107324,219,219,31.2249031000,104.0346100000
104.17712,31.413463667013591,220,220,31.4134636000,104.1771200000
103.05557,32.235335898916553,221,221,32.2353358000,103.0555700000
103.64464,31.856724856281005,222,222,31.8567248000,103.6446400000
105.88139,32.46302653821833,223,223,32.4630265000,105.8813900000
104.29346,31.971955170947474,224,224,31.9719551000,104.2934600000
105.48463,31.924765041803724,225,225,31.9247650000,105.4846300000
105.88919,32.649027067471074,226,226,32.6490270000,105.8891900000
105.18333,31.657894318701732,227,227,31.6578943000,105.1833300000
103.021040000000141,31.588074131526064,228,228,31.5880741000,103.0210400000
104.76476,31.449413762234418,229,229,31.4494137000,104.7647600000
103.59183,32.609856955485391,230,230,32.6098569000,103.5918300000
104.86212,31.899094971715833,231,231,31.8990949000,104.8621200000
105.45918,31.272583295926324,232,232,31.2725832000,105.4591800000
17.15167,1.346671223552369,233,233,1.3466712200,17.1516700000
15.5,-1.00000090827451,234,234,-1.0000009000,15.5000000000
23.5,-2.500002275559662,235,235,-2.5000022000,23.5000000000
18.5961,3.709883387204628,236,236,3.7098833800,18.5961000000
18.3391,-2.084651896022936,237,237,-2.0846518000,18.3391000000
18.121,-0.340000308701866,238,238,-0.3400003000,18.1210000000
18.0205,-0.759390689615398,239,239,-0.7593906000,18.0205000000
-23.0,16.700017019271826,240,240,16.7000170000,-23.0000000000
-22.83333,16.083346252166216,241,241,16.0833462000,-22.8333300000
-24.39445,14.94139487580985,242,242,14.9413948000,-24.3944500000
-23.0,16.800017145332475,243,243,16.8000171000,-23.0000000000
-22.93333,16.583346872793136,244,244,16.5833468000,-22.9333300000
-22.913311004600011,16.821837791002864,245,245,16.8218377000,-22.9133110000
-22.92688,16.747937079620943,246,246,16.7479370000,-22.9268800000
-22.886173402700013,16.658096821967646,247,247,16.6580968000,-22.8861730000
-25.18255,17.068777486504978,248,248,17.0687774000,-25.1825500000
-22.789457321199972,15.968838967723782,249,249,15.9688389000,-22.7894570000
-22.88333,16.650016956418728,250,250,16.6500169000,-22.8833300000
-24.97742,16.847277205074253,251,251,16.8472772000,-24.9774200000
10.5,1.700001545258661,252,252,1.7000015400,10.5000000000
8.7,3.500003193603419,253,253,3.5000031900,8.7000000000
10.5,1.583331438983382,254,254,1.5833314300,10.5000000000
10.1110095215,1.530403685487313,255,255,1.5304036800,10.1110095000
9.0,18.000018696440236,256,256,18.0000186000,9.0000000000
12.36947,16.149086333117705,257,257,16.1490863000,12.3694700000
10.160135983399998,0.805731433319871,258,258,0.8057314300,10.1601359000
9.45356,0.392410356292942,259,259,0.3924103500,9.4535600000
-2.0,18.000018696440208,260,260,18.0000186000,-2.0000000000
2.25,9.500008950334461,261,261,9.5000089500,2.2500000000
2.51667,6.616676115875053,262,262,6.6166761100,2.5166700000
2.16667,6.916676403824475,263,263,6.9166764000,2.1666700000
1.5266,11.230510738601467,264,264,11.2305107000,1.5266000000
1.83333,6.583336083960398,265,265,6.5833360800,1.8333300000
2.5235,12.075971641643749,266,266,12.0759716000,2.5235000000
1.75,8.250007701995022,267,267,8.2500077000,1.7500000000
1.938,7.431006900887709,268,268,7.4310069000,1.9380000000
2.75,9.750009204110503,269,269,9.7500092000,2.7500000000
1.83333,7.083336564408669,270,270,7.0833365600,1.8333300000
1.78333,9.333338781942224,271,271,9.3333387800,1.7833300000
24.73333,2.800002550282756,272,272,2.8000025500,24.7333300000
21.51667,2.150001955680874,273,273,2.1500019500,21.5166700000
30.25,1.566671423811669,274,274,1.5666714200,30.2500000000
19.35,3.08333281025739,275,275,3.0833328100,19.3500000000
25.56667,0.233330211845904,276,276,0.2333302100,25.5666700000
21.01667,4.283333918114109,277,277,4.2833339100,21.0166700000
21.05228,3.885933549882418,278,278,3.8859335400,21.0522800000
19.335,-2.591002358836377,279,279,-2.5910023000,19.3350000000
17.832,-6.542006044420734,280,280,-6.5420060000,17.8320000000
18.93333,0.200000181583714,281,281,0.2000001800,18.9333300000
27.61667,2.766672519734282,282,282,2.7666725100,27.6166700000
20.86667,-0.216670196719278,283,283,-0.2166701000,20.8666700000
18.81667,-5.03333461734729,284,284,-5.0333346000,18.8166700000
21.0,7.00000648406021,285,285,7.0000064800,21.0000000000
23.5,-2.500002275559662,286,286,-2.5000022000,23.5000000000
11.75,-1.00000090827451,287,287,-1.0000009000,11.7500000000
15.5,-1.00000090827451,288,288,-1.0000009000,15.5000000000
10.5,1.700001545258661,289,289,1.7000015400,10.5000000000
11.75,-1.00000090827451,290,290,-1.0000009000,11.7500000000
12.5,6.000005528219623,291,291,6.0000055200,12.5000000000
21.0,7.00000648406021,292,292,7.0000064800,21.0000000000
23.5,-2.500002275559662,293,293,-2.5000022000,23.5000000000
15.5,-1.00000090827451,294,294,-1.0000009000,15.5000000000
1.08333,8.666678114478177,295,295,8.6666781100,1.0833300000
-2.0,18.000018696440208,296,296,18.0000186000,-2.0000000000
-11.5,8.500007949065576,297,297,8.5000079400,-11.5000000000
19.0,15.000014945136378,298,298,15.0000149000,19.0000000000
-15.5,13.50001321286145,299,299,13.5000132000,-15.5000000000
-16.13805,11.065830565077201,300,300,11.0658305000,-16.1380500000
-15.59767,11.863581412816524,301,301,11.8635814000,-15.5976700000
-16.180737871099989,12.292600281351683,302,302,12.2926002000,-16.1807370000
-15.71522,10.950510444005928,303,303,10.9505104000,-15.7152200000
-15.02992,11.20405071066989,304,304,11.2040507000,-15.0299200000
-15.04753,11.709141247268933,305,305,11.7091412000,-15.0475300000
-169.86667,-19.033350092906783,306,306,-19.0333500000,-169.8666700000
178.0,-18.000018696440215,307,307,-18.0000180000,178.0000000000
-172.13333,-13.800013552620472,308,308,-13.8000130000,-172.1333300000
167.0,-16.000016149831986,309,309,-16.0000160000,167.0000000000
9.83333,3.500003193603417,310,310,3.5000031900,9.8333300000
8.83333,4.833334430297135,311,311,4.8333344300,8.8333300000
12.5,6.000005528219623,312,312,6.0000055200,12.5000000000
11.58333,2.750002504458036,313,313,2.7500025000,11.5833300000
9.66667,4.000003655432119,314,314,4.0000036500,9.6666700000
23.5,-2.500002275559662,315,315,-2.5000022000,23.5000000000
12.5,6.000005528219623,316,316,6.0000055200,12.5000000000
11.75,-1.00000090827451,317,317,-1.0000009000,11.7500000000
10.5,1.700001545258661,318,318,1.7000015400,10.5000000000
15.5,-1.00000090827451,319,319,-1.0000009000,15.5000000000
21.0,7.00000648406021,320,320,7.0000064800,21.0000000000
-1.2,8.100007554338722,321,321,8.1000075500,-1.2000000000
-9.5,6.50000600426652,322,322,6.5000060000,-9.5000000000
121.999999999999787,13.000012653571657,323,323,13.0000126000,122.0000000000
79.75,15.833345946072523,324,324,15.8333459000,79.7500000000
172.984,1.421001291195304,325,325,1.4210012900,172.9840000000
79.0,22.000024465567357,326,326,22.0000244000,79.0000000000
73.456907083999951,16.061901675301492,327,327,16.0619016000,73.4569070000
73.7,16.170016358931395,328,328,16.1700163000,73.7000000000
76.0,19.500020743499675,329,329,19.5000207000,76.0000000000
73.370435595500098,16.376890064841973,330,330,16.3768900000,73.3704355000
5.83333,23.166696356029533,331,331,23.1666963000,5.8333300000
6.0,26.083361596283385,332,332,26.0833615000,6.0000000000
3.0,28.00003551355606,333,333,28.0000355000,3.0000000000
150.07612,-5.812125350245786,334,334,-5.8121253000,150.0761200000
148.0,-9.333338781942222,335,335,-9.3333387000,148.0000000000
150.49119,-5.249074819631821,336,336,-5.2490748000,150.4911900000
147.0,-6.000005528219649,337,337,-6.0000055000,147.0000000000
149.826050000000123,-5.878335412910397,338,338,-5.8783354000,149.8260500000
30.0,-3.500003193603411,339,339,-3.5000031000,30.0000000000
11.51667,3.866673532072363,340,340,3.8666735300,11.5166700000
12.5,6.000005528219623,341,341,6.0000055200,12.5000000000
11.75,-1.00000090827451,342,342,-1.0000009000,11.7500000000
23.5,-2.500002275559662,343,343,-2.5000022000,23.5000000000
10.5,1.700001545258661,344,344,1.7000015400,10.5000000000
30.0,-2.000001818775581,345,345,-2.0000018000,30.0000000000
21.0,7.00000648406021,346,346,7.0000064800,21.0000000000
7.0,1.000000908274513,347,347,1.0000009000,7.0000000000
15.5,-1.00000090827451,348,348,-1.0000009000,15.5000000000
19.0,15.000014945136378,349,349,15.0000149000,19.0000000000
-16.78285,13.371543068336758,350,350,13.3715430000,-16.7828500000
-15.9167,13.383313081553704,351,351,13.3833130000,-15.9167000000
121.41609,17.426007945451421,352,352,17.4260079000,121.4160900000
121.999999999999787,13.000012653571657,353,353,13.0000126000,122.0000000000
121.166669999999897,17.08334750510047,354,354,17.0833475000,121.1666700000
121.83333,18.000018696440218,355,355,18.0000186000,121.8333300000
124.33333,7.916677374454409,356,356,7.9166773700,124.3333300000
-3.04404,6.736646230857283,357,357,6.7366462300,-3.0440400000
-3.36171,6.42650593406011,358,358,6.4265059300,-3.3617100000
-3.68103,6.653686151322725,359,359,6.6536861500,-3.6810300000
-3.49639,6.729726224218954,360,360,6.7297262200,-3.4963900000
-7.5,30.666711736620062,361,361,30.6667117000,-7.5000000000
96.0,36.000057815726528,362,362,36.0000578000,96.0000000000
96.219726562500057,34.003549842172575,363,363,34.0035498000,96.2197265000
105.0,35.000054348414345,364,364,35.0000543000,105.0000000000
166.933,-0.517000469437496,365,365,-0.5170004000,166.9330000000
-175.0,-20.000021455120052,366,366,-20.0000210000,-175.0000000000
179.144779999999855,-8.517197966099825,367,367,-8.5171979000,179.1447800000
-159.78516,-21.248443301963349,368,368,-21.2484430000,-159.7851600000
1.0,10.083339544769384,369,369,10.0833395000,1.0000000000
0.58333,10.333339802044089,370,370,10.3333398000,0.5833300000
0.61667,10.86668035622059,371,371,10.8666803000,0.6166700000
9.46125,34.473222615621857,372,372,34.4732226000,9.4612500000
9.09946,33.017008133542134,373,373,33.0170081000,9.0994600000
8.511004799799995,34.070079828263339,374,374,34.0700798000,8.5110047900
2.25,9.500008950334461,375,375,9.5000089500,2.2500000000
-13.63393,15.731925822678241,376,376,15.7319258000,-13.6339300000
-16.43333,14.116683914789077,377,377,14.1166839000,-16.4333300000
-11.67065,12.551072158527523,378,378,12.5510721000,-11.6706500000
-15.839,16.334016561883619,379,379,16.3340165000,-15.8390000000
-16.4573,13.869983632327873,380,380,13.8699836000,-16.4573000000
-14.5487,15.140415111746345,381,381,15.1404151000,-14.5487000000
-16.85559,14.405704248592473,382,382,14.4057042000,-16.8555900000
-13.01667,13.283342969446259,383,383,13.2833429000,-13.0166700000
-13.5,14.516684377613704,384,384,14.5166843000,-13.5000000000
-12.3248,12.381611973354573,385,385,12.3816119000,-12.3248000000
-16.7199,15.42801545557032,386,386,15.4280154000,-16.7199000000
-16.7544,13.820533575977761,387,387,13.8205335000,-16.7544000000
-16.517,15.272215268886098,388,388,15.2722152000,-16.5170000000
15.5,-1.00000090827451,389,389,-1.0000009000,15.5000000000
13.75,3.500003193603417,390,390,3.5000031900,13.7500000000
13.74694,2.494442270473057,391,391,2.4944422700,13.7469400000
12.91667,2.750002504458036,392,392,2.7500025000,12.9166700000
6.0,4.833334430297135,393,393,4.8333344300,6.0000000000
-13.21666,8.518977967864036,394,394,8.5189779600,-13.2166600000
-12.02557,8.593758042038758,395,395,8.5937580400,-12.0255700000
-11.5,8.500007949065576,396,396,8.5000079400,-11.5000000000
-4.83398,18.312829112979738,397,397,18.3128291000,-4.8339800000
113.634846843699933,22.77077822101008,398,398,22.7707782000,113.6348460000
119.1813,37.766814575014813,399,399,37.7668145000,119.1813000000
-1.66667,12.500012102637225,400,400,12.5000121000,-1.6666700000
85.5,41.500082157048084,401,401,41.5000821000,85.5000000000
90.41483,46.329004440555401,402,402,46.3290044000,90.4148300000
105.0,35.000054348414345,403,403,35.0000543000,105.0000000000
104.91667,19.250020393372917,404,404,19.2500203000,104.9166700000
105.75,18.333349140488679,405,405,18.3333491000,105.7500000000
109.000000000000142,12.33334192077446,406,406,12.3333419000,109.0000000000
109.0,14.166683972311578,407,407,14.1666839000,109.0000000000
105.08333,9.083338530519539,408,408,9.0833385300,105.0833300000
105.33333,20.066691551179559,409,409,20.0666915000,105.3333300000
105.91667,9.550009000974162,410,410,9.5500090000,105.9166700000
109.08333,13.166682839056389,411,411,13.1666828000,109.0833300000
115.66667,27.666704801746732,412,412,27.6667048000,115.6666700000
117.47098,28.674296995724031,413,413,28.6742969000,117.4709800000
116.49236,28.840107369182789,414,414,28.8401073000,116.4923600000
120.8,-6.816676307684456,415,415,-6.8166763000,120.8000000000
123.61442,9.910729368031573,416,416,9.9107293600,123.6144200000
121.08333,13.91668368562593,417,417,13.9166836000,121.0833300000
118.75,10.000009459356557,418,418,10.0000094000,118.7500000000
123.5948,-5.319344885638079,419,419,-5.3193448000,123.5948000000
121.999999999999787,13.000012653571657,420,420,13.0000126000,122.0000000000
120.0,-5.000004586144104,421,421,-5.0000045000,120.0000000000
130.0,-0.500000453998258,422,422,-0.5000004000,130.0000000000
136.082,-1.176701068934482,423,423,-1.1767010000,136.0820000000
1.0845855713,9.830290629714131,424,424,9.8302906200,1.0845855700
1.325,6.167505687297014,425,425,6.1675056800,1.3250000000
0.75,6.583336083960393,426,426,6.5833360800,0.7500000000
1.430813447300001,7.235301134530884,427,427,7.2353011300,1.4308134400
1.41667,9.033338480398921,428,428,9.0333384800,1.4166700000
1.3506909961,8.665972169376346,429,429,8.6659721600,1.3506909900
0.98333,7.666677130156117,430,430,7.6666771300,0.9833300000
1.53333,6.333335845179979,431,431,6.3333358400,1.5333300000
1.33333,6.500006004266518,432,432,6.5000060000,1.3333300000
1.23333,8.45000789955224,433,433,8.4500078900,1.2333300000
0.93333,7.433336903149655,434,434,7.4333369000,0.9333300000
0.63333,9.616679068586521,435,435,9.6166790600,0.6333300000
1.08333,8.666678114478177,436,436,8.6666781100,1.0833300000
0.20722,10.703620186003631,437,437,10.7036201000,0.2072200000
0.0896362305,10.903273759217321,438,438,10.9032737000,0.0896362300
110.34167,20.045851521122774,439,439,20.0458515000,110.3416700000
109.505,18.24307901964449,440,440,18.2430790000,109.5050000000
110.090280000000163,19.682521001463147,441,441,19.6825210000,110.0902800000
109.44311,19.185040302974155,442,442,19.1850403000,109.4431100000
109.28018,18.310559109937991,443,443,18.3105591000,109.2801800000
108.62417,19.230020365522922,444,444,19.2300203000,108.6241700000
128.0,47.750126859841757,445,445,47.7501268000,128.0000000000
123.773340781199934,49.3611361715542,446,446,49.3611361000,123.7733400000
111.600489218700062,40.822296887192763,447,447,40.8222968000,111.6004890000
114.75,43.500093947945693,448,448,43.5000939000,114.7500000000
113.52924,30.012700117389741,449,449,30.0127001000,113.5292400000
112.25,31.000042587240852,450,450,31.0000425000,112.2500000000
117.16667,31.916715019812134,451,451,31.9167150000,117.1666700000
7.5,5.416674977161414,452,452,5.4166749700,7.5000000000
7.0,6.333335845179977,453,453,6.3333358400,7.0000000000
6.0,6.500006004266516,454,454,6.5000060000,6.0000000000
8.0,10.000009459356555,455,455,10.0000094000,8.0000000000
7.16667,5.500005055612873,456,456,5.5000050500,7.1666700000
8.08333,6.250005765793981,457,457,6.2500057600,8.0833300000
8.5,5.750005291505222,458,458,5.7500052900,8.5000000000
7.5,6.500006004266514,459,459,6.5000060000,7.5000000000
19.0,15.000014945136378,460,460,15.0000149000,19.0000000000
21.5,12.250011830174925,461,461,12.2500118000,21.5000000000
18.5,9.333308781911933,462,462,9.3333087800,18.5000000000
18.5,11.500011024209138,463,463,11.5000110000,18.5000000000
20.5,11.000010495930368,464,464,11.0000104000,20.5000000000
38.211368550400039,32.504562925056668,465,465,32.5045629000,38.2113685000
36.71376,30.326970887413307,466,466,30.3269708000,36.7137600000
37.96624,32.606786946720376,467,467,32.6067869000,37.9662400000
36.58333,30.333370903248024,468,468,30.3333709000,36.5833300000
36.75759,31.756974585739698,469,469,31.7569745000,36.7575900000
36.83245,31.833224792390297,470,470,31.8332247000,36.8324500000
105.0,35.000054348414345,471,471,35.0000543000,105.0000000000
120.0,-5.000004586144104,472,472,-5.0000045000,120.0000000000
107.83333,16.166686354823039,473,473,16.1666863000,107.8333300000
121.999999999999787,13.000012653571657,474,474,13.0000126000,122.0000000000
100.10214,-0.874730794418808,475,475,-0.8747307000,100.1021400000
106.0,3.000002733741101,476,476,3.0000027300,106.0000000000
116.40152,-8.352147802788977,477,477,-8.3521478000,116.4015200000
99.51889,1.98917180889502,478,478,1.9891718000,99.5188900000
104.02851,1.05211095564642,479,479,1.0521109500,104.0285100000
104.61944,0.950000862826457,480,480,0.9500008600,104.6194400000
107.97639,4.714174319062349,481,481,4.7141743100,107.9763900000
104.61667,0.200000181583714,482,482,0.2000001800,104.6166700000
98.66667,1.900001727561644,483,483,1.9000017200,98.6666700000
97.31964,1.330371208721031,484,484,1.3303712000,97.3196400000
36.0,31.000042587240856,485,485,31.0000425000,36.0000000000
-6.0,32.000045248005087,486,486,32.0000452000,-6.0000000000
3.0,28.00003551355606,487,487,28.0000355000,3.0000000000
30.0,27.00003341769845,488,488,27.0000334000,30.0000000000
9.0,34.000051111223506,489,489,34.0000511000,9.0000000000
-1.66667,12.500012102637225,490,490,12.5000121000,-1.6666700000
2.68017,9.795759250709354,491,491,9.7957592500,2.6801700000
1.85892,10.328479797027782,492,492,10.3284797000,1.8589200000
2.68819,8.638888086858522,493,493,8.6388880800,2.6881900000
2.10104,7.874497333156112,494,494,7.8744973300,2.1010400000
3.23291,11.505341029878466,495,495,11.5053410000,3.2329100000
1.78549,8.708188155763306,496,496,8.7081881500,1.7854900000
3.24577,10.535700011442863,497,497,10.5357000000,3.2457700000
2.19299,8.991188438189136,498,498,8.9911884300,2.1929900000
3.23636,11.049930548362784,499,499,11.0499305000,3.2363600000
1.68275,10.360109829685555,500,500,10.3601098000,1.6827500000
2.61865,8.839738286836882,501,501,8.8397382800,2.6186500000
2.41402,10.778360263936685,502,502,10.7783602000,2.4140200000
1.75,8.250007701995022,503,503,8.2500077000,1.7500000000
2.25,9.500008950334461,504,504,9.5000089500,2.2500000000
35.5,11.00001049593037,505,505,11.0000104000,35.5000000000
34.5,7.833337292888149,506,506,7.8333372900,34.5000000000
38.5,11.500011024209135,507,507,11.5000110000,38.5000000000
39.0,8.000007456139841,508,508,8.0000074500,39.0000000000
36.7273,6.058625583847476,509,509,6.0586255800,36.7273000000
38.83333,14.166683972311573,510,510,14.1666839000,38.8333300000
-1.25,10.266679733292351,511,511,10.2666797000,-1.2500000000
-0.52237,10.568070045036029,512,512,10.5680700000,-0.5223700000
-1.083,10.330279798885627,513,513,10.3302797000,-1.0830000000
3.3,11.931401485737885,514,514,11.9314014000,3.3000000000
3.19833,13.968903745318249,515,515,13.9689037000,3.1983300000
7.74219,13.469773178790554,516,516,13.4697731000,7.7421900000
11.5,13.750013495770649,517,517,13.7500134000,11.5000000000
6.91722,14.663904549502272,518,518,14.6639045000,6.9172200000
12.5,13.666683401224262,519,519,13.6666834000,12.5000000000
6.0,14.800014709175214,520,520,14.8000147000,6.0000000000
1.443,14.516014376833366,521,521,14.5160143000,1.4430000000
7.31389,14.143343945448438,522,522,14.1433439000,7.3138900000
7.3616,13.577123299885455,523,523,13.5771232000,7.3616000000
7.0,14.75001465043435,524,524,14.7500146000,7.0000000000
7.31528,13.974183751359385,525,525,13.9741837000,7.3152800000
3.33333,12.833342469015237,526,526,12.8333424000,3.3333300000
9.35,13.066682727655502,527,527,13.0666827000,9.3500000000
9.15,13.707233447201313,528,528,13.7072334000,9.1500000000
5.5,16.500016768562382,529,529,16.5000167000,5.5000000000
2.24889,13.350013044172373,530,530,13.3500130000,2.2488900000
7.6,14.100013895631795,531,531,14.1000138000,7.6000000000
7.15495,13.282542968550523,532,532,13.2825429000,7.1549500000
7.9,13.600013325758852,533,533,13.6000133000,7.9000000000
4.0,13.500013212861449,534,534,13.5000132000,4.0000000000
8.4,19.066690138962855,535,535,19.0666901000,8.4000000000
8.62833,13.104732770003741,536,536,13.1047327000,8.6283300000
7.0,13.500013212861447,537,537,13.5000132000,7.0000000000
3.5,13.633343363466166,538,538,13.6333433000,3.5000000000
13.25,20.500022182443946,539,539,20.5000221000,13.2500000000
2.83194,13.172792845873953,540,540,13.1727928000,2.8319400000
2.86667,13.00001265357167,541,541,13.0000126000,2.8666700000
2.98167,13.752513498610988,542,542,13.7525134000,2.9816700000
10.5,15.000014945136392,543,543,15.0000149000,10.5000000000
8.77917,18.114458848221165,544,544,18.1144588000,8.7791700000
8.67149,19.818981195677825,545,545,19.8189811000,8.6714900000
10.75,15.000014945136392,546,546,15.0000149000,10.7500000000
1.01667,13.500013212861447,547,547,13.5000132000,1.0166700000
8.33333,14.750014650434348,548,548,14.7500146000,8.3333300000
5.5,16.000016149831975,549,549,16.0000161000,5.5000000000
5.0,14.250014068386653,550,550,14.2500140000,5.0000000000
6.0,14.433344280681428,551,551,14.4333442000,6.0000000000
13.5,16.000016149831968,552,552,16.0000161000,13.5000000000
9.25,13.250012932146088,553,553,13.2500129000,9.2500000000
3.6,13.200012876261617,554,554,13.2000128000,3.6000000000
0.843,14.186013994574813,555,555,14.1860139000,0.8430000000
6.97417,13.871683634266669,556,556,13.8716836000,6.9741700000
1.60694,13.848913608306951,557,557,13.8489136000,1.6069400000
6.69583,13.657513390835144,558,558,13.6575133000,6.6958300000
2.2,13.533343250450978,559,559,13.5333432000,2.2000000000
4.8,14.800014709175226,560,560,14.8000147000,4.8000000000
2.12944,13.523343239168886,561,561,13.5233432000,2.1294400000
5.74667,15.621685689057697,562,562,15.6216856000,5.7466700000
7.70128,16.687057002968988,563,563,16.6870570000,7.7012800000
6.25722,14.524734386990851,564,564,14.5247343000,6.2572200000
6.16975,15.416195441371618,565,565,15.4161954000,6.1697500000
2.08333,14.333344164723698,566,566,14.3333441000,2.0833300000
5.53333,14.866684787654854,567,567,14.8666847000,5.5333300000
2.03139,14.460574312323066,568,568,14.4605743000,2.0313900000
3.5,14.500014358203529,569,569,14.5000143000,3.5000000000
8.85639,14.117233915421341,570,570,14.1172339000,8.8563900000
2.25,14.633344513752045,571,571,14.6333445000,2.2500000000
7.74211,13.469823178846845,572,572,13.4698231000,7.7421100000
3.6925,13.2708429554528,573,573,13.2708429000,3.6925000000
1.305,14.486124342038471,574,574,14.4861243000,1.3050000000
10.25,19.750021097388395,575,575,19.7500210000,10.2500000000
6.37389,15.66723574420489,576,576,15.6672357000,6.3738900000
7.78444,18.482519341156173,577,577,18.4825193000,7.7844400000
2.452,13.57601329863126,578,578,13.5760132000,2.4520000000
8.45389,13.386123084709908,579,579,13.3861230000,8.4538900000
3.6,12.400011993416767,580,580,12.4000119000,3.6000000000
1.5,13.100012764747888,581,581,13.1000127000,1.5000000000
1.27889,14.526684389262693,582,582,14.5266843000,1.2788900000
6.10012,13.999893780790087,583,583,13.9998937000,6.1001200000
-7.5,13.800013552620497,584,584,13.8000135000,-7.5000000000
-7.29015,15.168475145141162,585,585,15.1684751000,-7.2901500000
-10.1,13.900013666591558,586,586,13.9000136000,-10.1000000000
-7.45389,14.990844934282412,587,587,14.9908449000,-7.4538900000
-10.3,14.700014591792383,588,588,14.7000145000,-10.3000000000
-7.333,13.750013495770657,589,589,13.7500134000,-7.3330000000
122.53,11.130010632615155,590,590,11.1300106000,122.5300000000
125.74167,9.000008447018498,591,591,9.0000084400,125.7416700000
120.797620000000109,15.307155310664108,592,592,15.3071553000,120.7976200000
122.62621,10.580930058389495,593,593,10.5809300000,122.6262100000
124.66667,10.916680408557026,594,594,10.9166804000,124.6666700000
120.52083,16.97918737238928,595,595,16.9791873000,120.5208300000
123.56389,13.313903003679973,596,596,13.3139030000,123.5638900000
121.09,14.310014137725579,597,597,14.3100141000,121.0900000000
121.03322,17.085217507487901,598,598,17.0852175000,121.0332200000
121.73333,17.65668824521449,599,599,17.6566882000,121.7333300000
122.67366,7.494326962391834,600,600,7.4943269600,122.6736600000
121.13403,12.870152509696455,601,601,12.8701525000,121.1340300000
123.55,13.216682894884016,602,602,13.2166828000,123.5500000000
123.61442,9.910729368031573,603,603,9.9107293600,123.6144200000
125.92499,7.547347013945195,604,604,7.5473470100,125.9249900000
124.45556,7.188896666355874,605,605,7.1888966600,124.4555600000
124.16667,9.8333392890236,606,606,9.8333392800,124.1666700000
121.5,14.66668455275625,607,607,14.6666845000,121.5000000000
121.04599,14.577764448825995,608,608,14.5777644000,121.0459900000
124.96204,11.516501041751637,609,609,11.5165010000,124.9620400000
121.999999999999787,13.000012653571657,610,610,13.0000126000,122.0000000000
118.75,10.000009459356557,611,611,10.0000094000,118.7500000000
125.22669,8.526207975030593,612,612,8.5262079700,125.2266900000
-8.33333,31.500043896703428,613,613,31.5000438000,-8.3333300000
-7.5,30.666711736620062,614,614,30.6667117000,-7.5000000000
2.25,9.500008950334461,615,615,9.5000089500,2.2500000000
1.08333,8.666678114478177,616,616,8.6666781100,1.0833300000
19.0,15.000014945136378,617,617,15.0000149000,19.0000000000
-1.53388,12.365671955983144,618,618,12.3656719000,-1.5338800000
30.0,16.000016149831964,619,619,16.0000161000,30.0000000000
-1.66667,12.500012102637225,620,620,12.5000121000,-1.6666700000
-1.2,8.100007554338722,621,621,8.1000075500,-1.2000000000
9.0,18.000018696440236,622,622,18.0000186000,9.0000000000
8.0,10.000009459356555,623,623,10.0000094000,8.0000000000
6.275268164099997,46.422362409888521,624,624,46.4223624000,6.2752681600
-2.0,18.000018696440208,625,625,18.0000186000,-2.0000000000
10.2075638574,36.836068545075108,626,626,36.8360685000,10.2075638000
-10.5,20.250021816777252,627,627,20.2500218000,-10.5000000000
39.5,9.000008447018489,628,628,9.0000084400,39.5000000000
-14.25,14.500014358203524,629,629,14.5000143000,-14.2500000000
-16.46667,16.063076227244999,630,630,16.0630762000,-16.4666700000
-15.5,15.416685441960137,631,631,15.4166854000,-15.5000000000
-15.0,16.333346561052011,632,632,16.3333465000,-15.0000000000
-16.42596,16.062536226581344,633,633,16.0625362000,-16.4259600000
-16.2599,15.913916044419333,634,634,15.9139160000,-16.2599000000
-15.84028,16.238906444035166,635,635,16.2389064000,-15.8402800000
113.25,23.500026916188332,636,636,23.5000269000,113.2500000000
114.46163,23.198906409756528,637,637,23.1989064000,114.4616300000
112.65997,22.315174965833304,638,638,22.3151749000,112.6599700000
32.4,13.500013212861434,639,639,13.5000132000,32.4000000000
35.65,15.900016027432152,640,640,15.9000160000,35.6500000000
35.03981,15.556995610890512,641,641,15.5569956000,35.0398100000
33.35,14.600014474802999,642,642,14.6000144000,33.3500000000
122.91667,-5.316674883128947,643,643,-5.3166748000,122.9166700000
120.8,-6.816676307684456,644,644,-6.8166763000,120.8000000000
119.5506,-4.782704383015724,645,645,-4.7827043000,119.5506000000
123.5948,-5.319344885638079,646,646,-5.3193448000,123.5948000000
130.0,-0.500000453998258,647,647,-0.5000004000,130.0000000000
136.0,-1.033330938573281,648,648,-1.0333309000,136.0000000000
122.36667,-8.666678114478156,649,649,-8.6666781000,122.3666700000
-10.5,20.250021816777252,650,650,20.2500218000,-10.5000000000
-14.65878,17.866518520255347,651,651,17.8665185000,-14.6587800000
-13.4,17.250017718560436,652,652,17.2500177000,-13.4000000000
-12.83333,16.000016149831971,653,653,16.0000161000,-12.8333300000
