"","dist_to_all_rivers.na.mean","dist_to_roads.na.mean","srtm_elevation_500m.na.mean","srtm_slope_500m.na.mean","accessibility_map.na.mean","gpw_v3_density.2000.mean","wdpa_5km.na.sum","treecover2000.na.mean","latitude","longitude","udel_precip_v4_01_yearly_max.2002.mean","udel_precip_v4_01_yearly_min.2002.mean","udel_precip_v4_01_yearly_mean.2002.mean","udel_air_temp_v4_01_yearly_max.2002.mean","udel_air_temp_v4_01_yearly_min.2002.mean","udel_air_temp_v4_01_yearly_mean.2002.mean","v4composites_calibrated.2002.mean","ltdr_yearly_ndvi_mean.2002.mean","years_since_implementation","treatment","ndvi_pre_post_diff","propensity","ML.prop","transOutcome","transProp","tree.pred","GEF_ID","Title"
"1",2337.03722065877,7200.82004917129,438.547395370479,0.68957361015332,459.821122439707,0.521187901496887,0,0,14.906477,10.410168,106.630407348031,0,20.8882209797374,33.5496492531007,19.3745031085594,28.143352973996,0,1303.02369526,0,1,116.998390262,0.349069613410807,0.349069613410807,335.172085357968,0.349069613410807,20.8546104655396,5252,"GGW: Third Phase of the Community Action Program"
"2",2557.58215098757,10259.7334276571,428.011216283701,0.339790985868482,478.67630083655,1.41314995288849,0,0,15.906036,5.410168,112.012136355952,0,26.7923750079949,34.7247810451246,21.2248436036604,28.7934502403491,0,1352.40693827,0,1,40.6980752354,0.479172560635707,0.479172560635707,84.9340688068757,0.479172560635707,-38.7712201627372,5252,"GGW: Third Phase of the Community Action Program"
"3",1748.2787074499,2026.93018169801,242.729384357849,0.35362497337443,116.563371345033,45.9228839913357,0,0.00906961335233,13.107191,3.510168,165.9,0.2,43.9583333333333,34.5,24.6,29.225,0,1810.5228887,0,1,-103.590670358,0.694965971695579,0.694965971695579,-149.058622403136,0.694965971695579,-342.221141225017,5252,"GGW: Third Phase of the Community Action Program"
"4",1754.9082288258,2548.34292821905,249.122092368627,0.643104488987754,174.410885646501,16.5394934968059,0,0,14.240083,1.993498,135.542857369416,0,37.0619047963067,35.6,23.5,29.6654761896526,0.394028190051,1278.98945873,0,1,16.3978245577,0.712595014900235,0.712595014900235,23.0114219364778,0.712595014900235,20.8546104655396,5252,"GGW: Third Phase of the Community Action Program"
"5",1027.67856478566,156799.210103763,497.701529913816,0.278740337308003,5112.5086243827,0.617100655957494,270.640014648,0,19.654086,10.160168,11.7,0,2.525,34.7,16.8,27.85,0,884.967732914,0,1,43.3899328049,0.00345896330672098,0.00345896330672098,12544.2015301494,0.00345896330672098,193.298471474161,5252,"GGW: Third Phase of the Community Action Program"
"6",1381.56285854678,2982.47803520032,57.013370906952,0.771655502612217,153.395161143767,119.246518009864,1.20000004768,20.4930619917,6.409002,1.243498,157.242418599277,2.9000994282062,72.7562505229562,29.1499751429484,25.2499254288453,27.3249627144227,0,2238.14567994,1,1,94.7702944583,0.0561677928731605,0.0561677928731605,1687.27111411183,0.0561677928731605,217.600335508165,4709,"GGW: Integrated Disaster and Land Management (IDLM) Project"
"7",1171.14129294829,8262.26852928761,868.299562331708,0.262885555005246,414.643783431371,1.83701705932617,0,0,30.228961,36.493498,13.8409090981826,0,4.97196969939422,28.6727272729582,7.25454545408364,19.0030303027224,0,1346.360816,0,1,-46.3348462931,0.0466030351107985,0.0466030351107985,-994.245249970075,0.0466030351107985,-106.812365631374,5026,"MENA: Badia Ecosystem and Livelihoods Project (BELP)"
"8",1193.61589873987,1951.03105193313,386.539953810307,0.223681106359924,82.9285799510478,31.28260645462,0,0,13.407079,32.310168,103.765660840395,0,22.6951497632762,33.2997904904295,22.2003142643558,29.4040662766641,0,1577.32881693,0,1,-33.0562147831,0.594795864157131,0.594795864157131,-55.5757307256046,0.594795864157131,69.639566307886,5619,"GGW Sudan Sustainable Natural Resources Management Project SSNRMP"
"9",1178.31781154622,3258.90060409175,422.342553296967,0.201756808009748,168.731617202101,34.2846240971464,0,0,15.806081,35.560168,123.7,0,17.3333333333333,34.3,24.1,30.5916666666667,0,1048.31703596,0,1,-39.1535371567,0.741864351342112,0.741864351342112,-52.7772187541658,0.741864351342112,69.639566307886,5619,"GGW Sudan Sustainable Natural Resources Management Project SSNRMP"
"10",1690.6150480416,4502.56430711743,404.852321818259,0.144791860553097,60.3266629291164,69.0419049389772,0,0.0517211895003,14.506644,33.260168,93.9,0,22.0333333333333,34.2,23.8,29.5333333333333,6.40039073186,1915.95080745,0,1,-45.1105086369,0.620095799466794,0.620095799466794,-72.7476442763997,0.620095799466794,200.590669963283,5619,"GGW Sudan Sustainable Natural Resources Management Project SSNRMP"
"11",1173.79726223137,376.619308011358,40.2083972952078,0.220931176611495,161.784061173019,14.931885222604,14.5100002289,7.94163918883e-05,15.322967,-15.589831,96.5579265759333,0.00554361554089241,23.7348693495861,31.2444563844591,24.8222819222955,28.9907875057982,0.544356804235,1716.39244854,0,1,-9.73523639846,0.717454450737268,0.717454450737268,-13.5691351394586,0.717454450737268,-342.221141225017,5449,"PSG- Sustainable and Inclusive Agribusiness  Development Project "
"12",1580.91422588256,271.251864909175,38.8045285324526,0.129737407662464,283.030266330661,9.45286646209724,0,0,16.239211,-15.089831,53.1,0,14.6291666666667,32.3,23.6,29.0791666666667,0,1389.7402763,0,1,-73.1780871438,0.656094703526577,0.656094703526577,-111.53586022027,0.656094703526577,-38.7712201627372,5449,"PSG- Sustainable and Inclusive Agribusiness  Development Project "
"13",1089.25390374188,3479.02542205378,345.546656956219,0.546560002262744,290.906625285894,25.0285733702576,0,0.310521388654,13.706964,-7.589831,244.8,0,47.7791666666667,33.6,24.9,28.6583333333333,0,2197.0611989,0,1,-89.6959560646,0.613562554111897,0.613562554111897,-146.188771566138,0.613562554111897,-51.3602833949098,5270,"GGW Natural Resources Management in a Changing Climate in Mali "
"14",1959.3071284095,3592.67189458768,185.729235305944,0.488510370030337,354.273750234538,7.16240773762244,0,3.61075233629,13.806925,-10.189831,249,0,58.0833333333333,34.6,24.8,28.4916666666667,0,2163.73413083,0,1,79.6093965992,0.519245891818055,0.519245891818055,153.317335492941,0.519245891818055,-171.473552439412,5270,"GGW Natural Resources Management in a Changing Climate in Mali "
"15",3443.8690982016,4587.57772627206,780.15115227909,2.66128143605196,800.250392707866,6.82794171764359,0,30.4623059709,10.907929,35.410168,322.82188305065,3.75038166726739,108.652265199746,27.5253604635303,21.4259117606943,23.9712892136805,0,3590.06179777,0,1,-583.754938254,0.0341006084150727,0.0341006084150727,-17118.6077136376,0.0341006084150727,-408.301708748005,5220,"PSG: Sustainable Land Management Project 2"
"16",2086.85748734157,2711.95460199359,473.725116254856,0.483269532314114,791.551325277188,1.10322403907776,257.429992676,43.3434177952,7.742074,34.410168,186.7,19,101.091666666667,30.45,26.1,27.925,0,3308.70498636,0,1,-378.327967878,0.231071561491035,0.231071561491035,-1637.27619892627,0.231071561491035,-408.301708748005,5220,"PSG: Sustainable Land Management Project 2"
"17",1863.997124461,21370.0283927692,1936.40877552877,8.39229456612238,1076.64930847469,114.132342158196,0,0.39636286625,11.407774,38.410168,350.686817153673,2.39964490649623,92.2326675330138,18.8526632012782,14.8276853946222,16.4234743412676,0,1818.12550647,0,1,-285.172592774,0.0589801458513965,0.0589801458513965,-4835.06082695195,0.0589801458513965,-106.812365631374,5220,"PSG: Sustainable Land Management Project 2"
"18",1218.83823407713,2357.29481315097,1718.79437561976,1.69368161823194,334.322508098343,99.7633358737368,5.57999992371,3.81574889565,7.908708,38.910168,130.561830907919,0.875536575346716,49.1278051549307,20.5487428806163,16.8240341643759,18.5864115185824,0,1959.84378733,0,1,-140.269527743,0.161514381044061,0.161514381044061,-868.464633528417,0.161514381044061,-106.812365631374,5220,"PSG: Sustainable Land Management Project 2"
"19",4303.6081712311,9453.21807920461,2591.39162167761,12.2313652033927,726.218678215926,63.4221681346157,8.53999996185,40.3705679389,5.967696,36.637468,186.611480629193,60.4144622821877,114.170519027278,20.3833970438674,17.966641182453,18.8041571100866,0,2779.82464133,0,1,-62.3327130185,0.0376014413276305,0.0376014413276305,-1657.72137497017,0.0376014413276305,-106.812365631374,5220,"PSG: Sustainable Land Management Project 2"
"20",2441.85415543932,440.761070694802,1985.86962284189,4.51127590289547,151.845804725216,187.834843762877,0,1.58442843272,14.07349,38.743498,220.9,0,52.7083333333333,24.9,19.2,21.9666666666667,1.96616881435,2169.69405763,0,1,-370.13904255,0.489290486198803,0.489290486198803,-756.48117629577,0.489290486198803,-185.239402480852,5220,"PSG: Sustainable Land Management Project 2"
"21",2033.80586986582,2678.00451175426,566.751896008818,0.853949891300968,330.900531247706,7.33806800842285,0,0.19394648322,12.157527,21.410168,169.95,0,41.8458333333333,32,21.1,27.5041666666667,0,2236.12056038,0,1,-71.9731605338,0.354071029060597,0.354071029060597,-203.273226631265,0.354071029060597,-51.3602833949098,4908,"GGW: Agriculture Production Support Project (with Sustainable Land and Water Management)"
"22",1912.94802976163,1642.02792764232,383.329688771319,0.435219086987852,106.878113147722,17.6708602905273,0,11.7973063811,9.241694,18.410168,135.35,0,38.6875,32.8,24.55,27.9791666666667,0,2899.21226442,0,1,-282.17684983,0.345361650286459,0.345361650286459,-817.047433019703,0.345361650286459,-210.867188511687,4908,"GGW: Agriculture Production Support Project (with Sustainable Land and Water Management)"
"23",1063.21722351762,3051.41176637521,486.151521441414,0.349424319927495,479.825070071701,5.23780012130737,0,3.86865182182,11.407774,18.410168,180.894496050692,0,38.9100856159522,33.8244451664004,23.1745783264643,28.3328154886403,0,2399.74921323,0,1,-167.238013945,0.362503315791249,0.362503315791249,-461.342025465239,0.362503315791249,-11.0404041860348,4908,"GGW: Agriculture Production Support Project (with Sustainable Land and Water Management)"
"24",3062.99955896181,8085.95816148434,443.203297657521,0.130198219226228,708.476948762847,2.84316802024841,0,7.81853280265,10.907929,20.410168,207.380534175377,0,48.2579657357252,32.1999575925259,22.3750636112112,27.2769861495384,0,2770.44171667,0,1,-115.168883758,0.131142062827802,0.131142062827802,-878.19942186836,0.131142062827802,-210.867188511687,4908,"GGW: Agriculture Production Support Project (with Sustainable Land and Water Management)"
"25",3004.67609653771,329.60041107752,124.646392394307,0.971933395973389,49.6555220211404,425.736214097842,0,21.9173313808,5.325845,7.410168,402.580967746614,0,179.580337404692,28.2888598514613,25.9388971852968,27.1504626172793,5.28924587987,2762.47909344,0,1,-113.819627685,0.560764567157819,0.560764567157819,-202.972217488498,0.560764567157819,18.9094838033305,4907,"GGW: Nigeria Erosion and Watershed Management Project (NEWMAP)"
"26",2507.42550672168,1127.96261336155,54.2314940960364,0.722879756296912,241.958392227324,265.101473784651,6.96000003815,15.7228138778,6.24236,6.910168,281.5,0,136.570833333333,29.6,26.3,27.7791666666667,1.79769885028,2443.31582685,0,1,-49.2630489738,0.584222045022786,0.584222045022786,-84.3224753216538,0.584222045022786,-185.239402480852,4907,"GGW: Nigeria Erosion and Watershed Management Project (NEWMAP)"
"27",2652.76135184913,3608.86525508024,153.915188384211,1.36807076378422,186.591477155193,71.2284903773896,91.9900054932,50.0069240251,6.409002,5.910168,296.313323379631,0.44992542884535,143.606641495161,27.9500745711547,24.4251367137835,26.2251346423626,0.0494550646423,2816.94189322,0,1,-111.967387831,0.180818426820741,0.180818426820741,-619.225539120534,0.180818426820741,217.600335508165,4907,"GGW: Nigeria Erosion and Watershed Management Project (NEWMAP)"
"28",789.714658063185,240.141369430954,123.290804725908,0.72260260727196,103.724123023061,842.201186555158,0,23.5053643879,5.409163,7.076838,373.409579258082,0,172.045346418218,28.8499789928551,26.2000840285797,27.5000525178623,8.79090308946,2551.49595592,0,1,-93.8852016654,0.722657521491083,0.722657521491083,-129.91659101767,0.722657521491083,18.9094838033305,4907,"GGW: Nigeria Erosion and Watershed Management Project (NEWMAP)"
"29",2474.09091096076,1253.00418816083,58.2023389399373,0.473668547874344,42.7246652604966,308.747409261121,0,9.30959320842,6.159044,7.993498,381.888888888889,0,155.912037037037,28.9,25.9777777777778,27.2861111111111,3.28430599706,2348.58356596,0,1,15.9245794708,0.663204173089845,0.663204173089845,24.0115791138767,0.663204173089845,18.9094838033305,4907,"GGW: Nigeria Erosion and Watershed Management Project (NEWMAP)"
"30",1891.98121506925,15994.4476098289,250.00405827749,3.68161078516795,1142.77524003604,70.1628123069746,171.100006104,68.1630285105,5.659125,8.410168,512.05,0,203.1625,28.5,26.05,27.3291666666667,0,2512.60767672,0,1,73.6659860654,0.100719249737858,0.100719249737858,731.399273298107,0.100719249737858,217.600335508165,4907,"GGW: Nigeria Erosion and Watershed Management Project (NEWMAP)"
"31",2368.21247845595,3157.72171203381,235.842620099668,1.97068965498297,47.7172435078333,908.900718658848,8.96000003815,14.3512638716,6.409002,7.410168,303.929561268959,0,136.213918403804,29.0251367137835,25.7501739993609,27.1168468802904,15.6426707819,2194.34790622,0,1,-54.6298557138,0.737101274897287,0.737101274897287,-74.1144501770296,0.737101274897287,200.590669963283,4907,"GGW: Nigeria Erosion and Watershed Management Project (NEWMAP)"
"32",4612.27376588317,3020.74018560548,264.778488110667,2.45095447705761,125.326127952036,48.4502753112532,14.2199993134,0,34.364008,9.371418,44.0854885683735,3.80903184335757,14.8605539329761,30.7391526056813,10.7923381017156,21.1325642332247,1.42171314979,1081.53638807,0,1,-122.085303939,0.123642800561758,0.123642800561758,-987.403256674215,0.123642800561758,-185.239402480852,4035,"MENARID: Ecotourism and Conservation of Desert Biodiversity"
"33",2189.33225181613,10120.3681170916,150.818748866903,0.556537545409937,365.788554050257,7.65058422088623,0,0,32.909598,9.009628,24.9891128323093,3.56054435838454,13.3214285098734,32.6013608959613,11.7204082687884,22.7675739306409,0,926.144281785,0,1,53.9840205532,0.151640252937,0.151640252937,356.000596857538,0.151640252937,20.8546104655396,4035,"MENARID: Ecotourism and Conservation of Desert Biodiversity"
"34",5702.45989293206,14070.9636045385,129.717113779096,2.09622971267117,317.943118317487,33.6236241646495,0,0,33.96135,8.421168,73.9223759715824,0.62978773075137,16.5437626676931,32.1617571744129,10.7765625872916,21.8160712540009,0,848.917657418,0,1,-13.7923656982,0.079075714236626,0.079075714236626,-174.419742285574,0.079075714236626,20.8546104655396,4035,"MENARID: Ecotourism and Conservation of Desert Biodiversity"
"35",1909.39823094942,1420.55358548411,306.91312093966,0.372342804154622,14.1277060735204,1490.65693143396,2,0.100044003509,12.273148,-1.623711,194.105000058673,0.235000000931323,52.2445833629028,33.9750000046566,24.905000002794,29.1887500030268,31.883390349,1617.95521912,0,1,-68.6730333323,0.866229072277009,0.866229072277009,-79.278144234738,0.866229072277009,18.9094838033305,5423,"GGW: Building Resilience Through Innovation, Communication and Knowledge Services (BRICKS) Project"
"36",2441.19437849393,1745.35930298136,441.585127253311,0.317771960109889,198.252002728294,109.418998718262,0,0.000107234820882,13.37685,7.652358,209.144932977869,0,42.3806573632944,34.1839668458394,20.1839668458394,27.9856968637567,0.376965528079,2013.68645069,0,1,-163.926352985,0.385660027450222,0.385660027450222,-425.054040650241,0.385660027450222,-210.867188511687,5252,"GGW: Third Phase of the Community Action Program"
"37",1589.27178627088,1466.43958469374,342.30046599658,0.329586240756507,356.473925611493,10.4143896102905,0,0,13.656983,11.410168,141.65,0,25.0166666666667,33.9,19.6,28.275,0,1425.48718717,0,1,-42.6460238392,0.354272783172082,0.354272783172082,-120.376235107187,0.354272783172082,-38.7712201627372,5252,"GGW: Third Phase of the Community Action Program"
"38",1556.36139834494,1601.24079149482,312.772245934344,0.194339719234996,472.970848352154,21.5034132524848,0,0,13.573685,12.410168,102.7,0,17.9708333333333,33.9,19.75,28.5791666666667,0,1381.9726362,0,1,-43.0777777415,0.342261629913215,0.342261629913215,-125.862129951356,0.342261629913215,-38.7712201627372,5252,"GGW: Third Phase of the Community Action Program"
"39",1456.56734638889,1772.91253764424,484.679224101478,1.71456425941346,174.932890052475,41.1667393334835,0,0.000805760037736,14.706561,5.910168,136.45,0,31.6083333333333,34.9,21.55,28.8541666666667,0,1443.02186702,0,1,-58.6928336215,0.643846384727396,0.643846384727396,-91.1596850021151,0.643846384727396,20.8546104655396,5252,"GGW: Third Phase of the Community Action Program"
"40",2636.33954433508,2447.13939172985,273.084004582071,0.688222704723267,241.952497873943,19.3557935196507,0,4.74403927233e-06,14.422678,1.353168,107.862938170246,0,30.2468914717027,35.7999498408553,23.6335005304822,30.0028272402677,0,1310.87332056,0,1,-50.0734245592,0.692526576290154,0.692526576290154,-72.3054194215072,0.692526576290154,20.8546104655396,5252,"GGW: Third Phase of the Community Action Program"
"41",1922.81950972018,3512.4779132252,404.164458001056,0.419602146454176,296.043811935542,22.6307456158631,0,0,14.656582,6.910168,150.55,0,33.3416666666667,34.6,21,28.6333333333333,0,1562.34225248,0,1,-60.3592349662,0.495172188162964,0.495172188162964,-121.895446491303,0.495172188162964,-38.7712201627372,5252,"GGW: Third Phase of the Community Action Program"
"42",1592.59828918971,4325.75754104386,228.71342042937,0.44330167508268,163.180813164936,45.9887199401855,0,0.101262112867,12.740654,3.243498,183.6,0,50.8166666666667,34.7,25.4,29.4,0,2049.48732416,0,1,-134.604876318,0.704737538468719,0.704737538468719,-191.000009181396,0.704737538468719,-11.0404041860348,5252,"GGW: Third Phase of the Community Action Program"
"43",2363.61150991981,1791.63401527563,422.975412252067,0.346407871540475,79.6830002292188,106.928636894251,0,0.000416662913824,13.61422,9.060168,129.3,0,25.4,34.5,21,29.0916666666667,0.65144546907,1628.25215243,0,1,-0.15277791,0.549154846103842,0.549154846103842,-0.278205520872542,0.549154846103842,-342.221141225017,5252,"GGW: Third Phase of the Community Action Program"
"44",1549.87904388658,63157.2626575491,396.046538379265,0.198001325592495,1620.3802743171,1.41314995288849,0,0,16.405803,5.410168,94.4351783067654,0,22.3611767968107,35.0498061274902,21.4498707516601,29.2476393212707,0,1224.98819421,0,1,30.0112941154,0.186370976362323,0.186370976362323,161.029870107324,0.186370976362323,-38.7712201627372,5252,"GGW: Third Phase of the Community Action Program"
"45",1514.74414720036,2133.11870966849,410.71617409588,0.295642997537345,197.139288215763,89.974591485406,0,0,14.006846,7.510168,164.9,0,33.9833333333333,34.4,20.5,28.375,0,1580.05254839,0,1,-15.31055032,0.501871571523373,0.501871571523373,-30.5069089160133,0.501871571523373,-38.7712201627372,5252,"GGW: Third Phase of the Community Action Program"
"46",1445.81265009678,1704.63816473959,380.149517538611,0.39649728793234,84.3685490361465,77.363173951775,0,0.0619271630165,13.18969,7.065118,221.7,0,40.6583333333333,34.3,20.2,27.925,0.157255825765,1893.17556838,0,1,-102.120624588,0.42346536190001,0.42346536190001,-241.15461092214,0.42346536190001,-210.867188511687,5252,"GGW: Third Phase of the Community Action Program"
"47",1294.43319004609,3193.02488604776,413.595213670238,0.272153490337478,223.685188941469,67.8767836184195,0,0.000154400102555,13.507041,7.810168,185,0,36.75,34.5,20.5,28.3333333333333,0.43320105604,1900.28994815,0,1,-245.380455276,0.439786946901157,0.439786946901157,-557.953020218106,0.439786946901157,-342.221141225017,5252,"GGW: Third Phase of the Community Action Program"
"48",2152.74650008908,3352.17296992055,248.192773668581,0.480920271364262,244.937974083825,30.1124263831883,0,0.00117393169541,13.407079,3.910168,167.723716753881,0.250261886963125,44.9583079950519,34.5999476226074,23.950419019141,29.202081150942,0,1639.37822306,0,1,7.52152822538,0.636606242669512,0.636606242669512,11.8150400062676,0.636606242669512,-51.3602833949098,5252,"GGW: Third Phase of the Community Action Program"
"49",1565.22241080419,2406.32100210533,359.169948053168,0.235241237370192,101.664044480366,119.163562135997,0,0.0089578102918,13.407079,6.910168,204.913094348156,0,38.0838885111535,34.5247643017332,20.5248166791258,28.1768803709369,0.732976953887,1818.18252324,0,1,-119.235185843,0.45668969351527,0.45668969351527,-261.085782175667,0.45668969351527,-342.221141225017,5252,"GGW: Third Phase of the Community Action Program"
"50",3082.41568935363,3858.70819262428,262.072546395124,0.208104146067722,219.317134559122,42.0899360021949,0,0.000147700282271,13.540358,3.410168,150.3,0,39.3,34.95,23.8,29.4083333333333,0,1723.95858483,0,1,-73.7465101523,0.606266598239627,0.606266598239627,-121.640397749822,0.606266598239627,-342.221141225017,5252,"GGW: Third Phase of the Community Action Program"
"51",2992.89652985006,4192.48504668882,509.691276209709,0.419665580703775,1253.2945638103,0.0250931400805712,0,0,20.403637,13.160168,2.64942901349089,0,0.520690586706057,34.1004894170078,15.4003262780052,27.0170609192563,0,913.709935452,0,1,14.1043654422,0.114618206496859,0.114618206496859,123.055192305652,0.114618206496859,-210.867188511687,5252,"GGW: Third Phase of the Community Action Program"
"52",1842.76766422306,2177.53142224232,202.772553310818,0.307276305588764,129.452930062734,60.350711045881,0,0.0229261263206,12.907264,2.776838,178.803727227979,0,48.5757471245273,34.9995970564347,24.300302207674,29.5956864268252,0.125171976393,1807.3383941,0,1,-218.732738652,0.688379953113513,0.688379953113513,-317.750012420729,0.688379953113513,-342.221141225017,5252,"GGW: Third Phase of the Community Action Program"
"53",3466.34614293525,61831.8306179596,1014.72353356728,4.29219179816521,1981.88826245737,0.617100639376832,270.809997559,0,19.723005,8.581658,17.1,0,4.08333333333333,33.2,16.2,26.6083333333333,0,1029.09328398,0,1,-6.84186630385,0.217725453650842,0.217725453650842,-31.4242831470777,0.217725453650842,193.298471474161,5252,"GGW: Third Phase of the Community Action Program"
"54",2347.45446308467,4052.3384343013,425.655457441866,0.71548831572048,448.580580460673,0.521187901496887,0,0,14.906477,10.660168,109.70339055336,0,21.9544638272341,33.6495907952842,19.4494738796511,28.2870664378606,0,1262.60075539,0,1,74.4094887,0.366235571529325,0.366235571529325,203.173843516295,0.366235571529325,20.8546104655396,5252,"GGW: Third Phase of the Community Action Program"
"55",1599.38668405305,2971.15409988271,461.991101490313,0.505705338484575,254.208998014048,32.1723403930664,0,0,14.656582,8.243498,82.1,0,16.5166666666667,34.3,20.6,28.625,0,1292.51944032,0,1,145.850115885,0.540642754192486,0.540642754192486,269.771701838202,0.540642754192486,20.8546104655396,5252,"GGW: Third Phase of the Community Action Program"
"56",2658.87131289827,2710.55098193718,301.228987838617,0.745368843697699,148.285461716374,45.0807991027832,0,1.18773149508e-05,14.156786,4.910168,131.35,0,33.7875,35.55,22.85,29.6166666666667,0,1340.05688907,0,1,-97.5527821108,0.663221387312879,0.663221387312879,-147.089318856328,0.663221387312879,20.8546104655396,5252,"GGW: Third Phase of the Community Action Program"
"57",2600.5862088834,1730.74042814356,482.739521852396,2.03207778463662,311.809579805906,103.469132229505,0,0.00101839021619,14.340042,5.910168,140.691013505817,0,32.6426477892627,34.7832748576381,21.6667251423619,28.7795922701576,0.30517585848,1678.94294294,0,1,-147.640767714,0.551189596069725,0.551189596069725,-267.858408008346,0.551189596069725,20.8546104655396,5252,"GGW: Third Phase of the Community Action Program"
"58",1207.34718110912,15672.0774554615,356.241402543563,0.978072320508602,1219.52752526238,0.134254902601242,0,0,15.906036,13.410168,62.6890443912945,0,11.3564135607453,33.4249687207321,18.7254066304829,28.3396067927843,0,793.794781921,0,1,54.0273727866,0.203084965239709,0.203084965239709,266.03334581085,0.203084965239709,20.8546104655396,5252,"GGW: Third Phase of the Community Action Program"
"59",1570.15768307717,2768.30201413042,388.218645490033,0.220585592042659,179.411725508823,71.2812883737846,0,0.00694733112074,13.157172,9.160168,156.4,0,35.3166666666667,33.9,20.1,28.225,0,1809.71757309,0,1,-82.13862487,0.439537023894087,0.439537023894087,-186.875326547673,0.439537023894087,-342.221141225017,5252,"GGW: Third Phase of the Community Action Program"
"60",2395.47600522795,3520.84723303859,263.595709555566,0.410657689850781,398.533275333069,25.6782105411903,1,0.0103478856221,14.092812,0.753168,113.4,0,33.3833333333333,34.5,22.5,28.8333333333333,0,1494.33497439,0,1,-21.9357848454,0.539187042147166,0.539187042147166,-40.6830712363685,0.539187042147166,-342.221141225017,5252,"GGW: Third Phase of the Community Action Program"
"61",2279.07766259501,2128.11824781673,336.414777866669,0.395390032393704,110.406794287515,112.373950349772,0,3.0960363306e-05,13.564519,6.605998,187.9,0,35.0083333333333,34.6,20.7,28.25,0,1771.47196505,0,1,-90.5565554908,0.450040653591498,0.450040653591498,-201.218611625692,0.450040653591498,-342.221141225017,5252,"GGW: Third Phase of the Community Action Program"
"62",1036.27232643653,1589.22333684244,219.114109479183,0.650033506986905,29.2219836709019,105.584996480945,0,0.00302415203088,13.440396,2.110168,137.209221641139,0,40.5155150958069,35.7,23.5,29.6472066975738,11.7102977723,1467.3036733,0,1,-152.935065768,0.708688759112183,0.708688759112183,-215.800044521083,0.708688759112183,18.9094838033305,5252,"GGW: Third Phase of the Community Action Program"
"63",1845.60902873183,1559.38712008501,328.295429323542,0.384503858705747,116.792463062563,28.6334705352783,0,0,14.706561,4.710168,128.8,0,30.5083333333333,35.5,22.2,29.3666666666667,0,1320.48346464,0,1,-55.4885517569,0.661968289768081,0.661968289768081,-83.8235797916246,0.661968289768081,-38.7712201627372,5252,"GGW: Third Phase of the Community Action Program"
"64",2193.71104993998,4057.39614919275,438.643681553431,0.229829244880446,125.071549845363,1.26218199729919,0,0,16.592754,7.611448,88.1,0,14.5166666666667,36.1,20.5,30.2666666666667,0,1215.11363639,0,1,-52.0906114977,0.628956312269021,0.628956312269021,-82.8207150187873,0.628956312269021,-38.7712201627372,5252,"GGW: Third Phase of the Community Action Program"
"65",1138.13050389312,4000.25727674327,451.328878971416,0.538761770485501,300.957358394067,1.41314995288849,0,0,15.322477,6.079918,125.064693252744,0,30.0171195118718,34.5285122097824,21.0857438951088,28.5951616043023,0,1402.22477443,0,1,-38.0485076,0.571616876235421,0.571616876235421,-66.562953582794,0.571616876235421,20.8546104655396,5252,"GGW: Third Phase of the Community Action Program"
"66",1843.22887708016,6026.0540787874,248.096477096734,0.329711711994185,400.386802646648,18.4980201721191,0,0,14.406685,3.410168,132.419103904913,0,32.039863092231,35.5496050462621,23.0750846329438,29.6101322059388,0,1330.9931172,0,1,-76.9455866715,0.599508327035982,0.599508327035982,-128.347819707401,0.599508327035982,-38.7712201627372,5252,"GGW: Third Phase of the Community Action Program"
"67",1849.41779281061,1917.14211279383,265.695181276878,0.663053854663203,233.236699576958,10.3791303634644,0,0,14.53996,2.160168,124.3,0,32.9416666666667,36.2,23.5,30.1916666666667,0,1182.42703845,0,1,-56.9626452946,0.724346079478206,0.724346079478206,-78.6400960927875,0.724346079478206,20.8546104655396,5252,"GGW: Third Phase of the Community Action Program"
"68",1649.05406230593,1435.79952629034,251.419773804576,0.559193290332373,108.552676096727,23.5513478066044,0,0.000219234681071,13.48305,2.362168,137.8332037832,0,40.1654723127173,35.6631369868301,23.5474079137654,29.650443049101,0,1509.43184969,0,1,-166.874194873,0.71691942343299,0.71691942343299,-232.765621098558,0.71691942343299,-51.3602833949098,5252,"GGW: Third Phase of the Community Action Program"
"69",1551.59393994202,4511.13683875203,201.983855785901,0.579555311245866,314.035294308362,65.7332291663338,0,0.250386317159,12.307476,3.510168,207.7,0.7,62.1666666666667,34.3,25.2,29.0666666666667,0,2275.10583114,0,1,-168.407491938,0.632055074218872,0.632055074218872,-266.444331842644,0.632055074218872,-171.473552439412,5252,"GGW: Third Phase of the Community Action Program"
"70",2737.36948078129,2784.70951843171,246.012938438106,0.400995737097752,199.852785698701,13.7997303009033,0,0.131650837382,13.007227,1.410168,130.55,0,39.8833333333333,34.8,23.4,29.2125,0,1780.20450088,0,1,-218.956592926,0.599441822434516,0.599441822434516,-365.267461714217,0.599441822434516,-11.0404041860348,5252,"GGW: Third Phase of the Community Action Program"
"71",2803.0699426562,2749.90110796353,359.403876136432,0.795257221002554,213.483895045987,64.1845684800225,0,7.18366880914e-06,13.906766,6.010288,150.155711504127,0,33.5043525171978,34.7,21.5001087905548,28.6666938643054,0,1648.09412244,0,1,-134.318619622,0.500379521950286,0.500379521950286,-268.433486443406,0.500379521950286,-51.3602833949098,5252,"GGW: Third Phase of the Community Action Program"
"72",1416.99527303751,2058.06028353025,274.335211318789,0.255506150127948,342.391937438511,7.78533601760864,0,7.6698225278e-05,15.074865,-7.379982,142.3,0,32.2416666666667,35.7,24.2,29.7916666666667,0,1542.97194346,0,1,87.0707951269,0.696238368776327,0.696238368776327,125.058886484425,0.696238368776327,-342.221141225017,5270,"GGW Natural Resources Management in a Changing Climate in Mali "
"73",2176.76091112364,2981.38042143536,300.842762129034,0.736195232246602,274.649154440767,7.68880067583384,0,0.416571746085,14.606603,-10.389831,173.6,0,37.8083333333333,35.1,24,29.0416666666667,0,2032.32917818,0,1,62.7608876862,0.60374744743263,0.60374744743263,103.952220341608,0.60374744743263,234.722731571193,5270,"GGW Natural Resources Management in a Changing Climate in Mali "
"74",2147.7807389939,5829.4054360864,351.886590117155,0.524300552292452,327.918563312503,27.0531315827174,0,0.629231258955,13.656983,-7.422832,244.5,0,48.5833333333333,33.8,24.9,28.7916666666667,0,2239.68519708,0,1,-68.8999859615,0.564408942131427,0.564408942131427,-122.07458248501,0.564408942131427,-51.3602833949098,5270,"GGW Natural Resources Management in a Changing Climate in Mali "
"75",4972.97868191821,1925.50108220295,393.533527474605,2.6755228592229,123.136567071716,54.5185390525175,1.29999995232,8.23835280809,9.741593,0.993498,277.571428849685,0,97.4357143671892,29.6714285569836,24.3714285569836,26.5559523668875,0,2358.87985041,1,1,-171.65574278,0.0742043133790959,0.0742043133790959,-2313.28523859581,0.0742043133790959,-171.473552439412,4709,"GGW: Integrated Disaster and Land Management (IDLM) Project"
"76",1886.20154343238,1834.06088272109,10.8372226877935,0.350522774800029,19.4310840705584,1865.61534662427,0,6.5983074274,6.076558,1.235168,142,3.1,60.1916666666667,29.1,25.1,27.25,13.1374943613,1296.49970407,1,1,-132.386374076,0.385899266484128,0.385899266484128,-343.059408436178,0.385899266484128,18.9094838033305,4709,"GGW: Integrated Disaster and Land Management (IDLM) Project"
"77",1559.48730973192,1689.19015514128,97.6873566267639,0.454849576272632,128.912519580743,91.4051435058496,0,17.5360955747,6.492317,0.660168,183.008910564613,15.4559583341557,101.76277549081,28.8222418699588,25.1222418699588,27.1370550474622,0.478139950332,2294.86744118,1,1,-135.804823929,0.0718072609189994,0.0718072609189994,-1891.24083262543,0.0718072609189994,-210.867188511687,4709,"GGW: Integrated Disaster and Land Management (IDLM) Project"
"78",1245.01059016649,1864.43153395944,347.585592608682,0.750793548548491,89.3219739307742,33.0156082314109,0.709999978542,15.6920887141,8.941799,1.326838,396.540049709663,3.03649528646547,152.450110182067,28.4722006494992,23.4866302469955,25.8776605702896,0.252686040052,2835.7504241,1,1,14.1939465425,0.0725795637730338,0.0725795637730338,195.563954984442,0.0725795637730338,217.600335508165,4709,"GGW: Integrated Disaster and Land Management (IDLM) Project"
"79",2870.77706526106,4724.49028054138,634.704261640476,5.83359039159564,333.016837396728,77.4653428864123,0,39.4626347332,7.575449,0.893498,245.809523729781,0,109.932936419014,27.5142857223952,23.6761904839621,25.5575396897763,0,2875.88829981,1,1,15.0656374808,0.020472070280648,0.020472070280648,735.911770244426,0.020472070280648,217.600335508165,4709,"GGW: Integrated Disaster and Land Management (IDLM) Project"
"80",1406.2387514739,1845.71877614337,30.3185387490821,0.524581328092126,63.0627131170754,279.051843180966,0,8.08602998802,6.24236,1.443498,142,3.1,60.1916666666667,29.1,25.1,27.25,1.12369353157,2324.92721634,1,1,-151.855781635,0.091782313324151,0.091782313324151,-1654.52118316832,0.091782313324151,-185.239402480852,4709,"GGW: Integrated Disaster and Land Management (IDLM) Project"
"81",1421.97179832807,3677.57928859602,259.679911232101,0.736295298774859,182.758625337085,30.8979241864308,0,15.1058884214,8.358607,1.143498,244.088439918685,0,101.673783149335,29.6109984397533,25.2221996879507,27.1823998959836,0,2575.43792797,1,1,1.52644358917,0.0862050545534384,0.0862050545534384,17.7071239856795,0.0862050545534384,217.600335508165,4709,"GGW: Integrated Disaster and Land Management (IDLM) Project"
"82",1720.92086232307,3010.7333217861,343.484971422154,3.11453861189011,165.692403148016,77.3122400341956,0,25.2165951977,7.342156,0.843498,253.356906356645,9.57299896881516,129.771848150375,25.5998358999654,21.556938911403,23.7438839106356,0,2817.3616373,1,1,-7.36279652083,0.0224686946440742,0.0224686946440742,-327.691333985521,0.0224686946440742,217.600335508165,4709,"GGW: Integrated Disaster and Land Management (IDLM) Project"
"83",2479.10261108546,2727.76357542629,191.014105503321,0.930487618518605,193.795496138319,29.607629776001,55.5999984741,8.76737505307,9.52499,0.543498,246.2,0,88.25,31.3,26,28.1416666666667,0,2593.2064839,1,1,-63.064357495,0.132064714808502,0.132064714808502,-477.526170305559,0.132064714808502,-171.473552439412,4709,"GGW: Integrated Disaster and Land Management (IDLM) Project"
"84",2805.96748963162,1768.29107343532,281.177938838315,2.50125542500109,312.303857681898,89.0009536743164,23.1100006104,1.51527016724,10.611628,0.117388,219.4,0,69.5416666666667,32.1,25.4,28,0,2181.93692803,1,1,-69.917386415,0.143119529351969,0.143119529351969,-488.524429416299,0.143119529351969,-171.473552439412,4709,"GGW: Integrated Disaster and Land Management (IDLM) Project"
"85",2165.3615092902,172.54588540874,14.4429791790689,0.168592583880329,95.8836768331637,160.810492021523,58.9299964905,0.000139067272815,15.819975,-16.349731,102.616863987406,0,27.6221398530647,29.2554321032746,23.5889135793451,26.4379526752729,0.627236739604,1662.12026117,0,1,-136.584339122,0.657758491273678,0.657758491273678,-207.65119862994,0.657758491273678,-210.867188511687,5449,"PSG- Sustainable and Inclusive Agribusiness  Development Project "
"86",2625.53065850445,2165.60483411256,275.830677255365,0.221228569917578,388.672583181229,7.78680277024793,0,0.000629713756599,14.89731,-7.543722,170.341490795176,0,35.2106038889714,35.6110707010801,24.1444126937058,29.719395375121,0,1773.48723152,0,1,75.9932140023,0.599752110731745,0.599752110731745,126.707705804624,0.599752110731745,-342.221141225017,5270,"GGW Natural Resources Management in a Changing Climate in Mali "
"87",2302.47886277611,2156.61492150479,277.909795382131,0.748550776695723,329.513152296303,89.5243436152982,0,0.822817779919,10.813788,0.001558,219.4,0,69.5416666666667,32.1,25.4,28,0.879650899378,2007.7154909,1,1,-92.3368388817,0.139572506702055,0.139572506702055,-661.568965575801,0.139572506702055,-185.239402480852,4709,"GGW: Integrated Disaster and Land Management (IDLM) Project"
"88",1839.72261314519,1568.72537747958,689.05899794155,0.195802356847066,328.72359076148,4.46820783615112,0,0,32.397341,38.111268,31.0529187491019,0,7.05935257905144,30.4972202389506,6.35013898805247,19.569269717743,2.52748595715,1317.51687909,0,1,-17.9897648992,0.0391465384172956,0.0391465384172956,-459.549314614541,0.0391465384172956,18.9094838033305,5026,"MENA: Badia Ecosystem and Livelihoods Project (BELP)"
"89",1109.93389920061,2152.38736499823,179.247235860635,0.395202715213628,298.906431953319,60.4848204983749,0,1.42677434511,11.839024,3.210168,259.176672719356,0,77.6394157919603,34.3443803559352,24.9887607118704,29.0823726927982,0.0172297938225105,2343.48378838,0,1,-282.835106585,0.628335147329828,0.628335147329828,-450.134148609919,0.628335147329828,-11.0404041860348,5252,"GGW: Third Phase of the Community Action Program"
"90",1433.72293001119,2372.01273552209,237.163417587904,0.687209356412517,219.33260324306,108.674170660581,0,3.56740546126e-05,13.875788,3.108498,134.24256509489,0,35.1533954515672,35.2,23.6002900029808,29.4195008339129,0,1413.34296279,0,1,-107.007991042,0.701194043215264,0.701194043215264,-152.608243149534,0.701194043215264,-51.3602833949098,5252,"GGW: Third Phase of the Community Action Program"
"91",2472.91982108404,2981.44106171812,390.086115156383,0.356351415846856,296.696716874844,20.8566655581657,0,0,14.570508,6.827388,145.942857044783,0,32.9666666586839,34.6,21.0714285729491,28.6333333333333,0,1603.74050518,0,1,-60.0292698138,0.471642591177577,0.471642591177577,-127.277033365289,0.471642591177577,-38.7712201627372,5252,"GGW: Third Phase of the Community Action Program"
"92",3139.11838093645,2228.68471240525,410.01220399211,0.19128470235614,215.29667923663,98.2552939390456,0,0,14.050159,7.224058,176.8,0,35.725,34.4,20.5,28.25,0,1574.59059481,0,1,36.7716676962,0.43141584330331,0.43141584330331,85.2348569645538,0.43141584330331,-38.7712201627372,5252,"GGW: Third Phase of the Community Action Program"
"93",2789.40671708672,2715.05268540014,412.16109455639,0.290817967175618,130.633222283593,103.638387676949,0,1.66740414543e-05,13.484159,7.271768,200.822703021519,0,36.8350380197339,34.8050958946407,20.6209132455339,28.4020350116051,0.0104719050724318,1768.19070151,0,1,-128.78643554,0.436863334347548,0.436863334347548,-294.797996110938,0.436863334347548,-342.221141225017,5252,"GGW: Third Phase of the Community Action Program"
"94",1860.56229052202,2910.73151502741,388.062925891332,0.285409523016789,230.644567169474,93.4008809132675,0,0,13.881066,7.225448,189.253168044798,0,35.9676612347038,34.7097802996218,20.6239121198487,28.3997271448172,0,1628.73839942,0,1,-0.98391755873,0.458228240708106,0.458228240708106,-2.14722156192193,0.458228240708106,-38.7712201627372,5252,"GGW: Third Phase of the Community Action Program"
"95",1332.39248960613,2143.45525673983,374.140165244223,0.107383676126402,190.381420212077,66.5004072768526,0,0.000224342472864,12.97391,9.260168,163.143890253893,0,36.9952202089586,33.788714682279,19.9664576187348,28.082183842258,0.0524659162294654,1778.12200184,0,1,-142.652940867,0.427971613236691,0.427971613236691,-333.323371118321,0.427971613236691,-342.221141225017,5252,"GGW: Third Phase of the Community Action Program"
"96",1640.17936970871,1895.05370647177,210.832677528495,0.575308588074179,67.8880114092333,44.3306981086232,0,0.0520704247739,13.257135,2.159058,150.4,0,42.8416666666667,35.7,23.5,29.625,1.79688674268618,1593.85207775,0,1,-230.570312769,0.699616809318046,0.699616809318046,-329.566570868629,0.699616809318046,-185.239402480852,5252,"GGW: Third Phase of the Community Action Program"
"97",1193.07853807723,5236.24454173552,670.468997283989,1.21494535781915,888.652678588402,0.617100624570223,80.5899963379,0.000224842342513,18.971147,8.310168,25.5373876568397,0,5.34489925637625,33.7668226021861,17.5336452043723,27.4706519206139,0,1150.11340318,0,1,-62.0265535585,0.399489014402057,0.399489014402057,-155.264728997215,0.399489014402057,20.8546104655396,5252,"GGW: Third Phase of the Community Action Program"
"98",1572.17408618995,3017.56355914698,453.406543299547,0.31689285043485,230.584910405095,103.592513180039,0,0.00166037314594,13.011946,8.538498,175.9,0,39.575,33.7,19.7,27.9083333333333,0,1920.64756837,0,1,-122.398610354,0.404378671160041,0.404378671160041,-302.683150926024,0.404378671160041,-210.867188511687,5252,"GGW: Third Phase of the Community Action Program"
"99",1344.74735909434,1776.67971934079,210.260149298109,0.354021840671423,136.153353329659,65.5571394132464,0,0.00837087744106,13.079981,2.742108,175.1,0,47.8333333333333,35.4,24,29.7416666666667,0.00655692370113298,1804.24173434,0,1,-158.229970943,0.702441947915983,0.702441947915983,-225.25700723375,0.702441947915983,-342.221141225017,5252,"GGW: Third Phase of the Community Action Program"
"100",799.07162804857,1608.83496878227,212.462974853648,0.304789054713927,151.450661101273,112.888623531133,0,0.00079528473914,13.659482,2.891838,142.433333363688,0,38.5240740911675,35.4222222259015,23.6888888870492,29.5462962977527,0,1479.42224029,0,1,-132.538177398,0.735632692266535,0.735632692266535,-180.168960394678,0.735632692266535,-342.221141225017,5252,"GGW: Third Phase of the Community Action Program"
"101",2432.52584784301,3418.74066665153,1244.76647231343,5.54237371104121,1732.75080784165,0.617100596427917,0,0.000330933427759,18.019435,8.689338,39.1,0,6.64166666666667,31.8,15.8,25.7166666666667,0,1258.67871372,0,1,-87.2311429871,0.113897235543116,0.113897235543116,-765.875857927023,0.113897235543116,20.8546104655396,5252,"GGW: Third Phase of the Community Action Program"
"102",2310.08568522061,3546.83946187451,288.049191881536,0.882491870365718,447.645856701984,33.1290355984128,0,0.00418889718134,13.407079,0.926838,129.781786115301,0,39.7629358703175,35.0163116629567,23.6611169285185,29.5011953809898,0,1556.35448405,0,1,-171.762547616,0.613220991308547,0.613220991308547,-280.098936681012,0.613220991308547,-51.3602833949098,5252,"GGW: Third Phase of the Community Action Program"
"103",2374.30789832883,1746.07342757857,372.299053782381,0.371689161294131,111.732511701985,63.69179033718,0,0,13.778606,6.884338,191.328571458982,0,35.4305555593006,34.7142857152994,20.7,28.3420634928801,0,1663.21296011,0,1,-48.2347127647,0.459851864135007,0.459851864135007,-104.891850020943,0.459851864135007,-38.7712201627372,5252,"GGW: Third Phase of the Community Action Program"
"104",1416.0908543746,2028.34770697661,212.32703352876,0.4853685500624,120.993007596065,46.9679893628142,0,9.51796979053e-05,13.755845,1.517108,109.7,0,33.9083333333333,35.5,23.6,29.625,0.156845560888684,1397.32152578,0,1,-114.005630943,0.731567061324444,0.731567061324444,-155.837567012109,0.731567061324444,-51.3602833949098,5252,"GGW: Third Phase of the Community Action Program"
"105",1350.07220009685,1219.31702343051,213.921251043978,0.608362554434491,12.8866968967113,112.592720272475,0,0.0352385702832,13.4304,2.039608,138.152642464625,0,40.6818843403526,35.7,23.5,29.6456184470293,21.5204077750982,1502.20500698,0,1,-185.522727774,0.644926185026363,0.644926185026363,-287.665056996277,0.644926185026363,18.9094838033305,5252,"GGW: Third Phase of the Community Action Program"
"106",1665.10573047462,3782.34098077379,474.554007619853,0.459801647137772,641.826496211987,1.41314995288849,0,9.44329315822e-06,15.527876,5.656838,117.8,0,28.4,34.6,21.1,28.6416666666667,0,1452.65900433,0,1,-34.8059459202,0.452492769765457,0.452492769765457,-76.9204465703201,0.452492769765457,-38.7712201627372,5252,"GGW: Third Phase of the Community Action Program"
"107",2627.11808972874,6316.50622127565,378.820333868325,0.50224280415385,392.176051142009,111.015502929688,0,2.13530645912e-05,14.431395,6.167388,138.48896651783,0,32.6159081579477,34.5778850765301,21.338942538265,28.5602567176867,0.091216776263836,1756.90670071,0,1,-151.391633903,0.451700643115096,0.451700643115096,-335.159217084454,0.451700643115096,20.8546104655396,5252,"GGW: Third Phase of the Community Action Program"
"108",2791.11345882388,1889.43253617683,436.559334367789,1.39669726974693,113.396401483601,46.7508207112758,0,3.08018026925e-05,14.773203,5.443498,135.261904733184,0,30.6964285682186,35.4904761921657,21.8761904768663,29.3428571441242,0,1479.25542582,0,1,-104.504220877,0.633471222284702,0.633471222284702,-164.970747211043,0.633471222284702,20.8546104655396,5252,"GGW: Third Phase of the Community Action Program"
"109",1455.45764497447,2417.46502282728,250.454723420917,0.551773755360475,199.1621860139,10.5339926179106,0,0,14.367261,1.941558,125.758788420223,0,34.8021287903495,35.7897213718772,23.5,29.8522641442862,0,1255.52928922,0,1,-18.2846750787,0.725557498632593,0.725557498632593,-25.2008629407867,0.725557498632593,20.8546104655396,5252,"GGW: Third Phase of the Community Action Program"
"110",2896.7097466829,3305.62002922161,467.357428603826,0.223456652459266,125.025650265402,39.6012274382794,0,0,14.024059,8.766558,100.3,0,21.3833333333333,34.3,20.6,28.7333333333333,0,1497.02609235,0,1,-44.697281716,0.509386396282481,0.509386396282481,-87.7473015420166,0.509386396282481,-38.7712201627372,5252,"GGW: Third Phase of the Community Action Program"
"111",2442.45243571846,1745.6737328026,441.587527453637,0.317631059464469,198.14362536874,109.418998718262,0,0.00010778284537,13.3769,7.652278,209.144932977869,0,42.3806573632944,34.1839668458394,20.1839668458394,27.9856968637567,0.376916254988663,2013.68645069,0,1,-163.926352985,0.385649696359691,0.385649696359691,-425.065427335661,0.385649696359691,-210.867188511687,5252,"GGW: Third Phase of the Community Action Program"
"112",1703.74540480696,1803.49304719123,248.085520328743,0.398784645697378,134.415507907649,47.0458294671563,0,0.000553328096391,13.177995,3.602668,165.9,0.2,43.9583333333333,34.5,24.6,29.225,0,1764.45157333,0,1,-104.303690983,0.698625426629468,0.698625426629468,-149.298446645744,0.698625426629468,-342.221141225017,5252,"GGW: Third Phase of the Community Action Program"
"113",2161.19183038548,3826.47426423942,244.87700599558,0.450715304998114,266.02471785285,27.7087277507989,0,0,14.392801,1.215168,105.839875459498,0,29.6995244719804,35.8,23.7224450995367,30.057523489342,0,1319.66732138,0,1,-49.019459507,0.697308453099312,0.697308453099312,-70.2981002010291,0.697308453099312,-38.7712201627372,5252,"GGW: Third Phase of the Community Action Program"
"114",1495.66589492535,8277.22653910703,461.691268328537,0.296645163520446,338.129758949289,1.41314995288849,0,0,15.573406,6.284058,103.2,0,25.2583333333333,34.7,21,28.8166666666667,0,1199.11643788,0,1,-7.74667563119,0.574112940208898,0.574112940208898,-13.4932956368677,0.574112940208898,-38.7712201627372,5252,"GGW: Third Phase of the Community Action Program"
"115",1612.72560909616,2882.18660041674,515.960223752623,0.677911677943148,322.362301307094,0.617100580886103,0,5.58258463956e-05,18.387299,7.694608,49.308757183566,0,9.47613843386358,36.0798598850629,20.0197898275944,29.9131932183963,0,1223.10436811,0,1,-63.0746266737,0.619267699673218,0.619267699673218,-101.853571092088,0.619267699673218,20.8546104655396,5252,"GGW: Third Phase of the Community Action Program"
"116",2546.90648274123,1652.12200011142,468.453479385293,0.351528819206818,141.532789978865,120.57141527601,0,0.00104377473757,13.293231,8.364058,196.044444563562,0,43.5870370607608,33.7777777782377,20.0111111129508,27.9925925930908,0.460899066315096,1782.3116776,0,1,-168.532587843,0.439588425162054,0.439588425162054,-383.38722813475,0.439588425162054,-210.867188511687,5252,"GGW: Third Phase of the Community Action Program"
"117",2313.93538119067,5600.34085487148,238.122804857576,0.33647415339788,311.324806879213,25.1351784112986,0,0,14.433344,1.189058,107.271824953599,0,29.5583668490863,35.8,23.6525939047025,30.0211426586992,0,1338.35836469,0,1,-28.3293314583,0.668211972735094,0.668211972735094,-42.3957256293144,0.668211972735094,-38.7712201627372,5252,"GGW: Third Phase of the Community Action Program"
"118",1556.84563764999,7042.78682443854,889.621090184765,0.311476934690863,377.145899011793,1.83701705932617,0,0,30.222567,36.623928,14.7,0,5.25833333333333,28.7,7.2,18.9666666666667,0,1390.49418788,0,1,-55.5406176997,0.0459909043896682,0.0459909043896682,-1207.64352075184,0.0459909043896682,-106.812365631374,5026,"MENA: Badia Ecosystem and Livelihoods Project (BELP)"
"119",1957.40384545115,1290.15484627453,6.93347052021614,0.173799686235124,93.2645114802326,33.546627230352,12.0799999237,0.320610948889,16.144815,-15.930111,54.7,0,16.0333333333333,30.7,24,28.25,0.299946848714923,1383.54815339,0,1,3.55773119726,0.692730790666212,0.692730790666212,5.1358063553642,0.692730790666212,-11.0404041860348,5449,"PSG- Sustainable and Inclusive Agribusiness  Development Project "
"120",2362.4060129952,2963.44604315256,942.848255189677,2.80611951977937,446.079155759936,0.239504098892212,142.289993286,0,25.982941,5.910168,9.64405717510484,0,2.40552845558088,34.7794204035565,11.9205795964435,24.1642575837559,0,838.783246487,1,1,-1.39217746926,0.0644421920898681,0.0644421920898681,-21.6035088831015,0.0644421920898681,20.8546104655396,3952,"MENARID: Conservation of Globally Significant Biodiversity and Sustainable Use of Ecosystem Services in Algeria’s Cultural Parks "
"121",1271.86135928504,11732.1492277315,459.379099239704,0.112992973007591,346.962653418409,11.874119758606,0,0,15.463215,34.949978,139.207566234922,0,19.3776947963424,34.1208124634117,23.2785884584173,30.1457200523964,0,1223.19660492,0,1,-15.0090559411,0.608281775578996,0.608281775578996,-24.6745119510009,0.608281775578996,69.639566307886,5619,"GGW Sudan Sustainable Natural Resources Management Project SSNRMP"
"122",2458.09246346072,4030.87439075267,1943.23823206789,4.87043353733931,150.251260921365,0.239504098892212,1,0,23.06854,5.743498,58.3,0,9.025,24.5,7,16.5583333333333,0,1012.87388184,1,1,-27.2144658451,0.0115877858250953,0.0115877858250953,-2348.54753581677,0.0115877858250953,-106.812365631374,3952,"MENARID: Conservation of Globally Significant Biodiversity and Sustainable Use of Ecosystem Services in Algeria’s Cultural Parks "
"123",1205.953292972,4338.4367415306,659.831730146358,0.180344526512099,419.625478748641,4.46820783615112,207.479995728,0,32.499862,37.876408,37.5771518128269,0,9.5475821753923,30.9087845924949,6.41810120855128,19.894081055155,0,1155.27376309,0,1,-12.0604116327,0.116522908912838,0.116522908912838,-103.502493588805,0.116522908912838,69.639566307886,5026,"MENA: Badia Ecosystem and Livelihoods Project (BELP)"
"124",2855.69967172961,2032.45598689102,371.966994965017,0.822586467992174,132.860368331882,14.9058920873414,1,12.8631217569,9.704023,2.590338,363.6,0,93.5916666666667,29,24.4,26.4916666666667,0.0337346057761878,2856.2401835,0,1,60.6362613879,0.287249404449898,0.287249404449898,211.092731433238,0.287249404449898,-171.473552439412,5215,"GGW: Forests and Adjacent Lands Management Project"
"125",1179.04552066874,3466.26504604645,381.058764811441,0.831360149902257,172.099104577764,20.1642745775248,81.8499984741,13.274666095,10.236596,1.769088,262.2,0,80.95,30.9,25.2,27.5333333333333,0,2786.91886921,0,1,-245.592047677,0.562805737798946,0.562805737798946,-436.370902396049,0.562805737798946,-171.473552439412,5215,"GGW: Forests and Adjacent Lands Management Project"
"126",2323.55298566858,6936.72341117254,294.172865918553,0.928516982938211,295.206982628576,21.1772990258675,198.509994507,22.6923137225,8.547444,2.598358,263.9,0,90.4583333333333,29.6,24.7,26.975,0,2426.06727725,0,1,-61.5028424014,0.493665888382767,0.493665888382767,-124.583941991376,0.493665888382767,217.600335508165,5215,"GGW: Forests and Adjacent Lands Management Project"
"127",1891.70277486127,9778.77995346902,254.41707153264,0.655958079125596,715.718251222012,25.9375794520387,260.140014648,9.16118342427,11.413102,3.143078,265.192365489669,0,82.4655052149981,33.8996449064962,24.950044386688,28.8498150554668,0,2765.76084612,0,1,-361.282012067,0.650368965538834,0.650368965538834,-555.503154686473,0.650368965538834,193.298471474161,5215,"GGW: Forests and Adjacent Lands Management Project"
"128",1420.93919099072,11437.1973622426,311.149350884754,0.733724713521326,747.629483537797,11.3318240626144,248.869995117,25.5110979713,8.616727,1.695658,274.1,0,94.55,29.5,24.7,26.8333333333333,0,2736.29540572,0,1,248.132851883,0.380645975584206,0.380645975584206,651.873046870315,0.380645975584206,217.600335508165,5215,"GGW: Forests and Adjacent Lands Management Project"
"129",1657.58603257451,4281.52749788076,303.357710087257,0.67116594926891,353.42184169072,17.7961052074804,259.260009766,12.5770771041,10.443757,3.155938,301.872562775223,0,93.9810199340241,32.0325064400602,25.0333692852148,27.8774032790128,0,2829.41818795,0,1,-172.870727248,0.697812309269016,0.697812309269016,-247.732413074066,0.697812309269016,193.298471474161,5215,"GGW: Forests and Adjacent Lands Management Project"
"130",1609.95470496377,8602.41708626962,269.425177405638,1.06298662349363,290.98626860122,11.5173597335815,258.089996338,19.6185491539,8.899659,2.103158,311.662529601035,1.02143732315465,92.4974457203594,29.0441031839803,24.1885135023783,26.5014793091785,0,2755.48104765,0,1,181.312129004,0.503247174973581,0.503247174973581,360.284444743318,0.503247174973581,193.298471474161,5215,"GGW: Forests and Adjacent Lands Management Project"
"131",1761.83292732857,7165.48969716444,269.127108138802,1.18296899390454,458.343159608164,18.9096314568886,229.619995117,12.2121340228,10.957834,3.146528,265.456118623648,0,83.9156717741552,33.3442391196846,25,28.5489518569551,0,2869.88123817,0,1,-149.635822364,0.651125413504568,0.651125413504568,-229.811061372358,0.651125413504568,-171.473552439412,5215,"GGW: Forests and Adjacent Lands Management Project"
"132",2483.24061399393,2350.87698513282,461.53320244732,1.77746354139352,129.938891973056,20.9755375405167,2,10.7228615811,10.268217,1.592918,262.2,0,80.95,30.9,25.2,27.5333333333333,0,2761.94917149,0,1,-277.613825699,0.495528049799695,0.495528049799695,-560.238367558039,0.495528049799695,-171.473552439412,5215,"GGW: Forests and Adjacent Lands Management Project"
"133",2716.04002717699,3362.07834601874,317.406549870203,0.882586963190197,176.921202020743,12.5218234470421,35.3499984741,18.0485242204,8.748246,2.528818,263.9,0,90.4583333333333,29.6,24.7,26.975,0,2565.6712591,0,1,49.9034850763,0.36941985554366,0.36941985554366,135.086093309357,0.36941985554366,217.600335508165,5215,"GGW: Forests and Adjacent Lands Management Project"
"134",1612.28736213059,11384.6824127267,285.861458652933,0.50132946617066,549.361292088343,12.8075304031372,259.559997559,12.4297732812,10.686346,2.324188,288.649999963678,0,85.9483332849977,31.749999997206,25.9100000050291,28.033333333799,0,2738.18844333,0,1,-203.160375594,0.670340524547941,0.670340524547941,-303.07040698607,0.670340524547941,193.298471474161,5215,"GGW: Forests and Adjacent Lands Management Project"
"135",3070.17167437588,3555.66525357516,241.737804196704,0.764545449077507,330.920519800351,22.6235924077758,250.369995117,23.5128850075,8.158653,1.660168,211.9,0,94.3666666666667,29.3,24.8,26.9916666666667,0,2659.06596017,0,1,113.378837512,0.541406519930667,0.541406519930667,209.415353044731,0.541406519930667,217.600335508165,5215,"GGW: Forests and Adjacent Lands Management Project"
"136",857.234181544108,6771.4297864473,114.824299587464,0.665207603696957,196.926461758942,50.5295363841569,128.570007324,16.880814258,7.142196,1.343498,235.314285309065,6.00000005321843,104.604761888986,29.1142857135255,25.0857142864745,27.1214285720621,0,2615.95842548,1,1,57.4816390337,0.115044110227828,0.115044110227828,499.648690574999,0.115044110227828,217.600335508165,4709,"GGW: Integrated Disaster and Land Management (IDLM) Project"
"137",1884.47490202547,2166.41497774812,305.023598775878,0.831267251418766,107.067897870497,22.1203795515528,221.940002441,23.2831411312,8.575227,1.260168,284,0,105.875,30,25.3,27.2083333333333,0,2684.20001811,1,1,34.3138263643,0.158551841510468,0.158551841510468,216.420232255925,0.158551841510468,217.600335508165,4709,"GGW: Integrated Disaster and Land Management (IDLM) Project"
"138",893.636254870962,1925.8532224302,516.835294449689,0.303862203212968,157.229982227786,90.8454170932231,81.0200042725,5.00923834416e-05,31.727188,36.742618,47.3,0,11.5,29.8,7.7,19.7916666666667,3.68278572272196,1055.09474118,0,1,-27.4725746027,0.101585520182839,0.101585520182839,-270.437898563235,0.101585520182839,18.9094838033305,5026,"MENA: Badia Ecosystem and Livelihoods Project (BELP)"
"139",2364.59346085061,1959.66463571965,496.403747647255,0.82772519284796,75.4748526102034,306.448456139147,0,0.0510584378143,31.394379,-8.423162,89.6766049550172,2.50481295668653,30.4001788937767,25.0453207365548,12.7453207365548,18.6496322375662,1.5105115780549,1334.79130229,0,1,95.7365248354,0.220582337933827,0.220582337933827,434.017182572977,0.220582337933827,-106.812365631374,5292,"MENA: Morocco GEF Social and Integrated Agriculture (ASIMA)"
"140",5747.25789278369,4323.6677809601,2054.95804384432,5.96188400952884,289.069466803356,27.2146993587499,252.920013428,0.00208007566076,30.56195,-7.589831,65.8,2.05,24.0666666666667,23.5,5.95,14.4416666666667,0,1420.22947056,0,1,34.6840502217,0.209765680359984,0.209765680359984,165.346638983927,0.209765680359984,-106.812365631374,5292,"MENA: Morocco GEF Social and Integrated Agriculture (ASIMA)"
"141",1737.04143314873,1668.96745440609,157.42075377294,0.824695580670366,130.43762695925,40.8537863267806,20,13.6685753213,7.783225,2.011208,224.3,0,92.9666666666667,29.4,24.8,27.0666666666667,0.218962580841219,2471.09535818,0,1,160.910721546,0.466929912660229,0.466929912660229,344.614292601746,0.466929912660229,217.600335508165,5215,"GGW: Forests and Adjacent Lands Management Project"
"142",1288.75473031521,3580.87384313258,528.520909277544,0.306185227917495,178.372304799683,74.3094198813618,28.5200004578,0,31.651023,36.667758,47.3,0,11.5,29.8,7.7,19.7916666666667,1.14499217095766,1097.66497086,0,1,-45.5592289361,0.0765365325734445,0.0765365325734445,-595.261209310486,0.0765365325734445,-185.239402480852,5026,"MENA: Badia Ecosystem and Livelihoods Project (BELP)"
"143",2115.15598308731,2051.53982815511,553.707280558745,2.59547514697304,54.1317997998426,408.164532638365,30.030002594,22.1671095205,46.285585,6.185818,294.493134689223,30.8417766582942,107.223036052811,19.1422029119394,0.771101455969687,10.5032425236808,20.7756613077954,2563.81265856,0,1,-17.9206809243,0.00351241877843732,0.00351241877843732,-5102.09119547895,0.00351241877843732,-106.812365631374,5026,"MENA: Badia Ecosystem and Livelihoods Project (BELP)"
"144",2735.47704943512,1205.10212498787,22.1014984994625,0.826203443014279,8.96461208129362,1722.89235541662,4.22000026703,0.479738947165,36.724936,10.119858,77.6,7.5,31.4166666666667,27.5,11,19.6833333333333,55.4058389935918,1100.89031976,0,1,5.85908703426,0.178776307717997,0.178776307717997,32.7732858399903,0.178776307717997,18.9094838033305,5423,"GGW: Building Resilience Through Innovation, Communication and Knowledge Services (BRICKS) Project"
"145",2154.27392444518,2424.6532804847,3.46987185433069,0.13956010961147,46.8610538742085,160.185461471838,43.7799987793,0.167713058118,15.969067,-16.556501,85.4922118553588,0,22.3549006422062,29.6229139086833,23.5154172182633,26.4685761590569,5.47754413473606,1407.29029561,0,1,96.7402569617,0.640732572557359,0.640732572557359,150.983828675324,0.640732572557359,200.590669963283,5449,"PSG- Sustainable and Inclusive Agribusiness  Development Project "
"146",1526.61287637576,1864.0088965029,4.05293229577123,0.151103701054792,49.4352298107242,179.29149622268,34.9799995422,0.296308520484,15.968527,-16.515791,85.7914377471614,0,22.4469372183687,29.6164927522068,23.5167014495586,26.4680410626839,4.04836012847062,1565.42295917,0,1,42.5149181773,0.647711016231741,0.647711016231741,65.6387140435617,0.647711016231741,18.9094838033305,5449,"PSG- Sustainable and Inclusive Agribusiness  Development Project "
