"","dist_to_all_rivers.na.mean","dist_to_roads.na.mean","srtm_elevation_500m.na.mean","srtm_slope_500m.na.mean","accessibility_map.na.mean","gpw_v3_density.2000.mean","wdpa_5km.na.sum","treecover2000.na.mean","latitude","longitude","udel_precip_v4_01_yearly_max.2002.mean","udel_precip_v4_01_yearly_min.2002.mean","udel_precip_v4_01_yearly_mean.2002.mean","udel_air_temp_v4_01_yearly_max.2002.mean","udel_air_temp_v4_01_yearly_min.2002.mean","udel_air_temp_v4_01_yearly_mean.2002.mean","v4composites_calibrated.2002.mean","ltdr_yearly_ndvi_mean.2002.mean","treatment","ndvi_pre_post_diff","propensity","ML.prop","transOutcome","transProp","tree.pred","GEF_ID","Title"
"1",2337.03722065877,7200.82004917129,438.547395370479,0.68957361015332,459.821122439707,0.521187901496887,0,0,14.906477,10.410168,106.630407348031,0,20.8882209797374,33.5496492531007,19.3745031085594,28.143352973996,0,1303.02369526,1,116.998390262,0.0607179285013705,0.0607179285013705,1926.91669741927,0.0607179285013705,189.435652272674,5252,"GGW: Third Phase of the Community Action Program"
"2",2557.58215098757,10259.7334276571,428.011216283701,0.339790985868482,478.67630083655,1.41314995288849,0,0,15.906036,5.410168,112.012136355952,0,26.7923750079949,34.7247810451246,21.2248436036604,28.7934502403491,0,1352.40693827,1,40.6980752354,0.0953341600434463,0.0953341600434463,426.899185106921,0.0953341600434463,47.5239669276048,5252,"GGW: Third Phase of the Community Action Program"
"3",1748.2787074499,2026.93018169801,242.729384357849,0.35362497337443,116.563371345033,45.9228839913357,0,0.00906961335233,13.107191,3.510168,165.9,0.2,43.9583333333333,34.5,24.6,29.225,0,1810.5228887,1,-103.590670358,0.220278073677926,0.220278073677926,-470.272272806699,0.220278073677926,-140.241406153985,5252,"GGW: Third Phase of the Community Action Program"
"4",1754.9082288258,2548.34292821905,249.122092368627,0.643104488987754,174.410885646501,16.5394934968059,0,0,14.240083,1.993498,135.542857369416,0,37.0619047963067,35.6,23.5,29.6654761896526,0.394028190051,1278.98945873,1,16.3978245577,0.221325285497734,0.221325285497734,74.0892506738361,0.221325285497734,13.98022748798,5252,"GGW: Third Phase of the Community Action Program"
"5",1027.67856478566,156799.210103763,497.701529913816,0.278740337308003,5112.5086243827,0.617100655957494,270.640014648,0,19.654086,10.160168,11.7,0,2.525,34.7,16.8,27.85,0,884.967732914,1,43.3899328049,1.38851837901072e-05,1.38851837901072e-05,3124908.78484548,1.38851837901072e-05,144.285535767781,5252,"GGW: Third Phase of the Community Action Program"
"6",1381.56285854678,2982.47803520032,57.013370906952,0.771655502612217,153.395161143767,119.246518009864,1.20000004768,20.4930619917,6.409002,1.243498,157.242418599277,2.9000994282062,72.7562505229562,29.1499751429484,25.2499254288453,27.3249627144227,0,2238.14567994,1,94.7702944583,0.0571863807566182,0.0571863807566182,1657.21791105537,0.0571863807566182,-200.121804322932,4709,"GGW: Integrated Disaster and Land Management (IDLM) Project"
"7",1171.14129294829,8262.26852928761,868.299562331708,0.262885555005246,414.643783431371,1.83701705932617,0,0,30.228961,36.493498,13.8409090981826,0,4.97196969939422,28.6727272729582,7.25454545408364,19.0030303027224,0,1346.360816,1,-46.3348462931,0.00417867014268108,0.00417867014268108,-11088.4192125706,0.00417867014268108,-134.156061239317,5026,"MENA: Badia Ecosystem and Livelihoods Project (BELP)"
"8",1193.61589873987,1951.03105193313,386.539953810307,0.223681106359924,82.9285799510478,31.28260645462,0,0,13.407079,32.310168,103.765660840395,0,22.6951497632762,33.2997904904295,22.2003142643558,29.4040662766641,0,1577.32881693,1,-33.0562147831,0.159401087362642,0.159401087362642,-207.377599049222,0.159401087362642,121.506547235576,5619,"GGW Sudan Sustainable Natural Resources Management Project SSNRMP"
"9",1178.31781154622,3258.90060409175,422.342553296967,0.201756808009748,168.731617202101,34.2846240971464,0,0,15.806081,35.560168,123.7,0,17.3333333333333,34.3,24.1,30.5916666666667,0,1048.31703596,1,-39.1535371567,0.253456921278288,0.253456921278288,-154.478074456332,0.253456921278288,47.5239669276048,5619,"GGW Sudan Sustainable Natural Resources Management Project SSNRMP"
"10",1690.6150480416,4502.56430711743,404.852321818259,0.144791860553097,60.3266629291164,69.0419049389772,0,0.0517211895003,14.506644,33.260168,93.9,0,22.0333333333333,34.2,23.8,29.5333333333333,6.40039073186,1915.95080745,1,-45.1105086369,0.190806787854263,0.190806787854263,-236.419831517499,0.190806787854263,47.5239669276048,5619,"GGW Sudan Sustainable Natural Resources Management Project SSNRMP"
"11",1173.79726223137,376.619308011358,40.2083972952078,0.220931176611495,161.784061173019,14.931885222604,14.5100002289,7.94163918883e-05,15.322967,-15.589831,96.5579265759333,0.00554361554089241,23.7348693495861,31.2444563844591,24.8222819222955,28.9907875057982,0.544356804235,1716.39244854,1,-9.73523639846,0.246037837958508,0.246037837958508,-39.5680456276069,0.246037837958508,-186.638043040123,5449,"PSG- Sustainable and Inclusive Agribusiness  Development Project "
"12",1580.91422588256,271.251864909175,38.8045285324526,0.129737407662464,283.030266330661,9.45286646209724,0,0,16.239211,-15.089831,53.1,0,14.6291666666667,32.3,23.6,29.0791666666667,0,1389.7402763,1,-73.1780871438,0.198365271463609,0.198365271463609,-368.905739416312,0.198365271463609,-186.638043040123,5449,"PSG- Sustainable and Inclusive Agribusiness  Development Project "
"13",1089.25390374188,3479.02542205378,345.546656956219,0.546560002262744,290.906625285894,25.0285733702576,0,0.310521388654,13.706964,-7.589831,244.8,0,47.7791666666667,33.6,24.9,28.6583333333333,0,2197.0611989,1,-89.6959560646,0.168368368273771,0.168368368273771,-532.73638620024,0.168368368273771,-78.9076825669169,5270,"GGW Natural Resources Management in a Changing Climate in Mali "
"14",1959.3071284095,3592.67189458768,185.729235305944,0.488510370030337,354.273750234538,7.16240773762244,0,3.61075233629,13.806925,-10.189831,249,0,58.0833333333333,34.6,24.8,28.4916666666667,0,2163.73413083,1,79.6093965992,0.125601563523896,0.125601563523896,633.824885341127,0.125601563523896,-28.3933167033891,5270,"GGW Natural Resources Management in a Changing Climate in Mali "
"15",3443.8690982016,4587.57772627206,780.15115227909,2.66128143605196,800.250392707866,6.82794171764359,0,30.4623059709,10.907929,35.410168,322.82188305065,3.75038166726739,108.652265199746,27.5253604635303,21.4259117606943,23.9712892136805,0,3590.06179777,1,-583.754938254,0.00385567089323455,0.00385567089323455,-151401.650819913,0.00385567089323455,-259.584129468028,5220,"PSG: Sustainable Land Management Project 2"
"16",2086.85748734157,2711.95460199359,473.725116254856,0.483269532314114,791.551325277188,1.10322403907776,257.429992676,43.3434177952,7.742074,34.410168,186.7,19,101.091666666667,30.45,26.1,27.925,0,3308.70498636,1,-378.327967878,0.0244781474181478,0.0244781474181478,-15455.7435011406,0.0244781474181478,-259.584129468028,5220,"PSG: Sustainable Land Management Project 2"
"17",1863.997124461,21370.0283927692,1936.40877552877,8.39229456612238,1076.64930847469,114.132342158196,0,0.39636286625,11.407774,38.410168,350.686817153673,2.39964490649623,92.2326675330138,18.8526632012782,14.8276853946222,16.4234743412676,0,1818.12550647,1,-285.172592774,0.00116992862774127,0.00116992862774127,-243752.128131585,0.00116992862774127,-259.584129468028,5220,"PSG: Sustainable Land Management Project 2"
"18",1218.83823407713,2357.29481315097,1718.79437561976,1.69368161823194,334.322508098343,99.7633358737368,5.57999992371,3.81574889565,7.908708,38.910168,130.561830907919,0.875536575346716,49.1278051549307,20.5487428806163,16.8240341643759,18.5864115185824,0,1959.84378733,1,-140.269527743,0.0101091454184504,0.0101091454184504,-13875.5079620273,0.0101091454184504,-187.786905747311,5220,"PSG: Sustainable Land Management Project 2"
"19",4303.6081712311,9453.21807920461,2591.39162167761,12.2313652033927,726.218678215926,63.4221681346157,8.53999996185,40.3705679389,5.967696,36.637468,186.611480629193,60.4144622821877,114.170519027278,20.3833970438674,17.966641182453,18.8041571100866,0,2779.82464133,1,-62.3327130185,0.00113038510398826,0.00113038510398826,-55142.9002368979,0.00113038510398826,-187.786905747311,5220,"PSG: Sustainable Land Management Project 2"
"20",2441.85415543932,440.761070694802,1985.86962284189,4.51127590289547,151.845804725216,187.834843762877,0,1.58442843272,14.07349,38.743498,220.9,0,52.7083333333333,24.9,19.2,21.9666666666667,1.96616881435,2169.69405763,1,-370.13904255,0.052201034517777,0.052201034517777,-7090.64573086094,0.052201034517777,-214.078240296127,5220,"PSG: Sustainable Land Management Project 2"
"21",2033.80586986582,2678.00451175426,566.751896008818,0.853949891300968,330.900531247706,7.33806800842285,0,0.19394648322,12.157527,21.410168,169.95,0,41.8458333333333,32,21.1,27.5041666666667,0,2236.12056038,1,-71.9731605338,0.0655087257612051,0.0655087257612051,-1098.68051465631,0.0655087257612051,-79.476796509262,4908,"GGW: Agriculture Production Support Project (with Sustainable Land and Water Management)"
"22",1912.94802976163,1642.02792764232,383.329688771319,0.435219086987852,106.878113147722,17.6708602905273,0,11.7973063811,9.241694,18.410168,135.35,0,38.6875,32.8,24.55,27.9791666666667,0,2899.21226442,1,-282.17684983,0.0835452527754481,0.0835452527754481,-3377.53301900267,0.0835452527754481,-235.243262796407,4908,"GGW: Agriculture Production Support Project (with Sustainable Land and Water Management)"
"23",1063.21722351762,3051.41176637521,486.151521441414,0.349424319927495,479.825070071701,5.23780012130737,0,3.86865182182,11.407774,18.410168,180.894496050692,0,38.9100856159522,33.8244451664004,23.1745783264643,28.3328154886403,0,2399.74921323,1,-167.238013945,0.0702380753057214,0.0702380753057214,-2381.0164674512,0.0702380753057214,-140.241406153985,4908,"GGW: Agriculture Production Support Project (with Sustainable Land and Water Management)"
"24",3062.99955896181,8085.95816148434,443.203297657521,0.130198219226228,708.476948762847,2.84316802024841,0,7.81853280265,10.907929,20.410168,207.380534175377,0,48.2579657357252,32.1999575925259,22.3750636112112,27.2769861495384,0,2770.44171667,1,-115.168883758,0.0229157947740305,0.0229157947740305,-5025.74250178379,0.0229157947740305,-235.243262796407,4908,"GGW: Agriculture Production Support Project (with Sustainable Land and Water Management)"
"25",3004.67609653771,329.60041107752,124.646392394307,0.971933395973389,49.6555220211404,425.736214097842,0,21.9173313808,5.325845,7.410168,402.580967746614,0,179.580337404692,28.2888598514613,25.9388971852968,27.1504626172793,5.28924587987,2762.47909344,1,-113.819627685,0.0683564187529757,0.0683564187529757,-1665.09056152163,0.0683564187529757,-200.121804322932,4907,"GGW: Nigeria Erosion and Watershed Management Project (NEWMAP)"
"26",2507.42550672168,1127.96261336155,54.2314940960364,0.722879756296912,241.958392227324,265.101473784651,6.96000003815,15.7228138778,6.24236,6.910168,281.5,0,136.570833333333,29.6,26.3,27.7791666666667,1.79769885028,2443.31582685,1,-49.2630489738,0.0828030247320529,0.0828030247320529,-594.942625987555,0.0828030247320529,-200.121804322932,4907,"GGW: Nigeria Erosion and Watershed Management Project (NEWMAP)"
"27",2652.76135184913,3608.86525508024,153.915188384211,1.36807076378422,186.591477155193,71.2284903773896,91.9900054932,50.0069240251,6.409002,5.910168,296.313323379631,0.44992542884535,143.606641495161,27.9500745711547,24.4251367137835,26.2251346423626,0.0494550646423,2816.94189322,1,-111.967387831,0.0182898961242979,0.0182898961242979,-6121.81649748424,0.0182898961242979,-200.121804322932,4907,"GGW: Nigeria Erosion and Watershed Management Project (NEWMAP)"
"28",789.714658063185,240.141369430954,123.290804725908,0.72260260727196,103.724123023061,842.201186555158,0,23.5053643879,5.409163,7.076838,373.409579258082,0,172.045346418218,28.8499789928551,26.2000840285797,27.5000525178623,8.79090308946,2551.49595592,1,-93.8852016654,0.0832736261374883,0.0832736261374883,-1127.43020833981,0.0832736261374883,-200.121804322932,4907,"GGW: Nigeria Erosion and Watershed Management Project (NEWMAP)"
"29",2474.09091096076,1253.00418816083,58.2023389399373,0.473668547874344,42.7246652604966,308.747409261121,0,9.30959320842,6.159044,7.993498,381.888888888889,0,155.912037037037,28.9,25.9777777777778,27.2861111111111,3.28430599706,2348.58356596,1,15.9245794708,0.1075123549439,0.1075123549439,148.118599756367,0.1075123549439,-77.1818234696213,4907,"GGW: Nigeria Erosion and Watershed Management Project (NEWMAP)"
"30",1891.98121506925,15994.4476098289,250.00405827749,3.68161078516795,1142.77524003604,70.1628123069746,171.100006104,68.1630285105,5.659125,8.410168,512.05,0,203.1625,28.5,26.05,27.3291666666667,0,2512.60767672,1,73.6659860654,0.00385459065252153,0.00385459065252153,19111.234552808,0.00385459065252153,-259.584129468028,4907,"GGW: Nigeria Erosion and Watershed Management Project (NEWMAP)"
"31",2368.21247845595,3157.72171203381,235.842620099668,1.97068965498297,47.7172435078333,908.900718658848,8.96000003815,14.3512638716,6.409002,7.410168,303.929561268959,0,136.213918403804,29.0251367137835,25.7501739993609,27.1168468802904,15.6426707819,2194.34790622,1,-54.6298557138,0.0993199508126631,0.0993199508126631,-550.039093523542,0.0993199508126631,-200.121804322932,4907,"GGW: Nigeria Erosion and Watershed Management Project (NEWMAP)"
"32",4612.27376588317,3020.74018560548,264.778488110667,2.45095447705761,125.326127952036,48.4502753112532,14.2199993134,0,34.364008,9.371418,44.0854885683735,3.80903184335757,14.8605539329761,30.7391526056813,10.7923381017156,21.1325642332247,1.42171314979,1081.53638807,1,-122.085303939,0.0157179909344499,0.0157179909344499,-7767.23338549708,0.0157179909344499,-159.898225358612,4035,"MENARID: Ecotourism and Conservation of Desert Biodiversity"
"33",2189.33225181613,10120.3681170916,150.818748866903,0.556537545409937,365.788554050257,7.65058422088623,0,0,32.909598,9.009628,24.9891128323093,3.56054435838454,13.3214285098734,32.6013608959613,11.7204082687884,22.7675739306409,0,926.144281785,1,53.9840205532,0.0167037081063883,0.0167037081063883,3231.85847174579,0.0167037081063883,189.435652272674,4035,"MENARID: Ecotourism and Conservation of Desert Biodiversity"
"34",5702.45989293206,14070.9636045385,129.717113779096,2.09622971267117,317.943118317487,33.6236241646495,0,0,33.96135,8.421168,73.9223759715824,0.62978773075137,16.5437626676931,32.1617571744129,10.7765625872916,21.8160712540009,0,848.917657418,1,-13.7923656982,0.00974261772887581,0.00974261772887581,-1415.67349577119,0.00974261772887581,144.285535767781,4035,"MENARID: Ecotourism and Conservation of Desert Biodiversity"
"35",1909.39823094942,1420.55358548411,306.91312093966,0.372342804154622,14.1277060735204,1490.65693143396,2,0.100044003509,12.273148,-1.623711,194.105000058673,0.235000000931323,52.2445833629028,33.9750000046566,24.905000002794,29.1887500030268,31.883390349,1617.95521912,1,-68.6730333323,0.267441671791333,0.267441671791333,-256.777610132055,0.267441671791333,-214.078240296127,5423,"GGW: Building Resilience Through Innovation, Communication and Knowledge Services (BRICKS) Project"
"36",2441.19437849393,1745.35930298136,441.585127253311,0.317771960109889,198.252002728294,109.418998718262,0,0.000107234820882,13.37685,7.652358,209.144932977869,0,42.3806573632944,34.1839668458394,20.1839668458394,27.9856968637567,0.376965528079,2013.68645069,1,-163.926352985,0.0845639673861799,0.0845639673861799,-1938.48938326645,0.0845639673861799,-214.078240296127,5252,"GGW: Third Phase of the Community Action Program"
"37",1589.27178627088,1466.43958469374,342.30046599658,0.329586240756507,356.473925611493,10.4143896102905,0,0,13.656983,11.410168,141.65,0,25.0166666666667,33.9,19.6,28.275,0,1425.48718717,1,-42.6460238392,0.0690335028198928,0.0690335028198928,-617.758365100822,0.0690335028198928,-28.3933167033891,5252,"GGW: Third Phase of the Community Action Program"
"38",1556.36139834494,1601.24079149482,312.772245934344,0.194339719234996,472.970848352154,21.5034132524848,0,0,13.573685,12.410168,102.7,0,17.9708333333333,33.9,19.75,28.5791666666667,0,1381.9726362,1,-43.0777777415,0.0639185871261964,0.0639185871261964,-673.947589868504,0.0639185871261964,-28.3933167033891,5252,"GGW: Third Phase of the Community Action Program"
"39",1456.56734638889,1772.91253764424,484.679224101478,1.71456425941346,174.932890052475,41.1667393334835,0,0.000805760037736,14.706561,5.910168,136.45,0,31.6083333333333,34.9,21.55,28.8541666666667,0,1443.02186702,1,-58.6928336215,0.162434112881772,0.162434112881772,-361.333174295844,0.162434112881772,-186.638043040123,5252,"GGW: Third Phase of the Community Action Program"
"40",2636.33954433508,2447.13939172985,273.084004582071,0.688222704723267,241.952497873943,19.3557935196507,0,4.74403927233e-06,14.422678,1.353168,107.862938170246,0,30.2468914717027,35.7999498408553,23.6335005304822,30.0028272402677,0,1310.87332056,1,-50.0734245592,0.220273576604456,0.220273576604456,-227.323791310279,0.220273576604456,-190.770195855423,5252,"GGW: Third Phase of the Community Action Program"
"41",1922.81950972018,3512.4779132252,404.164458001056,0.419602146454176,296.043811935542,22.6307456158631,0,0,14.656582,6.910168,150.55,0,33.3416666666667,34.6,21,28.6333333333333,0,1562.34225248,1,-60.3592349662,0.110307707331936,0.110307707331936,-547.189642737908,0.110307707331936,47.5239669276048,5252,"GGW: Third Phase of the Community Action Program"
"42",1592.59828918971,4325.75754104386,228.71342042937,0.44330167508268,163.180813164936,45.9887199401855,0,0.101262112867,12.740654,3.243498,183.6,0,50.8166666666667,34.7,25.4,29.4,0,2049.48732416,1,-134.604876318,0.219458428872619,0.219458428872619,-613.350223135558,0.219458428872619,-140.241406153985,5252,"GGW: Third Phase of the Community Action Program"
"43",2363.61150991981,1791.63401527563,422.975412252067,0.346407871540475,79.6830002292188,106.928636894251,0,0.000416662913824,13.61422,9.060168,129.3,0,25.4,34.5,21,29.0916666666667,0.65144546907,1628.25215243,1,-0.15277791,0.150465016988196,0.150465016988196,-1.01537163294233,0.150465016988196,13.98022748798,5252,"GGW: Third Phase of the Community Action Program"
"44",1549.87904388658,63157.2626575491,396.046538379265,0.198001325592495,1620.3802743171,1.41314995288849,0,0,16.405803,5.410168,94.4351783067654,0,22.3611767968107,35.0498061274902,21.4498707516601,29.2476393212707,0,1224.98819421,1,30.0112941154,0.00998414874582839,0.00998414874582839,3005.89413072791,0.00998414874582839,-259.584129468028,5252,"GGW: Third Phase of the Community Action Program"
"45",1514.74414720036,2133.11870966849,410.71617409588,0.295642997537345,197.139288215763,89.974591485406,0,0,14.006846,7.510168,164.9,0,33.9833333333333,34.4,20.5,28.375,0,1580.05254839,1,-15.31055032,0.111488789705959,0.111488789705959,-137.328159722427,0.111488789705959,-28.3933167033891,5252,"GGW: Third Phase of the Community Action Program"
"46",1445.81265009678,1704.63816473959,380.149517538611,0.39649728793234,84.3685490361465,77.363173951775,0,0.0619271630165,13.18969,7.065118,221.7,0,40.6583333333333,34.3,20.2,27.925,0.157255825765,1893.17556838,1,-102.120624588,0.0955543711186791,0.0955543711186791,-1068.71745784571,0.0955543711186791,-214.078240296127,5252,"GGW: Third Phase of the Community Action Program"
"47",1294.43319004609,3193.02488604776,413.595213670238,0.272153490337478,223.685188941469,67.8767836184195,0,0.000154400102555,13.507041,7.810168,185,0,36.75,34.5,20.5,28.3333333333333,0.43320105604,1900.28994815,1,-245.380455276,0.0948485655579156,0.0948485655579156,-2587.07608104171,0.0948485655579156,-214.078240296127,5252,"GGW: Third Phase of the Community Action Program"
"48",2152.74650008908,3352.17296992055,248.192773668581,0.480920271364262,244.937974083825,30.1124263831883,0,0.00117393169541,13.407079,3.910168,167.723716753881,0.250261886963125,44.9583079950519,34.5999476226074,23.950419019141,29.202081150942,0,1639.37822306,1,7.52152822538,0.172934220917433,0.172934220917433,43.4935791509485,0.172934220917433,-28.3933167033891,5252,"GGW: Third Phase of the Community Action Program"
"49",1565.22241080419,2406.32100210533,359.169948053168,0.235241237370192,101.664044480366,119.163562135997,0,0.0089578102918,13.407079,6.910168,204.913094348156,0,38.0838885111535,34.5247643017332,20.5248166791258,28.1768803709369,0.732976953887,1818.18252324,1,-119.235185843,0.104847560419572,0.104847560419572,-1137.22422692385,0.104847560419572,-214.078240296127,5252,"GGW: Third Phase of the Community Action Program"
"50",3082.41568935363,3858.70819262428,262.072546395124,0.208104146067722,219.317134559122,42.0899360021949,0,0.000147700282271,13.540358,3.410168,150.3,0,39.3,34.95,23.8,29.4083333333333,0,1723.95858483,1,-73.7465101523,0.177017683248645,0.177017683248645,-416.605328907809,0.177017683248645,-28.3933167033891,5252,"GGW: Third Phase of the Community Action Program"
"51",2992.89652985006,4192.48504668882,509.691276209709,0.419665580703775,1253.2945638103,0.0250931400805712,0,0,20.403637,13.160168,2.64942901349089,0,0.520690586706057,34.1004894170078,15.4003262780052,27.0170609192563,0,913.709935452,1,14.1043654422,0.0132806667122441,0.0132806667122441,1062.02239298698,0.0132806667122441,144.285535767781,5252,"GGW: Third Phase of the Community Action Program"
"52",1842.76766422306,2177.53142224232,202.772553310818,0.307276305588764,129.452930062734,60.350711045881,0,0.0229261263206,12.907264,2.776838,178.803727227979,0,48.5757471245273,34.9995970564347,24.300302207674,29.5956864268252,0.125171976393,1807.3383941,1,-218.732738652,0.215767966514078,0.215767966514078,-1013.7405574415,0.215767966514078,-214.078240296127,5252,"GGW: Third Phase of the Community Action Program"
"53",3466.34614293525,61831.8306179596,1014.72353356728,4.29219179816521,1981.88826245737,0.617100639376832,270.809997559,0,19.723005,8.581658,17.1,0,4.08333333333333,33.2,16.2,26.6083333333333,0,1029.09328398,1,-6.84186630385,0.00579703245183381,0.00579703245183381,-1180.23598465206,0.00579703245183381,-259.584129468028,5252,"GGW: Third Phase of the Community Action Program"
"54",2347.45446308467,4052.3384343013,425.655457441866,0.71548831572048,448.580580460673,0.521187901496887,0,0,14.906477,10.660168,109.70339055336,0,21.9544638272341,33.6495907952842,19.4494738796511,28.2870664378606,0,1262.60075539,1,74.4094887,0.0668271399839073,0.0668271399839073,1113.46211610909,0.0668271399839073,189.435652272674,5252,"GGW: Third Phase of the Community Action Program"
"55",1599.38668405305,2971.15409988271,461.991101490313,0.505705338484575,254.208998014048,32.1723403930664,0,0,14.656582,8.243498,82.1,0,16.5166666666667,34.3,20.6,28.625,0,1292.51944032,1,145.850115885,0.124409763287213,0.124409763287213,1172.33657577412,0.124409763287213,74.6466335402556,5252,"GGW: Third Phase of the Community Action Program"
"56",2658.87131289827,2710.55098193718,301.228987838617,0.745368843697699,148.285461716374,45.0807991027832,0,1.18773149508e-05,14.156786,4.910168,131.35,0,33.7875,35.55,22.85,29.6166666666667,0,1340.05688907,1,-97.5527821108,0.199726208315844,0.199726208315844,-488.432554412346,0.199726208315844,-190.770195855423,5252,"GGW: Third Phase of the Community Action Program"
"57",2600.5862088834,1730.74042814356,482.739521852396,2.03207778463662,311.809579805906,103.469132229505,0,0.00101839021619,14.340042,5.910168,140.691013505817,0,32.6426477892627,34.7832748576381,21.6667251423619,28.7795922701576,0.30517585848,1678.94294294,1,-147.640767714,0.122131950392737,0.122131950392737,-1208.86276882695,0.122131950392737,-77.1818234696213,5252,"GGW: Third Phase of the Community Action Program"
"58",1207.34718110912,15672.0774554615,356.241402543563,0.978072320508602,1219.52752526238,0.134254902601242,0,0,15.906036,13.410168,62.6890443912945,0,11.3564135607453,33.4249687207321,18.7254066304829,28.3396067927843,0,793.794781921,1,54.0273727866,0.0185397136641476,0.0185397136641476,2914.14278371942,0.0185397136641476,144.285535767781,5252,"GGW: Third Phase of the Community Action Program"
"59",1570.15768307717,2768.30201413042,388.218645490033,0.220585592042659,179.411725508823,71.2812883737846,0,0.00694733112074,13.157172,9.160168,156.4,0,35.3166666666667,33.9,20.1,28.225,0,1809.71757309,1,-82.13862487,0.0936958347070836,0.0936958347070836,-876.651829046464,0.0936958347070836,-140.241406153985,5252,"GGW: Third Phase of the Community Action Program"
"60",2395.47600522795,3520.84723303859,263.595709555566,0.410657689850781,398.533275333069,25.6782105411903,1,0.0103478856221,14.092812,0.753168,113.4,0,33.3833333333333,34.5,22.5,28.8333333333333,0,1494.33497439,1,-21.9357848454,0.12170930343293,0.12170930343293,-180.230962027387,0.12170930343293,-28.3933167033891,5252,"GGW: Third Phase of the Community Action Program"
"61",2279.07766259501,2128.11824781673,336.414777866669,0.395390032393704,110.406794287515,112.373950349772,0,3.0960363306e-05,13.564519,6.605998,187.9,0,35.0083333333333,34.6,20.7,28.25,0,1771.47196505,1,-90.5565554908,0.106644647389465,0.106644647389465,-849.142996929684,0.106644647389465,-28.3933167033891,5252,"GGW: Third Phase of the Community Action Program"
"62",1036.27232643653,1589.22333684244,219.114109479183,0.650033506986905,29.2219836709019,105.584996480945,0,0.00302415203088,13.440396,2.110168,137.209221641139,0,40.5155150958069,35.7,23.5,29.6472066975738,11.7102977723,1467.3036733,1,-152.935065768,0.231701130194852,0.231701130194852,-660.05317125293,0.231701130194852,-214.078240296127,5252,"GGW: Third Phase of the Community Action Program"
"63",1845.60902873183,1559.38712008501,328.295429323542,0.384503858705747,116.792463062563,28.6334705352783,0,0,14.706561,4.710168,128.8,0,30.5083333333333,35.5,22.2,29.3666666666667,0,1320.48346464,1,-55.4885517569,0.199699672225328,0.199699672225328,-277.860004168111,0.199699672225328,-186.638043040123,5252,"GGW: Third Phase of the Community Action Program"
"64",2193.71104993998,4057.39614919275,438.643681553431,0.229829244880446,125.071549845363,1.26218199729919,0,0,16.592754,7.611448,88.1,0,14.5166666666667,36.1,20.5,30.2666666666667,0,1215.11363639,1,-52.0906114977,0.200101602817588,0.200101602817588,-260.320810849204,0.200101602817588,47.5239669276048,5252,"GGW: Third Phase of the Community Action Program"
"65",1138.13050389312,4000.25727674327,451.328878971416,0.538761770485501,300.957358394067,1.41314995288849,0,0,15.322477,6.079918,125.064693252744,0,30.0171195118718,34.5285122097824,21.0857438951088,28.5951616043023,0,1402.22477443,1,-38.0485076,0.127642270990417,0.127642270990417,-298.087046750026,0.127642270990417,74.6466335402556,5252,"GGW: Third Phase of the Community Action Program"
"66",1843.22887708016,6026.0540787874,248.096477096734,0.329711711994185,400.386802646648,18.4980201721191,0,0,14.406685,3.410168,132.419103904913,0,32.039863092231,35.5496050462621,23.0750846329438,29.6101322059388,0,1330.9931172,1,-76.9455866715,0.145954258577128,0.145954258577128,-527.189733424865,0.145954258577128,-28.3933167033891,5252,"GGW: Third Phase of the Community Action Program"
"67",1849.41779281061,1917.14211279383,265.695181276878,0.663053854663203,233.236699576958,10.3791303634644,0,0,14.53996,2.160168,124.3,0,32.9416666666667,36.2,23.5,30.1916666666667,0,1182.42703845,1,-56.9626452946,0.234360543183204,0.234360543183204,-243.055612181575,0.234360543183204,-186.638043040123,5252,"GGW: Third Phase of the Community Action Program"
"68",1649.05406230593,1435.79952629034,251.419773804576,0.559193290332373,108.552676096727,23.5513478066044,0,0.000219234681071,13.48305,2.362168,137.8332037832,0,40.1654723127173,35.6631369868301,23.5474079137654,29.650443049101,0,1509.43184969,1,-166.874194873,0.232205599799967,0.232205599799967,-718.648452133598,0.232205599799967,-190.770195855423,5252,"GGW: Third Phase of the Community Action Program"
"69",1551.59393994202,4511.13683875203,201.983855785901,0.579555311245866,314.035294308362,65.7332291663338,0,0.250386317159,12.307476,3.510168,207.7,0.7,62.1666666666667,34.3,25.2,29.0666666666667,0,2275.10583114,1,-168.407491938,0.15596709510045,0.15596709510045,-1079.76295788248,0.15596709510045,-140.241406153985,5252,"GGW: Third Phase of the Community Action Program"
"70",2737.36948078129,2784.70951843171,246.012938438106,0.400995737097752,199.852785698701,13.7997303009033,0,0.131650837382,13.007227,1.410168,130.55,0,39.8833333333333,34.8,23.4,29.2125,0,1780.20450088,1,-218.956592926,0.168900586967498,0.168900586967498,-1296.36371819202,0.168900586967498,-140.241406153985,5252,"GGW: Third Phase of the Community Action Program"
"71",2803.0699426562,2749.90110796353,359.403876136432,0.795257221002554,213.483895045987,64.1845684800225,0,7.18366880914e-06,13.906766,6.010288,150.155711504127,0,33.5043525171978,34.7,21.5001087905548,28.6666938643054,0,1648.09412244,1,-134.318619622,0.120019428388965,0.120019428388965,-1119.14063768653,0.120019428388965,-190.770195855423,5252,"GGW: Third Phase of the Community Action Program"
"72",1416.99527303751,2058.06028353025,274.335211318789,0.255506150127948,342.391937438511,7.78533601760864,0,7.6698225278e-05,15.074865,-7.379982,142.3,0,32.2416666666667,35.7,24.2,29.7916666666667,0,1542.97194346,1,87.0707951269,0.219475050845312,0.219475050845312,396.722975078695,0.219475050845312,47.5239669276048,5270,"GGW Natural Resources Management in a Changing Climate in Mali "
"73",2176.76091112364,2981.38042143536,300.842762129034,0.736195232246602,274.649154440767,7.68880067583384,0,0.416571746085,14.606603,-10.389831,173.6,0,37.8083333333333,35.1,24,29.0416666666667,0,2032.32917818,1,62.7608876862,0.176387051353688,0.176387051353688,355.813463655862,0.176387051353688,47.5239669276048,5270,"GGW Natural Resources Management in a Changing Climate in Mali "
"74",2147.7807389939,5829.4054360864,351.886590117155,0.524300552292452,327.918563312503,27.0531315827174,0,0.629231258955,13.656983,-7.422832,244.5,0,48.5833333333333,33.8,24.9,28.7916666666667,0,2239.68519708,1,-68.8999859615,0.151356980913321,0.151356980913321,-455.215118230705,0.151356980913321,-28.3933167033891,5270,"GGW Natural Resources Management in a Changing Climate in Mali "
"75",4972.97868191821,1925.50108220295,393.533527474605,2.6755228592229,123.136567071716,54.5185390525175,1.29999995232,8.23835280809,9.741593,0.993498,277.571428849685,0,97.4357143671892,29.6714285569836,24.3714285569836,26.5559523668875,0,2358.87985041,1,-171.65574278,0.0791894736900237,0.0791894736900237,-2167.658588715,0.0791894736900237,-78.9076825669169,4709,"GGW: Integrated Disaster and Land Management (IDLM) Project"
"76",1886.20154343238,1834.06088272109,10.8372226877935,0.350522774800029,19.4310840705584,1865.61534662427,0,6.5983074274,6.076558,1.235168,142,3.1,60.1916666666667,29.1,25.1,27.25,13.1374943613,1296.49970407,1,-132.386374076,0.144688664400579,0.144688664400579,-914.974055669492,0.144688664400579,-214.078240296127,4709,"GGW: Integrated Disaster and Land Management (IDLM) Project"
"77",1559.48730973192,1689.19015514128,97.6873566267639,0.454849576272632,128.912519580743,91.4051435058496,0,17.5360955747,6.492317,0.660168,183.008910564613,15.4559583341557,101.76277549081,28.8222418699588,25.1222418699588,27.1370550474622,0.478139950332,2294.86744118,1,-135.804823929,0.064367467282421,0.064367467282421,-2109.83637639707,0.064367467282421,-200.121804322932,4709,"GGW: Integrated Disaster and Land Management (IDLM) Project"
"78",1245.01059016649,1864.43153395944,347.585592608682,0.750793548548491,89.3219739307742,33.0156082314109,0.709999978542,15.6920887141,8.941799,1.326838,396.540049709663,3.03649528646547,152.450110182067,28.4722006494992,23.4866302469955,25.8776605702896,0.252686040052,2835.7504241,1,14.1939465425,0.0558299891433062,0.0558299891433062,254.235165729059,0.0558299891433062,93.3505839418891,4709,"GGW: Integrated Disaster and Land Management (IDLM) Project"
"79",2870.77706526106,4724.49028054138,634.704261640476,5.83359039159564,333.016837396728,77.4653428864123,0,39.4626347332,7.575449,0.893498,245.809523729781,0,109.932936419014,27.5142857223952,23.6761904839621,25.5575396897763,0,2875.88829981,1,15.0656374808,0.0148899495775567,0.0148899495775567,1011.79909322918,0.0148899495775567,-200.121804322932,4709,"GGW: Integrated Disaster and Land Management (IDLM) Project"
"80",1406.2387514739,1845.71877614337,30.3185387490821,0.524581328092126,63.0627131170754,279.051843180966,0,8.08602998802,6.24236,1.443498,142,3.1,60.1916666666667,29.1,25.1,27.25,1.12369353157,2324.92721634,1,-151.855781635,0.0902531186943721,0.0902531186943721,-1682.55439625566,0.0902531186943721,-214.078240296127,4709,"GGW: Integrated Disaster and Land Management (IDLM) Project"
"81",1421.97179832807,3677.57928859602,259.679911232101,0.736295298774859,182.758625337085,30.8979241864308,0,15.1058884214,8.358607,1.143498,244.088439918685,0,101.673783149335,29.6109984397533,25.2221996879507,27.1823998959836,0,2575.43792797,1,1.52644358917,0.078450919385009,0.078450919385009,19.4573065699684,0.078450919385009,93.3505839418891,4709,"GGW: Integrated Disaster and Land Management (IDLM) Project"
"82",1720.92086232307,3010.7333217861,343.484971422154,3.11453861189011,165.692403148016,77.3122400341956,0,25.2165951977,7.342156,0.843498,253.356906356645,9.57299896881516,129.771848150375,25.5998358999654,21.556938911403,23.7438839106356,0,2817.3616373,1,-7.36279652083,0.0147537459386081,0.0147537459386081,-499.04590681359,0.0147537459386081,-200.121804322932,4709,"GGW: Integrated Disaster and Land Management (IDLM) Project"
"83",2479.10261108546,2727.76357542629,191.014105503321,0.930487618518605,193.795496138319,29.607629776001,55.5999984741,8.76737505307,9.52499,0.543498,246.2,0,88.25,31.3,26,28.1416666666667,0,2593.2064839,1,-63.064357495,0.135505270799599,0.135505270799599,-465.40150890711,0.135505270799599,-78.9076825669169,4709,"GGW: Integrated Disaster and Land Management (IDLM) Project"
"84",2805.96748963162,1768.29107343532,281.177938838315,2.50125542500109,312.303857681898,89.0009536743164,23.1100006104,1.51527016724,10.611628,0.117388,219.4,0,69.5416666666667,32.1,25.4,28,0,2181.93692803,1,-69.917386415,0.131681485841258,0.131681485841258,-530.958364938905,0.131681485841258,-78.9076825669169,4709,"GGW: Integrated Disaster and Land Management (IDLM) Project"
"85",2165.3615092902,172.54588540874,14.4429791790689,0.168592583880329,95.8836768331637,160.810492021523,58.9299964905,0.000139067272815,15.819975,-16.349731,102.616863987406,0,27.6221398530647,29.2554321032746,23.5889135793451,26.4379526752729,0.627236739604,1662.12026117,1,-136.584339122,0.171491142607244,0.171491142607244,-796.451274657438,0.171491142607244,74.6466335402556,5449,"PSG- Sustainable and Inclusive Agribusiness  Development Project "
"86",2625.53065850445,2165.60483411256,275.830677255365,0.221228569917578,388.672583181229,7.78680277024793,0,0.000629713756599,14.89731,-7.543722,170.341490795176,0,35.2106038889714,35.6110707010801,24.1444126937058,29.719395375121,0,1773.48723152,1,75.9932140023,0.180587191320962,0.180587191320962,420.811761046969,0.180587191320962,47.5239669276048,5270,"GGW Natural Resources Management in a Changing Climate in Mali "
"87",2302.47886277611,2156.61492150479,277.909795382131,0.748550776695723,329.513152296303,89.5243436152982,0,0.822817779919,10.813788,0.001558,219.4,0,69.5416666666667,32.1,25.4,28,0.879650899378,2007.7154909,1,-92.3368388817,0.137083898798504,0.137083898798504,-673.579024896452,0.137083898798504,-214.078240296127,4709,"GGW: Integrated Disaster and Land Management (IDLM) Project"
"88",1839.72261314519,1568.72537747958,689.05899794155,0.195802356847066,328.72359076148,4.46820783615112,0,0,32.397341,38.111268,31.0529187491019,0,7.05935257905144,30.4972202389506,6.35013898805247,19.569269717743,2.52748595715,1317.51687909,1,-17.9897648992,0.00457200005534459,0.00457200005534459,-3934.76917791597,0.00457200005534459,-134.156061239317,5026,"MENA: Badia Ecosystem and Livelihoods Project (BELP)"
"89",1109.93389920061,2152.38736499823,179.247235860635,0.395202715213628,298.906431953319,60.4848204983749,0,1.42677434511,11.839024,3.210168,259.176672719356,0,77.6394157919603,34.3443803559352,24.9887607118704,29.0823726927982,0.0172297938225105,2343.48378838,1,-282.835106585,0.150644928646393,0.150644928646393,-1877.49504166114,0.150644928646393,-214.078240296127,5252,"GGW: Third Phase of the Community Action Program"
"90",1433.72293001119,2372.01273552209,237.163417587904,0.687209356412517,219.33260324306,108.674170660581,0,3.56740546126e-05,13.875788,3.108498,134.24256509489,0,35.1533954515672,35.2,23.6002900029808,29.4195008339129,0,1413.34296279,1,-107.007991042,0.198189359943288,0.198189359943288,-539.928031820782,0.198189359943288,-190.770195855423,5252,"GGW: Third Phase of the Community Action Program"
"91",2472.91982108404,2981.44106171812,390.086115156383,0.356351415846856,296.696716874844,20.8566655581657,0,0,14.570508,6.827388,145.942857044783,0,32.9666666586839,34.6,21.0714285729491,28.6333333333333,0,1603.74050518,1,-60.0292698138,0.10812839648336,0.10812839648336,-555.166559073482,0.10812839648336,47.5239669276048,5252,"GGW: Third Phase of the Community Action Program"
"92",3139.11838093645,2228.68471240525,410.01220399211,0.19128470235614,215.29667923663,98.2552939390456,0,0,14.050159,7.224058,176.8,0,35.725,34.4,20.5,28.25,0,1574.59059481,1,36.7716676962,0.0991666890178932,0.0991666890178932,370.806649494621,0.0991666890178932,-28.3933167033891,5252,"GGW: Third Phase of the Community Action Program"
"93",2789.40671708672,2715.05268540014,412.16109455639,0.290817967175618,130.633222283593,103.638387676949,0,1.66740414543e-05,13.484159,7.271768,200.822703021519,0,36.8350380197339,34.8050958946407,20.6209132455339,28.4020350116051,0.0104719050724318,1768.19070151,1,-128.78643554,0.10644747569991,0.10644747569991,-1209.858990955,0.10644747569991,-77.1818234696213,5252,"GGW: Third Phase of the Community Action Program"
"94",1860.56229052202,2910.73151502741,388.062925891332,0.285409523016789,230.644567169474,93.4008809132675,0,0,13.881066,7.225448,189.253168044798,0,35.9676612347038,34.7097802996218,20.6239121198487,28.3997271448172,0,1628.73839942,1,-0.98391755873,0.100274553824105,0.100274553824105,-9.8122357189036,0.100274553824105,-28.3933167033891,5252,"GGW: Third Phase of the Community Action Program"
"95",1332.39248960613,2143.45525673983,374.140165244223,0.107383676126402,190.381420212077,66.5004072768526,0,0.000224342472864,12.97391,9.260168,163.143890253893,0,36.9952202089586,33.788714682279,19.9664576187348,28.082183842258,0.0524659162294654,1778.12200184,1,-142.652940867,0.0884289051457211,0.0884289051457211,-1613.19356642405,0.0884289051457211,-214.078240296127,5252,"GGW: Third Phase of the Community Action Program"
"96",1640.17936970871,1895.05370647177,210.832677528495,0.575308588074179,67.8880114092333,44.3306981086232,0,0.0520704247739,13.257135,2.159058,150.4,0,42.8416666666667,35.7,23.5,29.625,1.79688674268618,1593.85207775,1,-230.570312769,0.223823075452133,0.223823075452133,-1030.14540526368,0.223823075452133,-214.078240296127,5252,"GGW: Third Phase of the Community Action Program"
"97",1193.07853807723,5236.24454173552,670.468997283989,1.21494535781915,888.652678588402,0.617100624570223,80.5899963379,0.000224842342513,18.971147,8.310168,25.5373876568397,0,5.34489925637625,33.7668226021861,17.5336452043723,27.4706519206139,0,1150.11340318,1,-62.0265535585,0.0490924294350517,0.0490924294350517,-1263.46473931505,0.0490924294350517,-259.584129468028,5252,"GGW: Third Phase of the Community Action Program"
"98",1572.17408618995,3017.56355914698,453.406543299547,0.31689285043485,230.584910405095,103.592513180039,0,0.00166037314594,13.011946,8.538498,175.9,0,39.575,33.7,19.7,27.9083333333333,0,1920.64756837,1,-122.398610354,0.0787536567774569,0.0787536567774569,-1554.19589848222,0.0787536567774569,-140.241406153985,5252,"GGW: Third Phase of the Community Action Program"
"99",1344.74735909434,1776.67971934079,210.260149298109,0.354021840671423,136.153353329659,65.5571394132464,0,0.00837087744106,13.079981,2.742108,175.1,0,47.8333333333333,35.4,24,29.7416666666667,0.00655692370113298,1804.24173434,1,-158.229970943,0.219706156988755,0.219706156988755,-720.189061206411,0.219706156988755,-214.078240296127,5252,"GGW: Third Phase of the Community Action Program"
"100",799.07162804857,1608.83496878227,212.462974853648,0.304789054713927,151.450661101273,112.888623531133,0,0.00079528473914,13.659482,2.891838,142.433333363688,0,38.5240740911675,35.4222222259015,23.6888888870492,29.5462962977527,0,1479.42224029,1,-132.538177398,0.225586162143677,0.225586162143677,-587.527958889542,0.225586162143677,-28.3933167033891,5252,"GGW: Third Phase of the Community Action Program"
"101",2432.52584784301,3418.74066665153,1244.76647231343,5.54237371104121,1732.75080784165,0.617100596427917,0,0.000330933427759,18.019435,8.689338,39.1,0,6.64166666666667,31.8,15.8,25.7166666666667,0,1258.67871372,1,-87.2311429871,0.00681028948150099,0.00681028948150099,-12808.727620764,0.00681028948150099,-259.584129468028,5252,"GGW: Third Phase of the Community Action Program"
"102",2310.08568522061,3546.83946187451,288.049191881536,0.882491870365718,447.645856701984,33.1290355984128,0,0.00418889718134,13.407079,0.926838,129.781786115301,0,39.7629358703175,35.0163116629567,23.6611169285185,29.5011953809898,0,1556.35448405,1,-171.762547616,0.146882081791406,0.146882081791406,-1169.39074883162,0.146882081791406,-190.770195855423,5252,"GGW: Third Phase of the Community Action Program"
"103",2374.30789832883,1746.07342757857,372.299053782381,0.371689161294131,111.732511701985,63.69179033718,0,0,13.778606,6.884338,191.328571458982,0,35.4305555593006,34.7142857152994,20.7,28.3420634928801,0,1663.21296011,1,-48.2347127647,0.113134573657134,0.113134573657134,-426.348119814197,0.113134573657134,-28.3933167033891,5252,"GGW: Third Phase of the Community Action Program"
"104",1416.0908543746,2028.34770697661,212.32703352876,0.4853685500624,120.993007596065,46.9679893628142,0,9.51796979053e-05,13.755845,1.517108,109.7,0,33.9083333333333,35.5,23.6,29.625,0.156845560888684,1397.32152578,1,-114.005630943,0.235894168909689,0.235894168909689,-483.291433060589,0.235894168909689,13.98022748798,5252,"GGW: Third Phase of the Community Action Program"
"105",1350.07220009685,1219.31702343051,213.921251043978,0.608362554434491,12.8866968967113,112.592720272475,0,0.0352385702832,13.4304,2.039608,138.152642464625,0,40.6818843403526,35.7,23.5,29.6456184470293,21.5204077750982,1502.20500698,1,-185.522727774,0.212038635383328,0.212038635383328,-874.947753925167,0.212038635383328,-214.078240296127,5252,"GGW: Third Phase of the Community Action Program"
"106",1665.10573047462,3782.34098077379,474.554007619853,0.459801647137772,641.826496211987,1.41314995288849,0,9.44329315822e-06,15.527876,5.656838,117.8,0,28.4,34.6,21.1,28.6416666666667,0,1452.65900433,1,-34.8059459202,0.0818539799466948,0.0818539799466948,-425.219958062717,0.0818539799466948,47.5239669276048,5252,"GGW: Third Phase of the Community Action Program"
"107",2627.11808972874,6316.50622127565,378.820333868325,0.50224280415385,392.176051142009,111.015502929688,0,2.13530645912e-05,14.431395,6.167388,138.48896651783,0,32.6159081579477,34.5778850765301,21.338942538265,28.5602567176867,0.091216776263836,1756.90670071,1,-151.391633903,0.0911149438699988,0.0911149438699988,-1661.54559804156,0.0911149438699988,-77.1818234696213,5252,"GGW: Third Phase of the Community Action Program"
"108",2791.11345882388,1889.43253617683,436.559334367789,1.39669726974693,113.396401483601,46.7508207112758,0,3.08018026925e-05,14.773203,5.443498,135.261904733184,0,30.6964285682186,35.4904761921657,21.8761904768663,29.3428571441242,0,1479.25542582,1,-104.504220877,0.18487307162529,0.18487307162529,-565.275515564617,0.18487307162529,-186.638043040123,5252,"GGW: Third Phase of the Community Action Program"
"109",1455.45764497447,2417.46502282728,250.454723420917,0.551773755360475,199.1621860139,10.5339926179106,0,0,14.367261,1.941558,125.758788420223,0,34.8021287903495,35.7897213718772,23.5,29.8522641442862,0,1255.52928922,1,-18.2846750787,0.228829321126079,0.228829321126079,-79.9052979256344,0.228829321126079,-28.3933167033891,5252,"GGW: Third Phase of the Community Action Program"
"110",2896.7097466829,3305.62002922161,467.357428603826,0.223456652459266,125.025650265402,39.6012274382794,0,0,14.024059,8.766558,100.3,0,21.3833333333333,34.3,20.6,28.7333333333333,0,1497.02609235,1,-44.697281716,0.133616120473113,0.133616120473113,-334.52012794365,0.133616120473113,-28.3933167033891,5252,"GGW: Third Phase of the Community Action Program"
"111",2442.45243571846,1745.6737328026,441.587527453637,0.317631059464469,198.14362536874,109.418998718262,0,0.00010778284537,13.3769,7.652278,209.144932977869,0,42.3806573632944,34.1839668458394,20.1839668458394,27.9856968637567,0.376916254988663,2013.68645069,1,-163.926352985,0.0845726827073254,0.0845726827073254,-1938.28961950147,0.0845726827073254,-214.078240296127,5252,"GGW: Third Phase of the Community Action Program"
"112",1703.74540480696,1803.49304719123,248.085520328743,0.398784645697378,134.415507907649,47.0458294671563,0,0.000553328096391,13.177995,3.602668,165.9,0.2,43.9583333333333,34.5,24.6,29.225,0,1764.45157333,1,-104.303690983,0.219311381969839,0.219311381969839,-475.596341813871,0.219311381969839,-140.241406153985,5252,"GGW: Third Phase of the Community Action Program"
"113",2161.19183038548,3826.47426423942,244.87700599558,0.450715304998114,266.02471785285,27.7087277507989,0,0,14.392801,1.215168,105.839875459498,0,29.6995244719804,35.8,23.7224450995367,30.057523489342,0,1319.66732138,1,-49.019459507,0.216140517449266,0.216140517449266,-226.794402481739,0.216140517449266,-28.3933167033891,5252,"GGW: Third Phase of the Community Action Program"
"114",1495.66589492535,8277.22653910703,461.691268328537,0.296645163520446,338.129758949289,1.41314995288849,0,0,15.573406,6.284058,103.2,0,25.2583333333333,34.7,21,28.8166666666667,0,1199.11643788,1,-7.74667563119,0.125097593995828,0.125097593995828,-61.925056939531,0.125097593995828,47.5239669276048,5252,"GGW: Third Phase of the Community Action Program"
"115",1612.72560909616,2882.18660041674,515.960223752623,0.677911677943148,322.362301307094,0.617100580886103,0,5.58258463956e-05,18.387299,7.694608,49.308757183566,0,9.47613843386358,36.0798598850629,20.0197898275944,29.9131932183963,0,1223.10436811,1,-63.0746266737,0.167696952845973,0.167696952845973,-376.12267607291,0.167696952845973,47.5239669276048,5252,"GGW: Third Phase of the Community Action Program"
"116",2546.90648274123,1652.12200011142,468.453479385293,0.351528819206818,141.532789978865,120.57141527601,0,0.00104377473757,13.293231,8.364058,196.044444563562,0,43.5870370607608,33.7777777782377,20.0111111129508,27.9925925930908,0.460899066315096,1782.3116776,1,-168.532587843,0.0964423074258704,0.0964423074258704,-1747.49642912205,0.0964423074258704,-77.1818234696213,5252,"GGW: Third Phase of the Community Action Program"
"117",2313.93538119067,5600.34085487148,238.122804857576,0.33647415339788,311.324806879213,25.1351784112986,0,0,14.433344,1.189058,107.271824953599,0,29.5583668490863,35.8,23.6525939047025,30.0211426586992,0,1338.35836469,1,-28.3293314583,0.194984036653827,0.194984036653827,-145.290516826234,0.194984036653827,47.5239669276048,5252,"GGW: Third Phase of the Community Action Program"
"118",1556.84563764999,7042.78682443854,889.621090184765,0.311476934690863,377.145899011793,1.83701705932617,0,0,30.222567,36.623928,14.7,0,5.25833333333333,28.7,7.2,18.9666666666667,0,1390.49418788,1,-55.5406176997,0.0043812161618923,0.0043812161618923,-12676.9863999843,0.0043812161618923,-134.156061239317,5026,"MENA: Badia Ecosystem and Livelihoods Project (BELP)"
"119",1957.40384545115,1290.15484627453,6.93347052021614,0.173799686235124,93.2645114802326,33.546627230352,12.0799999237,0.320610948889,16.144815,-15.930111,54.7,0,16.0333333333333,30.7,24,28.25,0.299946848714923,1383.54815339,1,3.55773119726,0.223766371829845,0.223766371829845,15.8993112690112,0.223766371829845,74.6466335402556,5449,"PSG- Sustainable and Inclusive Agribusiness  Development Project "
"120",2362.4060129952,2963.44604315256,942.848255189677,2.80611951977937,446.079155759936,0.239504098892212,142.289993286,0,25.982941,5.910168,9.64405717510484,0,2.40552845558088,34.7794204035565,11.9205795964435,24.1642575837559,0,838.783246487,1,-1.39217746926,0.0458871600667044,0.0458871600667044,-30.3391508046313,0.0458871600667044,144.285535767781,3952,"MENARID: Conservation of Globally Significant Biodiversity and Sustainable Use of Ecosystem Services in Algeria’s Cultural Parks "
"121",1271.86135928504,11732.1492277315,459.379099239704,0.112992973007591,346.962653418409,11.874119758606,0,0,15.463215,34.949978,139.207566234922,0,19.3776947963424,34.1208124634117,23.2785884584173,30.1457200523964,0,1223.19660492,1,-15.0090559411,0.147685326675902,0.147685326675902,-101.62861997819,0.147685326675902,47.5239669276048,5619,"GGW Sudan Sustainable Natural Resources Management Project SSNRMP"
"122",2458.09246346072,4030.87439075267,1943.23823206789,4.87043353733931,150.251260921365,0.239504098892212,1,0,23.06854,5.743498,58.3,0,9.025,24.5,7,16.5583333333333,0,1012.87388184,1,-27.2144658451,0.00680681855276142,0.00680681855276142,-3998.11830360301,0.00680681855276142,-134.156061239317,3952,"MENARID: Conservation of Globally Significant Biodiversity and Sustainable Use of Ecosystem Services in Algeria’s Cultural Parks "
"123",1205.953292972,4338.4367415306,659.831730146358,0.180344526512099,419.625478748641,4.46820783615112,207.479995728,0,32.499862,37.876408,37.5771518128269,0,9.5475821753923,30.9087845924949,6.41810120855128,19.894081055155,0,1155.27376309,1,-12.0604116327,0.00887166345079632,0.00887166345079632,-1359.43069747731,0.00887166345079632,-134.156061239317,5026,"MENA: Badia Ecosystem and Livelihoods Project (BELP)"
"124",2855.69967172961,2032.45598689102,371.966994965017,0.822586467992174,132.860368331882,14.9058920873414,1,12.8631217569,9.704023,2.590338,363.6,0,93.5916666666667,29,24.4,26.4916666666667,0.0337346057761878,2856.2401835,1,60.6362613879,0.0561273418653473,0.0561273418653473,1080.33374417356,0.0561273418653473,298.616421322568,5215,"GGW: Forests and Adjacent Lands Management Project"
"125",1179.04552066874,3466.26504604645,381.058764811441,0.831360149902257,172.099104577764,20.1642745775248,81.8499984741,13.274666095,10.236596,1.769088,262.2,0,80.95,30.9,25.2,27.5333333333333,0,2786.91886921,1,-245.592047677,0.115939298383184,0.115939298383184,-2118.28129979973,0.115939298383184,298.616421322568,5215,"GGW: Forests and Adjacent Lands Management Project"
"126",2323.55298566858,6936.72341117254,294.172865918553,0.928516982938211,295.206982628576,21.1772990258675,198.509994507,22.6923137225,8.547444,2.598358,263.9,0,90.4583333333333,29.6,24.7,26.975,0,2426.06727725,1,-61.5028424014,0.0733247981415604,0.0733247981415604,-838.772747558923,0.0733247981415604,298.616421322568,5215,"GGW: Forests and Adjacent Lands Management Project"
"127",1891.70277486127,9778.77995346902,254.41707153264,0.655958079125596,715.718251222012,25.9375794520387,260.140014648,9.16118342427,11.413102,3.143078,265.192365489669,0,82.4655052149981,33.8996449064962,24.950044386688,28.8498150554668,0,2765.76084612,1,-361.282012067,0.114956818118826,0.114956818118826,-3142.76280414753,0.114956818118826,-235.243262796407,5215,"GGW: Forests and Adjacent Lands Management Project"
"128",1420.93919099072,11437.1973622426,311.149350884754,0.733724713521326,747.629483537797,11.3318240626144,248.869995117,25.5110979713,8.616727,1.695658,274.1,0,94.55,29.5,24.7,26.8333333333333,0,2736.29540572,1,248.132851883,0.0375626707602047,0.0375626707602047,6605.83624277007,0.0375626707602047,298.616421322568,5215,"GGW: Forests and Adjacent Lands Management Project"
"129",1657.58603257451,4281.52749788076,303.357710087257,0.67116594926891,353.42184169072,17.7961052074804,259.260009766,12.5770771041,10.443757,3.155938,301.872562775223,0,93.9810199340241,32.0325064400602,25.0333692852148,27.8774032790128,0,2829.41818795,1,-172.870727248,0.148732763998181,0.148732763998181,-1162.29082685584,0.148732763998181,-235.243262796407,5215,"GGW: Forests and Adjacent Lands Management Project"
"130",1609.95470496377,8602.41708626962,269.425177405638,1.06298662349363,290.98626860122,11.5173597335815,258.089996338,19.6185491539,8.899659,2.103158,311.662529601035,1.02143732315465,92.4974457203594,29.0441031839803,24.1885135023783,26.5014793091785,0,2755.48104765,1,181.312129004,0.0714810657144612,0.0714810657144612,2536.50567729741,0.0714810657144612,298.616421322568,5215,"GGW: Forests and Adjacent Lands Management Project"
"131",1761.83292732857,7165.48969716444,269.127108138802,1.18296899390454,458.343159608164,18.9096314568886,229.619995117,12.2121340228,10.957834,3.146528,265.456118623648,0,83.9156717741552,33.3442391196846,25,28.5489518569551,0,2869.88123817,1,-149.635822364,0.127843919750146,0.127843919750146,-1170.45709061834,0.127843919750146,-235.243262796407,5215,"GGW: Forests and Adjacent Lands Management Project"
"132",2483.24061399393,2350.87698513282,461.53320244732,1.77746354139352,129.938891973056,20.9755375405167,2,10.7228615811,10.268217,1.592918,262.2,0,80.95,30.9,25.2,27.5333333333333,0,2761.94917149,1,-277.613825699,0.104888693814789,0.104888693814789,-2646.74690476369,0.104888693814789,-235.243262796407,5215,"GGW: Forests and Adjacent Lands Management Project"
"133",2716.04002717699,3362.07834601874,317.406549870203,0.882586963190197,176.921202020743,12.5218234470421,35.3499984741,18.0485242204,8.748246,2.528818,263.9,0,90.4583333333333,29.6,24.7,26.975,0,2565.6712591,1,49.9034850763,0.063588091215844,0.063588091215844,784.792940346442,0.063588091215844,298.616421322568,5215,"GGW: Forests and Adjacent Lands Management Project"
"134",1612.28736213059,11384.6824127267,285.861458652933,0.50132946617066,549.361292088343,12.8075304031372,259.559997559,12.4297732812,10.686346,2.324188,288.649999963678,0,85.9483332849977,31.749999997206,25.9100000050291,28.033333333799,0,2738.18844333,1,-203.160375594,0.123024799109356,0.123024799109356,-1651.37742198963,0.123024799109356,-78.9076825669169,5215,"GGW: Forests and Adjacent Lands Management Project"
"135",3070.17167437588,3555.66525357516,241.737804196704,0.764545449077507,330.920519800351,22.6235924077758,250.369995117,23.5128850075,8.158653,1.660168,211.9,0,94.3666666666667,29.3,24.8,26.9916666666667,0,2659.06596017,1,113.378837512,0.0842682273018772,0.0842682273018772,1345.45179294966,0.0842682273018772,298.616421322568,5215,"GGW: Forests and Adjacent Lands Management Project"
"136",857.234181544108,6771.4297864473,114.824299587464,0.665207603696957,196.926461758942,50.5295363841569,128.570007324,16.880814258,7.142196,1.343498,235.314285309065,6.00000005321843,104.604761888986,29.1142857135255,25.0857142864745,27.1214285720621,0,2615.95842548,1,57.4816390337,0.0827711562778574,0.0827711562778574,694.464613261386,0.0827711562778574,298.616421322568,4709,"GGW: Integrated Disaster and Land Management (IDLM) Project"
"137",1884.47490202547,2166.41497774812,305.023598775878,0.831267251418766,107.067897870497,22.1203795515528,221.940002441,23.2831411312,8.575227,1.260168,284,0,105.875,30,25.3,27.2083333333333,0,2684.20001811,1,34.3138263643,0.128262295928507,0.128262295928507,267.528552454935,0.128262295928507,93.3505839418891,4709,"GGW: Integrated Disaster and Land Management (IDLM) Project"
"138",893.636254870962,1925.8532224302,516.835294449689,0.303862203212968,157.229982227786,90.8454170932231,81.0200042725,5.00923834416e-05,31.727188,36.742618,47.3,0,11.5,29.8,7.7,19.7916666666667,3.68278572272196,1055.09474118,1,-27.4725746027,0.00928402435838076,0.00928402435838076,-2959.12349453288,0.00928402435838076,-134.156061239317,5026,"MENA: Badia Ecosystem and Livelihoods Project (BELP)"
"139",2364.59346085061,1959.66463571965,496.403747647255,0.82772519284796,75.4748526102034,306.448456139147,0,0.0510584378143,31.394379,-8.423162,89.6766049550172,2.50481295668653,30.4001788937767,25.0453207365548,12.7453207365548,18.6496322375662,1.5105115780549,1334.79130229,1,95.7365248354,0.0197242067295329,0.0197242067295329,4853.75793045479,0.0197242067295329,189.435652272674,5292,"MENA: Morocco GEF Social and Integrated Agriculture (ASIMA)"
"140",5747.25789278369,4323.6677809601,2054.95804384432,5.96188400952884,289.069466803356,27.2146993587499,252.920013428,0.00208007566076,30.56195,-7.589831,65.8,2.05,24.0666666666667,23.5,5.95,14.4416666666667,0,1420.22947056,1,34.6840502217,0.010441583880815,0.010441583880815,3321.72308507976,0.010441583880815,-134.156061239317,5292,"MENA: Morocco GEF Social and Integrated Agriculture (ASIMA)"
"141",1737.04143314873,1668.96745440609,157.42075377294,0.824695580670366,130.43762695925,40.8537863267806,20,13.6685753213,7.783225,2.011208,224.3,0,92.9666666666667,29.4,24.8,27.0666666666667,0.218962580841219,2471.09535818,1,160.910721546,0.0779599076650712,0.0779599076650712,2064.01888310719,0.0779599076650712,298.616421322568,5215,"GGW: Forests and Adjacent Lands Management Project"
"142",1288.75473031521,3580.87384313258,528.520909277544,0.306185227917495,178.372304799683,74.3094198813618,28.5200004578,0,31.651023,36.667758,47.3,0,11.5,29.8,7.7,19.7916666666667,1.14499217095766,1097.66497086,1,-45.5592289361,0.00741762208192177,0.00741762208192177,-6142.02616862039,0.00741762208192177,-134.156061239317,5026,"MENA: Badia Ecosystem and Livelihoods Project (BELP)"
"143",2115.15598308731,2051.53982815511,553.707280558745,2.59547514697304,54.1317997998426,408.164532638365,30.030002594,22.1671095205,46.285585,6.185818,294.493134689223,30.8417766582942,107.223036052811,19.1422029119394,0.771101455969687,10.5032425236808,20.7756613077954,2563.81265856,1,-17.9206809243,0.000255077371026686,0.000255077371026686,-70255.8633569466,0.000255077371026686,-187.786905747311,5026,"MENA: Badia Ecosystem and Livelihoods Project (BELP)"
"144",2735.47704943512,1205.10212498787,22.1014984994625,0.826203443014279,8.96461208129362,1722.89235541662,4.22000026703,0.479738947165,36.724936,10.119858,77.6,7.5,31.4166666666667,27.5,11,19.6833333333333,55.4058389935918,1100.89031976,1,5.85908703426,0.0114852403558839,0.0114852403558839,510.140567607571,0.0114852403558839,189.435652272674,5423,"GGW: Building Resilience Through Innovation, Communication and Knowledge Services (BRICKS) Project"
"145",2154.27392444518,2424.6532804847,3.46987185433069,0.13956010961147,46.8610538742085,160.185461471838,43.7799987793,0.167713058118,15.969067,-16.556501,85.4922118553588,0,22.3549006422062,29.6229139086833,23.5154172182633,26.4685761590569,5.47754413473606,1407.29029561,1,96.7402569617,0.168330091503949,0.168330091503949,574.705663719256,0.168330091503949,74.6466335402556,5449,"PSG- Sustainable and Inclusive Agribusiness  Development Project "
"146",1526.61287637576,1864.0088965029,4.05293229577123,0.151103701054792,49.4352298107242,179.29149622268,34.9799995422,0.296308520484,15.968527,-16.515791,85.7914377471614,0,22.4469372183687,29.6164927522068,23.5167014495586,26.4680410626839,4.04836012847062,1565.42295917,1,42.5149181773,0.166827382675634,0.166827382675634,254.843764227618,0.166827382675634,74.6466335402556,5449,"PSG- Sustainable and Inclusive Agribusiness  Development Project "
